order_id,order_date,customer_id,customer_name,product_id,product_name,category,quantity,unit_price,discount,status,city,state,payment_method
100001,2026-08-24,102,Anil,501,Laptop,Electronics,3,60000,200,COMPLETED,Hyderabad,Telangana,CARD
100002,2026-08-03,102,Anil,509,Monitor,Electronics,5,20000,2000,COMPLETED,Hyderabad,Telangana,UPI
100003,2026-08-08,102,Anil,504,Keyboard,Electronics,5,3000,0,COMPLETED,Hyderabad,Telangana,CARD
100004,2026-08-08,109,Sneha,507,Desk,Furniture,4,15000,500,COMPLETED,Delhi,Delhi,CARD
100005,2026-08-09,107,Lakshmi,506,Headphones,Electronics,2,5000,200,RETURNED,Chennai,Tamil Nadu,NET_BANKING
100006,2026-08-13,102,Anil,502,Mouse,Electronics,1,1000,1000,COMPLETED,Hyderabad,Telangana,NET_BANKING
100007,2026-08-18,101,Ravi,508,Mobile,Electronics,1,25000,2000,COMPLETED,Hyderabad,Telangana,NET_BANKING
100008,2026-08-19,110,Vikram,506,Headphones,Electronics,2,5000,0,COMPLETED,Kolkata,West Bengal,CARD
100009,2026-08-28,105,Priya,502,Mouse,Electronics,2,1000,0,COMPLETED,Mumbai,Maharashtra,NET_BANKING
100010,2026-08-06,108,Arjun,506,Headphones,Electronics,3,5000,1000,COMPLETED,Hyderabad,Telangana,NET_BANKING
100011,2026-08-21,102,Anil,510,Bookshelf,Furniture,2,12000,200,COMPLETED,Hyderabad,Telangana,COD
100012,2026-08-30,107,Lakshmi,505,Table,Furniture,5,10000,200,CANCELLED,Chennai,Tamil Nadu,NET_BANKING
100013,2026-08-27,101,Ravi,504,Keyboard,Electronics,1,3000,1000,COMPLETED,Hyderabad,Telangana,NET_BANKING
100014,2026-08-30,102,Anil,504,Keyboard,Electronics,5,3000,1000,COMPLETED,Hyderabad,Telangana,COD
100015,2026-08-05,107,Lakshmi,508,Mobile,Electronics,3,25000,100,COMPLETED,Chennai,Tamil Nadu,NET_BANKING
100016,2026-08-29,110,Vikram,507,Desk,Furniture,5,15000,2000,COMPLETED,Kolkata,West Bengal,CARD
100017,2026-08-16,103,Sita,509,Monitor,Electronics,1,20000,0,COMPLETED,Chennai,Tamil Nadu,CARD
100018,2026-08-20,103,Sita,507,Desk,Furniture,1,15000,2000,COMPLETED,Chennai,Tamil Nadu,COD
100019,2026-08-18,109,Sneha,505,Table,Furniture,1,10000,0,CANCELLED,Delhi,Delhi,NET_BANKING
100020,2026-08-10,106,Ramesh,502,Mouse,Electronics,4,1000,100,COMPLETED,Pune,Maharashtra,UPI
100021,2026-08-25,105,Priya,509,Monitor,Electronics,2,20000,0,COMPLETED,Mumbai,Maharashtra,NET_BANKING
100022,2026-08-07,109,Sneha,510,Bookshelf,Furniture,2,12000,1000,RETURNED,Delhi,Delhi,CARD
100023,2026-08-30,109,Sneha,509,Monitor,Electronics,1,20000,1000,COMPLETED,Delhi,Delhi,UPI
100024,2026-08-29,102,Anil,506,Headphones,Electronics,3,5000,200,COMPLETED,Hyderabad,Telangana,CARD
100025,2026-08-03,110,Vikram,502,Mouse,Electronics,4,1000,0,RETURNED,Kolkata,West Bengal,CARD
100026,2026-08-31,103,Sita,508,Mobile,Electronics,5,25000,100,COMPLETED,Chennai,Tamil Nadu,COD
100027,2026-08-25,104,Kumar,509,Monitor,Electronics,2,20000,500,COMPLETED,Bangalore,Karnataka,NET_BANKING
100028,2026-08-15,108,Arjun,509,Monitor,Electronics,1,20000,200,COMPLETED,Hyderabad,Telangana,UPI
100029,2026-08-19,106,Ramesh,501,Laptop,Electronics,5,60000,200,COMPLETED,Pune,Maharashtra,CARD
100030,2026-08-23,101,Ravi,502,Mouse,Electronics,1,1000,200,COMPLETED,Hyderabad,Telangana,UPI
100031,2026-08-17,106,Ramesh,502,Mouse,Electronics,2,1000,500,CANCELLED,Pune,Maharashtra,COD
100032,2026-08-05,104,Kumar,509,Monitor,Electronics,5,20000,5000,COMPLETED,Bangalore,Karnataka,COD
100033,2026-08-04,107,Lakshmi,504,Keyboard,Electronics,1,3000,2000,COMPLETED,Chennai,Tamil Nadu,COD
100034,2026-08-28,107,Lakshmi,508,Mobile,Electronics,1,25000,0,COMPLETED,Chennai,Tamil Nadu,COD
100035,2026-08-08,106,Ramesh,502,Mouse,Electronics,2,1000,200,COMPLETED,Pune,Maharashtra,COD
100036,2026-08-06,103,Sita,507,Desk,Furniture,3,15000,5000,COMPLETED,Chennai,Tamil Nadu,UPI
100037,2026-08-04,108,Arjun,509,Monitor,Electronics,1,20000,0,COMPLETED,Hyderabad,Telangana,CARD
100038,2026-08-16,103,Sita,507,Desk,Furniture,4,15000,200,COMPLETED,Chennai,Tamil Nadu,UPI
100039,2026-08-01,103,Sita,507,Desk,Furniture,4,15000,500,COMPLETED,Chennai,Tamil Nadu,NET_BANKING
100040,2026-08-22,107,Lakshmi,509,Monitor,Electronics,4,20000,100,COMPLETED,Chennai,Tamil Nadu,NET_BANKING
100041,2026-08-19,104,Kumar,501,Laptop,Electronics,5,60000,0,RETURNED,Bangalore,Karnataka,NET_BANKING
100042,2026-08-19,101,Ravi,501,Laptop,Electronics,4,60000,100,COMPLETED,Hyderabad,Telangana,UPI
100043,2026-08-20,103,Sita,502,Mouse,Electronics,1,1000,200,COMPLETED,Chennai,Tamil Nadu,UPI
100044,2026-08-19,110,Vikram,504,Keyboard,Electronics,5,3000,0,COMPLETED,Kolkata,West Bengal,UPI
100045,2026-08-19,107,Lakshmi,510,Bookshelf,Furniture,5,12000,1000,COMPLETED,Chennai,Tamil Nadu,CARD
100046,2026-08-09,106,Ramesh,504,Keyboard,Electronics,4,3000,100,CANCELLED,Pune,Maharashtra,NET_BANKING
100047,2026-08-30,108,Arjun,506,Headphones,Electronics,1,5000,0,COMPLETED,Hyderabad,Telangana,UPI
100048,2026-08-07,102,Anil,509,Monitor,Electronics,5,20000,500,COMPLETED,Hyderabad,Telangana,NET_BANKING
100049,2026-08-12,102,Anil,504,Keyboard,Electronics,3,3000,100,COMPLETED,Hyderabad,Telangana,NET_BANKING
100050,2026-08-01,110,Vikram,509,Monitor,Electronics,5,20000,500,COMPLETED,Kolkata,West Bengal,UPI
100051,2026-08-04,103,Sita,505,Table,Furniture,1,10000,100,COMPLETED,Chennai,Tamil Nadu,NET_BANKING
100052,2026-08-23,110,Vikram,504,Keyboard,Electronics,3,3000,200,CANCELLED,Kolkata,West Bengal,NET_BANKING
100053,2026-08-09,109,Sneha,508,Mobile,Electronics,1,25000,0,COMPLETED,Delhi,Delhi,COD
100054,2026-08-01,105,Priya,501,Laptop,Electronics,3,60000,100,COMPLETED,Mumbai,Maharashtra,NET_BANKING
100055,2026-08-18,103,Sita,508,Mobile,Electronics,4,25000,0,COMPLETED,Chennai,Tamil Nadu,UPI
100056,2026-08-02,103,Sita,509,Monitor,Electronics,3,20000,100,COMPLETED,Chennai,Tamil Nadu,CARD
100057,2026-08-12,101,Ravi,505,Table,Furniture,1,10000,1000,COMPLETED,Hyderabad,Telangana,CARD
100058,2026-08-25,102,Anil,506,Headphones,Electronics,5,5000,2000,COMPLETED,Hyderabad,Telangana,CARD
100059,2026-08-26,104,Kumar,503,Chair,Furniture,2,8000,2000,COMPLETED,Bangalore,Karnataka,CARD
100060,2026-08-26,106,Ramesh,507,Desk,Furniture,2,15000,500,COMPLETED,Pune,Maharashtra,UPI
100061,2026-08-28,107,Lakshmi,501,Laptop,Electronics,4,60000,200,COMPLETED,Chennai,Tamil Nadu,COD
100062,2026-08-27,106,Ramesh,505,Table,Furniture,2,10000,200,COMPLETED,Pune,Maharashtra,CARD
100063,2026-08-09,107,Lakshmi,506,Headphones,Electronics,1,5000,500,COMPLETED,Chennai,Tamil Nadu,COD
100064,2026-08-31,109,Sneha,506,Headphones,Electronics,1,5000,0,COMPLETED,Delhi,Delhi,CARD
100065,2026-08-02,110,Vikram,505,Table,Furniture,1,10000,2000,COMPLETED,Kolkata,West Bengal,NET_BANKING
100066,2026-08-17,107,Lakshmi,510,Bookshelf,Furniture,1,12000,2000,COMPLETED,Chennai,Tamil Nadu,CARD
100067,2026-08-23,105,Priya,501,Laptop,Electronics,4,60000,0,COMPLETED,Mumbai,Maharashtra,CARD
100068,2026-08-03,106,Ramesh,507,Desk,Furniture,3,15000,1000,COMPLETED,Pune,Maharashtra,UPI
100069,2026-08-10,105,Priya,509,Monitor,Electronics,4,20000,1000,COMPLETED,Mumbai,Maharashtra,NET_BANKING
100070,2026-08-07,109,Sneha,503,Chair,Furniture,4,8000,2000,CANCELLED,Delhi,Delhi,CARD
100071,2026-08-10,110,Vikram,510,Bookshelf,Furniture,4,12000,0,COMPLETED,Kolkata,West Bengal,NET_BANKING
100072,2026-08-26,104,Kumar,507,Desk,Furniture,5,15000,1000,COMPLETED,Bangalore,Karnataka,COD
100073,2026-08-17,108,Arjun,504,Keyboard,Electronics,4,3000,100,COMPLETED,Hyderabad,Telangana,UPI
100074,2026-08-22,105,Priya,509,Monitor,Electronics,5,20000,1000,COMPLETED,Mumbai,Maharashtra,CARD
100075,2026-08-26,105,Priya,504,Keyboard,Electronics,2,3000,100,COMPLETED,Mumbai,Maharashtra,UPI
100076,2026-08-20,104,Kumar,508,Mobile,Electronics,1,25000,5000,COMPLETED,Bangalore,Karnataka,CARD
100077,2026-08-13,107,Lakshmi,508,Mobile,Electronics,2,25000,100,COMPLETED,Chennai,Tamil Nadu,UPI
100078,2026-08-08,102,Anil,507,Desk,Furniture,2,15000,5000,COMPLETED,Hyderabad,Telangana,CARD
100079,2026-08-05,102,Anil,508,Mobile,Electronics,4,25000,1000,RETURNED,Hyderabad,Telangana,COD
100080,2026-08-14,110,Vikram,509,Monitor,Electronics,5,20000,5000,COMPLETED,Kolkata,West Bengal,COD
100081,2026-08-25,108,Arjun,505,Table,Furniture,2,10000,500,RETURNED,Hyderabad,Telangana,COD
100082,2026-08-15,104,Kumar,505,Table,Furniture,1,10000,500,COMPLETED,Bangalore,Karnataka,NET_BANKING
100083,2026-08-29,106,Ramesh,506,Headphones,Electronics,5,5000,0,COMPLETED,Pune,Maharashtra,CARD
100084,2026-08-23,104,Kumar,507,Desk,Furniture,2,15000,200,COMPLETED,Bangalore,Karnataka,COD
100085,2026-08-18,107,Lakshmi,506,Headphones,Electronics,4,5000,2000,COMPLETED,Chennai,Tamil Nadu,CARD
100086,2026-08-29,107,Lakshmi,507,Desk,Furniture,5,15000,0,RETURNED,Chennai,Tamil Nadu,COD
100087,2026-08-31,108,Arjun,501,Laptop,Electronics,3,60000,500,RETURNED,Hyderabad,Telangana,COD
100088,2026-08-24,107,Lakshmi,509,Monitor,Electronics,5,20000,200,COMPLETED,Chennai,Tamil Nadu,CARD
100089,2026-08-16,105,Priya,507,Desk,Furniture,1,15000,2000,COMPLETED,Mumbai,Maharashtra,COD
100090,2026-08-30,103,Sita,508,Mobile,Electronics,2,25000,0,COMPLETED,Chennai,Tamil Nadu,UPI
100091,2026-08-05,102,Anil,507,Desk,Furniture,4,15000,100,COMPLETED,Hyderabad,Telangana,NET_BANKING
100092,2026-08-07,107,Lakshmi,506,Headphones,Electronics,4,5000,1000,COMPLETED,Chennai,Tamil Nadu,COD
100093,2026-08-09,105,Priya,507,Desk,Furniture,1,15000,5000,COMPLETED,Mumbai,Maharashtra,UPI
100094,2026-08-21,106,Ramesh,504,Keyboard,Electronics,1,3000,0,RETURNED,Pune,Maharashtra,UPI
100095,2026-08-27,104,Kumar,504,Keyboard,Electronics,1,3000,100,COMPLETED,Bangalore,Karnataka,CARD
100096,2026-08-19,108,Arjun,502,Mouse,Electronics,2,1000,5000,CANCELLED,Hyderabad,Telangana,NET_BANKING
100097,2026-08-20,106,Ramesh,503,Chair,Furniture,5,8000,0,RETURNED,Pune,Maharashtra,CARD
100098,2026-08-19,105,Priya,502,Mouse,Electronics,1,1000,500,COMPLETED,Mumbai,Maharashtra,COD
100099,2026-08-03,107,Lakshmi,504,Keyboard,Electronics,5,3000,200,COMPLETED,Chennai,Tamil Nadu,NET_BANKING
100100,2026-08-26,110,Vikram,502,Mouse,Electronics,5,1000,0,COMPLETED,Kolkata,West Bengal,COD
100101,2026-08-17,106,Ramesh,502,Mouse,Electronics,3,1000,0,COMPLETED,Pune,Maharashtra,COD
100102,2026-08-31,102,Anil,507,Desk,Furniture,3,15000,5000,CANCELLED,Hyderabad,Telangana,CARD
100103,2026-08-24,107,Lakshmi,503,Chair,Furniture,5,8000,500,COMPLETED,Chennai,Tamil Nadu,COD
100104,2026-08-27,108,Arjun,507,Desk,Furniture,5,15000,500,COMPLETED,Hyderabad,Telangana,CARD
100105,2026-08-29,102,Anil,505,Table,Furniture,4,10000,200,RETURNED,Hyderabad,Telangana,COD
100106,2026-08-22,110,Vikram,510,Bookshelf,Furniture,4,12000,1000,COMPLETED,Kolkata,West Bengal,COD
100107,2026-08-16,106,Ramesh,503,Chair,Furniture,2,8000,1000,COMPLETED,Pune,Maharashtra,NET_BANKING
100108,2026-08-23,105,Priya,510,Bookshelf,Furniture,3,12000,0,COMPLETED,Mumbai,Maharashtra,CARD
100109,2026-08-24,102,Anil,504,Keyboard,Electronics,4,3000,5000,COMPLETED,Hyderabad,Telangana,CARD
100110,2026-08-15,108,Arjun,508,Mobile,Electronics,1,25000,0,COMPLETED,Hyderabad,Telangana,CARD
100111,2026-08-10,107,Lakshmi,504,Keyboard,Electronics,5,3000,1000,COMPLETED,Chennai,Tamil Nadu,NET_BANKING
100112,2026-08-11,107,Lakshmi,509,Monitor,Electronics,3,20000,5000,COMPLETED,Chennai,Tamil Nadu,NET_BANKING
100113,2026-08-04,105,Priya,504,Keyboard,Electronics,2,3000,1000,COMPLETED,Mumbai,Maharashtra,CARD
100114,2026-08-24,104,Kumar,504,Keyboard,Electronics,4,3000,500,CANCELLED,Bangalore,Karnataka,NET_BANKING
100115,2026-08-10,102,Anil,504,Keyboard,Electronics,2,3000,1000,COMPLETED,Hyderabad,Telangana,NET_BANKING
100116,2026-08-05,101,Ravi,509,Monitor,Electronics,3,20000,0,COMPLETED,Hyderabad,Telangana,NET_BANKING
100117,2026-08-04,103,Sita,508,Mobile,Electronics,1,25000,500,COMPLETED,Chennai,Tamil Nadu,COD
100118,2026-08-06,108,Arjun,506,Headphones,Electronics,1,5000,500,COMPLETED,Hyderabad,Telangana,UPI
100119,2026-08-16,102,Anil,507,Desk,Furniture,1,15000,0,COMPLETED,Hyderabad,Telangana,CARD
100120,2026-08-03,110,Vikram,505,Table,Furniture,2,10000,0,COMPLETED,Kolkata,West Bengal,COD
100121,2026-08-26,110,Vikram,510,Bookshelf,Furniture,5,12000,200,RETURNED,Kolkata,West Bengal,COD
100122,2026-08-10,108,Arjun,508,Mobile,Electronics,5,25000,2000,COMPLETED,Hyderabad,Telangana,UPI
100123,2026-08-31,110,Vikram,502,Mouse,Electronics,2,1000,200,COMPLETED,Kolkata,West Bengal,UPI
100124,2026-08-06,103,Sita,504,Keyboard,Electronics,5,3000,0,COMPLETED,Chennai,Tamil Nadu,UPI
100125,2026-08-23,107,Lakshmi,508,Mobile,Electronics,5,25000,5000,COMPLETED,Chennai,Tamil Nadu,UPI
100126,2026-08-23,104,Kumar,505,Table,Furniture,3,10000,5000,COMPLETED,Bangalore,Karnataka,CARD
100127,2026-08-22,105,Priya,510,Bookshelf,Furniture,2,12000,2000,COMPLETED,Mumbai,Maharashtra,CARD
100128,2026-08-27,103,Sita,505,Table,Furniture,2,10000,0,COMPLETED,Chennai,Tamil Nadu,CARD
100129,2026-08-24,105,Priya,510,Bookshelf,Furniture,5,12000,500,COMPLETED,Mumbai,Maharashtra,UPI
100130,2026-08-23,108,Arjun,505,Table,Furniture,4,10000,500,COMPLETED,Hyderabad,Telangana,COD
100131,2026-08-20,108,Arjun,502,Mouse,Electronics,1,1000,2000,CANCELLED,Hyderabad,Telangana,NET_BANKING
100132,2026-08-01,110,Vikram,505,Table,Furniture,1,10000,200,CANCELLED,Kolkata,West Bengal,UPI
100133,2026-08-02,105,Priya,510,Bookshelf,Furniture,2,12000,5000,COMPLETED,Mumbai,Maharashtra,COD
100134,2026-08-19,105,Priya,503,Chair,Furniture,4,8000,5000,COMPLETED,Mumbai,Maharashtra,COD
100135,2026-08-11,106,Ramesh,507,Desk,Furniture,3,15000,0,COMPLETED,Pune,Maharashtra,NET_BANKING
100136,2026-08-10,107,Lakshmi,508,Mobile,Electronics,4,25000,0,COMPLETED,Chennai,Tamil Nadu,UPI
100137,2026-08-11,106,Ramesh,505,Table,Furniture,1,10000,2000,COMPLETED,Pune,Maharashtra,UPI
100138,2026-08-14,109,Sneha,508,Mobile,Electronics,1,25000,200,COMPLETED,Delhi,Delhi,NET_BANKING
100139,2026-08-21,110,Vikram,508,Mobile,Electronics,4,25000,0,COMPLETED,Kolkata,West Bengal,NET_BANKING
100140,2026-08-30,109,Sneha,503,Chair,Furniture,3,8000,5000,CANCELLED,Delhi,Delhi,COD
100141,2026-08-21,102,Anil,501,Laptop,Electronics,5,60000,200,CANCELLED,Hyderabad,Telangana,CARD
100142,2026-08-01,105,Priya,509,Monitor,Electronics,5,20000,2000,COMPLETED,Mumbai,Maharashtra,CARD
100143,2026-08-31,102,Anil,508,Mobile,Electronics,1,25000,100,COMPLETED,Hyderabad,Telangana,NET_BANKING
100144,2026-08-14,109,Sneha,505,Table,Furniture,4,10000,5000,COMPLETED,Delhi,Delhi,COD
100145,2026-08-13,109,Sneha,503,Chair,Furniture,2,8000,100,COMPLETED,Delhi,Delhi,NET_BANKING
100146,2026-08-30,107,Lakshmi,506,Headphones,Electronics,5,5000,500,COMPLETED,Chennai,Tamil Nadu,NET_BANKING
100147,2026-08-19,105,Priya,510,Bookshelf,Furniture,4,12000,100,COMPLETED,Mumbai,Maharashtra,COD
100148,2026-08-18,106,Ramesh,506,Headphones,Electronics,5,5000,2000,COMPLETED,Pune,Maharashtra,NET_BANKING
100149,2026-08-19,104,Kumar,504,Keyboard,Electronics,4,3000,200,RETURNED,Bangalore,Karnataka,COD
100150,2026-08-24,101,Ravi,506,Headphones,Electronics,4,5000,2000,COMPLETED,Hyderabad,Telangana,CARD
100151,2026-08-05,108,Arjun,501,Laptop,Electronics,5,60000,1000,COMPLETED,Hyderabad,Telangana,COD
100152,2026-08-30,102,Anil,509,Monitor,Electronics,4,20000,0,CANCELLED,Hyderabad,Telangana,CARD
100153,2026-08-03,107,Lakshmi,503,Chair,Furniture,4,8000,500,COMPLETED,Chennai,Tamil Nadu,COD
100154,2026-08-28,102,Anil,506,Headphones,Electronics,5,5000,2000,COMPLETED,Hyderabad,Telangana,COD
100155,2026-08-20,109,Sneha,501,Laptop,Electronics,1,60000,200,COMPLETED,Delhi,Delhi,NET_BANKING
100156,2026-08-14,104,Kumar,502,Mouse,Electronics,1,1000,0,COMPLETED,Bangalore,Karnataka,CARD
100157,2026-08-02,105,Priya,501,Laptop,Electronics,3,60000,0,COMPLETED,Mumbai,Maharashtra,NET_BANKING
100158,2026-08-05,106,Ramesh,507,Desk,Furniture,2,15000,2000,COMPLETED,Pune,Maharashtra,CARD
100159,2026-08-03,103,Sita,503,Chair,Furniture,5,8000,2000,COMPLETED,Chennai,Tamil Nadu,CARD
100160,2026-08-05,108,Arjun,510,Bookshelf,Furniture,2,12000,5000,COMPLETED,Hyderabad,Telangana,NET_BANKING
100161,2026-08-22,108,Arjun,505,Table,Furniture,1,10000,5000,COMPLETED,Hyderabad,Telangana,CARD
100162,2026-08-31,102,Anil,508,Mobile,Electronics,3,25000,500,COMPLETED,Hyderabad,Telangana,COD
100163,2026-08-28,105,Priya,508,Mobile,Electronics,3,25000,200,COMPLETED,Mumbai,Maharashtra,COD
100164,2026-08-13,102,Anil,504,Keyboard,Electronics,5,3000,1000,COMPLETED,Hyderabad,Telangana,NET_BANKING
100165,2026-08-27,105,Priya,501,Laptop,Electronics,4,60000,500,COMPLETED,Mumbai,Maharashtra,UPI
100166,2026-08-27,110,Vikram,508,Mobile,Electronics,3,25000,200,COMPLETED,Kolkata,West Bengal,NET_BANKING
100167,2026-08-20,104,Kumar,504,Keyboard,Electronics,3,3000,100,COMPLETED,Bangalore,Karnataka,UPI
100168,2026-08-26,101,Ravi,505,Table,Furniture,4,10000,0,COMPLETED,Hyderabad,Telangana,NET_BANKING
100169,2026-08-30,103,Sita,502,Mouse,Electronics,3,1000,1000,RETURNED,Chennai,Tamil Nadu,COD
100170,2026-08-05,103,Sita,504,Keyboard,Electronics,5,3000,1000,COMPLETED,Chennai,Tamil Nadu,NET_BANKING
100171,2026-08-30,103,Sita,505,Table,Furniture,4,10000,500,RETURNED,Chennai,Tamil Nadu,NET_BANKING
100172,2026-08-31,102,Anil,508,Mobile,Electronics,1,25000,100,RETURNED,Hyderabad,Telangana,CARD
100173,2026-08-12,107,Lakshmi,509,Monitor,Electronics,1,20000,2000,COMPLETED,Chennai,Tamil Nadu,NET_BANKING
100174,2026-08-15,109,Sneha,502,Mouse,Electronics,3,1000,500,COMPLETED,Delhi,Delhi,COD
100175,2026-08-22,106,Ramesh,502,Mouse,Electronics,2,1000,5000,COMPLETED,Pune,Maharashtra,NET_BANKING
100176,2026-08-21,110,Vikram,504,Keyboard,Electronics,1,3000,5000,CANCELLED,Kolkata,West Bengal,NET_BANKING
100177,2026-08-05,107,Lakshmi,502,Mouse,Electronics,1,1000,0,COMPLETED,Chennai,Tamil Nadu,COD
100178,2026-08-08,102,Anil,502,Mouse,Electronics,5,1000,100,COMPLETED,Hyderabad,Telangana,COD
100179,2026-08-14,106,Ramesh,509,Monitor,Electronics,5,20000,100,COMPLETED,Pune,Maharashtra,UPI
100180,2026-08-14,108,Arjun,510,Bookshelf,Furniture,3,12000,0,CANCELLED,Hyderabad,Telangana,NET_BANKING
100181,2026-08-15,104,Kumar,508,Mobile,Electronics,2,25000,1000,COMPLETED,Bangalore,Karnataka,NET_BANKING
100182,2026-08-02,109,Sneha,506,Headphones,Electronics,4,5000,500,COMPLETED,Delhi,Delhi,UPI
100183,2026-08-22,108,Arjun,502,Mouse,Electronics,2,1000,0,COMPLETED,Hyderabad,Telangana,NET_BANKING
100184,2026-08-26,104,Kumar,503,Chair,Furniture,5,8000,200,COMPLETED,Bangalore,Karnataka,CARD
100185,2026-08-27,110,Vikram,504,Keyboard,Electronics,2,3000,1000,RETURNED,Kolkata,West Bengal,CARD
100186,2026-08-09,110,Vikram,501,Laptop,Electronics,2,60000,100,COMPLETED,Kolkata,West Bengal,NET_BANKING
100187,2026-08-22,103,Sita,502,Mouse,Electronics,1,1000,100,COMPLETED,Chennai,Tamil Nadu,NET_BANKING
100188,2026-08-11,104,Kumar,510,Bookshelf,Furniture,1,12000,100,COMPLETED,Bangalore,Karnataka,UPI
100189,2026-08-17,103,Sita,507,Desk,Furniture,1,15000,0,COMPLETED,Chennai,Tamil Nadu,COD
100190,2026-08-19,106,Ramesh,509,Monitor,Electronics,1,20000,5000,COMPLETED,Pune,Maharashtra,CARD
100191,2026-08-24,110,Vikram,501,Laptop,Electronics,5,60000,500,COMPLETED,Kolkata,West Bengal,UPI
100192,2026-08-28,101,Ravi,508,Mobile,Electronics,4,25000,2000,CANCELLED,Hyderabad,Telangana,UPI
100193,2026-08-03,108,Arjun,508,Mobile,Electronics,1,25000,1000,COMPLETED,Hyderabad,Telangana,CARD
100194,2026-08-09,102,Anil,503,Chair,Furniture,5,8000,1000,COMPLETED,Hyderabad,Telangana,NET_BANKING
100195,2026-08-20,108,Arjun,509,Monitor,Electronics,4,20000,0,CANCELLED,Hyderabad,Telangana,UPI
100196,2026-08-14,109,Sneha,504,Keyboard,Electronics,4,3000,200,COMPLETED,Delhi,Delhi,NET_BANKING
100197,2026-08-14,108,Arjun,507,Desk,Furniture,1,15000,1000,COMPLETED,Hyderabad,Telangana,NET_BANKING
100198,2026-08-31,105,Priya,506,Headphones,Electronics,2,5000,5000,COMPLETED,Mumbai,Maharashtra,UPI
100199,2026-08-14,102,Anil,502,Mouse,Electronics,1,1000,1000,COMPLETED,Hyderabad,Telangana,UPI
100200,2026-08-18,110,Vikram,509,Monitor,Electronics,3,20000,0,COMPLETED,Kolkata,West Bengal,NET_BANKING
100201,2026-08-31,107,Lakshmi,501,Laptop,Electronics,3,60000,500,COMPLETED,Chennai,Tamil Nadu,UPI
100202,2026-08-07,110,Vikram,509,Monitor,Electronics,2,20000,5000,COMPLETED,Kolkata,West Bengal,UPI
100203,2026-08-12,106,Ramesh,509,Monitor,Electronics,1,20000,500,COMPLETED,Pune,Maharashtra,CARD
100204,2026-08-25,107,Lakshmi,509,Monitor,Electronics,5,20000,0,COMPLETED,Chennai,Tamil Nadu,NET_BANKING
100205,2026-08-09,101,Ravi,503,Chair,Furniture,3,8000,1000,COMPLETED,Hyderabad,Telangana,UPI
100206,2026-08-19,103,Sita,503,Chair,Furniture,4,8000,0,COMPLETED,Chennai,Tamil Nadu,UPI
100207,2026-08-07,102,Anil,509,Monitor,Electronics,4,20000,2000,COMPLETED,Hyderabad,Telangana,NET_BANKING
100208,2026-08-10,103,Sita,506,Headphones,Electronics,3,5000,0,COMPLETED,Chennai,Tamil Nadu,CARD
100209,2026-08-02,103,Sita,510,Bookshelf,Furniture,1,12000,500,COMPLETED,Chennai,Tamil Nadu,COD
100210,2026-08-15,108,Arjun,510,Bookshelf,Furniture,4,12000,500,COMPLETED,Hyderabad,Telangana,UPI
100211,2026-08-04,106,Ramesh,507,Desk,Furniture,3,15000,5000,COMPLETED,Pune,Maharashtra,NET_BANKING
100212,2026-08-13,101,Ravi,504,Keyboard,Electronics,5,3000,0,COMPLETED,Hyderabad,Telangana,CARD
100213,2026-08-25,105,Priya,504,Keyboard,Electronics,2,3000,500,COMPLETED,Mumbai,Maharashtra,NET_BANKING
100214,2026-08-16,102,Anil,501,Laptop,Electronics,4,60000,100,COMPLETED,Hyderabad,Telangana,COD
100215,2026-08-17,109,Sneha,504,Keyboard,Electronics,5,3000,1000,COMPLETED,Delhi,Delhi,COD
100216,2026-08-01,101,Ravi,507,Desk,Furniture,4,15000,0,COMPLETED,Hyderabad,Telangana,COD
100217,2026-08-23,110,Vikram,507,Desk,Furniture,4,15000,500,COMPLETED,Kolkata,West Bengal,COD
100218,2026-08-06,101,Ravi,506,Headphones,Electronics,5,5000,5000,CANCELLED,Hyderabad,Telangana,NET_BANKING
100219,2026-08-28,102,Anil,507,Desk,Furniture,1,15000,200,COMPLETED,Hyderabad,Telangana,COD
100220,2026-08-13,109,Sneha,502,Mouse,Electronics,3,1000,1000,COMPLETED,Delhi,Delhi,NET_BANKING
100221,2026-08-17,103,Sita,502,Mouse,Electronics,1,1000,200,RETURNED,Chennai,Tamil Nadu,NET_BANKING
100222,2026-08-08,106,Ramesh,503,Chair,Furniture,1,8000,100,COMPLETED,Pune,Maharashtra,CARD
100223,2026-08-05,103,Sita,510,Bookshelf,Furniture,1,12000,100,RETURNED,Chennai,Tamil Nadu,COD
100224,2026-08-25,108,Arjun,510,Bookshelf,Furniture,5,12000,5000,CANCELLED,Hyderabad,Telangana,NET_BANKING
100225,2026-08-15,106,Ramesh,503,Chair,Furniture,1,8000,5000,COMPLETED,Pune,Maharashtra,NET_BANKING
100226,2026-08-02,105,Priya,510,Bookshelf,Furniture,3,12000,0,COMPLETED,Mumbai,Maharashtra,COD
100227,2026-08-02,108,Arjun,501,Laptop,Electronics,3,60000,500,COMPLETED,Hyderabad,Telangana,UPI
100228,2026-08-17,110,Vikram,510,Bookshelf,Furniture,4,12000,5000,COMPLETED,Kolkata,West Bengal,UPI
100229,2026-08-21,108,Arjun,510,Bookshelf,Furniture,2,12000,1000,COMPLETED,Hyderabad,Telangana,COD
100230,2026-08-31,109,Sneha,503,Chair,Furniture,1,8000,5000,COMPLETED,Delhi,Delhi,NET_BANKING
100231,2026-08-21,102,Anil,509,Monitor,Electronics,2,20000,0,COMPLETED,Hyderabad,Telangana,COD
100232,2026-08-17,108,Arjun,509,Monitor,Electronics,5,20000,100,COMPLETED,Hyderabad,Telangana,NET_BANKING
100233,2026-08-14,105,Priya,507,Desk,Furniture,3,15000,0,COMPLETED,Mumbai,Maharashtra,NET_BANKING
100234,2026-08-04,102,Anil,506,Headphones,Electronics,5,5000,2000,COMPLETED,Hyderabad,Telangana,NET_BANKING
100235,2026-08-11,110,Vikram,503,Chair,Furniture,1,8000,100,COMPLETED,Kolkata,West Bengal,NET_BANKING
100236,2026-08-20,107,Lakshmi,503,Chair,Furniture,1,8000,500,COMPLETED,Chennai,Tamil Nadu,COD
100237,2026-08-22,106,Ramesh,503,Chair,Furniture,5,8000,0,COMPLETED,Pune,Maharashtra,COD
100238,2026-08-01,109,Sneha,506,Headphones,Electronics,3,5000,500,COMPLETED,Delhi,Delhi,CARD
100239,2026-08-07,106,Ramesh,508,Mobile,Electronics,2,25000,100,COMPLETED,Pune,Maharashtra,UPI
100240,2026-08-17,105,Priya,502,Mouse,Electronics,5,1000,0,COMPLETED,Mumbai,Maharashtra,NET_BANKING
100241,2026-08-20,110,Vikram,503,Chair,Furniture,4,8000,100,COMPLETED,Kolkata,West Bengal,CARD
100242,2026-08-24,110,Vikram,503,Chair,Furniture,4,8000,0,COMPLETED,Kolkata,West Bengal,NET_BANKING
100243,2026-08-20,104,Kumar,508,Mobile,Electronics,3,25000,5000,COMPLETED,Bangalore,Karnataka,CARD
100244,2026-08-29,105,Priya,508,Mobile,Electronics,2,25000,1000,CANCELLED,Mumbai,Maharashtra,COD
100245,2026-08-25,108,Arjun,505,Table,Furniture,4,10000,2000,COMPLETED,Hyderabad,Telangana,CARD
100246,2026-08-28,110,Vikram,503,Chair,Furniture,3,8000,0,COMPLETED,Kolkata,West Bengal,COD
100247,2026-08-30,106,Ramesh,509,Monitor,Electronics,1,20000,0,COMPLETED,Pune,Maharashtra,UPI
100248,2026-08-15,103,Sita,505,Table,Furniture,5,10000,100,COMPLETED,Chennai,Tamil Nadu,UPI
100249,2026-08-29,104,Kumar,508,Mobile,Electronics,3,25000,0,COMPLETED,Bangalore,Karnataka,UPI
100250,2026-08-12,107,Lakshmi,509,Monitor,Electronics,2,20000,2000,COMPLETED,Chennai,Tamil Nadu,NET_BANKING
100251,2026-08-11,104,Kumar,501,Laptop,Electronics,1,60000,1000,COMPLETED,Bangalore,Karnataka,CARD
100252,2026-08-30,101,Ravi,505,Table,Furniture,4,10000,100,RETURNED,Hyderabad,Telangana,COD
100253,2026-08-01,108,Arjun,510,Bookshelf,Furniture,1,12000,0,COMPLETED,Hyderabad,Telangana,CARD
100254,2026-08-31,103,Sita,509,Monitor,Electronics,5,20000,2000,COMPLETED,Chennai,Tamil Nadu,NET_BANKING
100255,2026-08-04,104,Kumar,505,Table,Furniture,1,10000,200,COMPLETED,Bangalore,Karnataka,COD
100256,2026-08-27,102,Anil,502,Mouse,Electronics,4,1000,0,COMPLETED,Hyderabad,Telangana,CARD
100257,2026-08-14,103,Sita,505,Table,Furniture,1,10000,1000,COMPLETED,Chennai,Tamil Nadu,COD
100258,2026-08-17,103,Sita,502,Mouse,Electronics,3,1000,0,COMPLETED,Chennai,Tamil Nadu,UPI
100259,2026-08-02,107,Lakshmi,508,Mobile,Electronics,4,25000,1000,COMPLETED,Chennai,Tamil Nadu,UPI
100260,2026-08-12,106,Ramesh,502,Mouse,Electronics,2,1000,0,RETURNED,Pune,Maharashtra,NET_BANKING
100261,2026-08-12,103,Sita,501,Laptop,Electronics,5,60000,1000,COMPLETED,Chennai,Tamil Nadu,CARD
100262,2026-08-21,108,Arjun,508,Mobile,Electronics,2,25000,100,COMPLETED,Hyderabad,Telangana,COD
100263,2026-08-07,101,Ravi,505,Table,Furniture,1,10000,200,COMPLETED,Hyderabad,Telangana,NET_BANKING
100264,2026-08-13,105,Priya,509,Monitor,Electronics,5,20000,5000,COMPLETED,Mumbai,Maharashtra,UPI
100265,2026-08-12,104,Kumar,505,Table,Furniture,1,10000,1000,COMPLETED,Bangalore,Karnataka,UPI
100266,2026-08-29,106,Ramesh,507,Desk,Furniture,4,15000,5000,COMPLETED,Pune,Maharashtra,NET_BANKING
100267,2026-08-23,103,Sita,508,Mobile,Electronics,4,25000,1000,COMPLETED,Chennai,Tamil Nadu,NET_BANKING
100268,2026-08-03,102,Anil,507,Desk,Furniture,4,15000,100,COMPLETED,Hyderabad,Telangana,NET_BANKING
100269,2026-08-03,106,Ramesh,502,Mouse,Electronics,3,1000,500,COMPLETED,Pune,Maharashtra,COD
100270,2026-08-06,110,Vikram,507,Desk,Furniture,4,15000,1000,COMPLETED,Kolkata,West Bengal,UPI
100271,2026-08-14,106,Ramesh,510,Bookshelf,Furniture,3,12000,0,COMPLETED,Pune,Maharashtra,COD
100272,2026-08-26,106,Ramesh,509,Monitor,Electronics,2,20000,0,COMPLETED,Pune,Maharashtra,COD
100273,2026-08-03,101,Ravi,503,Chair,Furniture,2,8000,1000,COMPLETED,Hyderabad,Telangana,COD
100274,2026-08-20,110,Vikram,501,Laptop,Electronics,2,60000,5000,COMPLETED,Kolkata,West Bengal,NET_BANKING
100275,2026-08-19,108,Arjun,502,Mouse,Electronics,2,1000,1000,COMPLETED,Hyderabad,Telangana,NET_BANKING
100276,2026-08-31,105,Priya,504,Keyboard,Electronics,1,3000,0,CANCELLED,Mumbai,Maharashtra,CARD
100277,2026-08-13,108,Arjun,509,Monitor,Electronics,5,20000,0,COMPLETED,Hyderabad,Telangana,NET_BANKING
100278,2026-08-20,108,Arjun,504,Keyboard,Electronics,3,3000,5000,COMPLETED,Hyderabad,Telangana,UPI
100279,2026-08-15,103,Sita,502,Mouse,Electronics,2,1000,5000,COMPLETED,Chennai,Tamil Nadu,NET_BANKING
100280,2026-08-18,106,Ramesh,502,Mouse,Electronics,5,1000,500,COMPLETED,Pune,Maharashtra,CARD
100281,2026-08-17,103,Sita,506,Headphones,Electronics,2,5000,0,COMPLETED,Chennai,Tamil Nadu,CARD
100282,2026-08-01,104,Kumar,508,Mobile,Electronics,3,25000,1000,COMPLETED,Bangalore,Karnataka,CARD
100283,2026-08-03,110,Vikram,502,Mouse,Electronics,3,1000,2000,CANCELLED,Kolkata,West Bengal,COD
100284,2026-08-25,109,Sneha,507,Desk,Furniture,4,15000,0,COMPLETED,Delhi,Delhi,NET_BANKING
100285,2026-08-15,102,Anil,508,Mobile,Electronics,5,25000,1000,COMPLETED,Hyderabad,Telangana,CARD
100286,2026-08-17,103,Sita,507,Desk,Furniture,1,15000,0,COMPLETED,Chennai,Tamil Nadu,CARD
100287,2026-08-06,105,Priya,503,Chair,Furniture,3,8000,200,COMPLETED,Mumbai,Maharashtra,NET_BANKING
100288,2026-08-07,102,Anil,505,Table,Furniture,5,10000,500,COMPLETED,Hyderabad,Telangana,NET_BANKING
100289,2026-08-03,110,Vikram,509,Monitor,Electronics,5,20000,100,COMPLETED,Kolkata,West Bengal,CARD
100290,2026-08-24,103,Sita,510,Bookshelf,Furniture,5,12000,1000,COMPLETED,Chennai,Tamil Nadu,UPI
100291,2026-08-02,101,Ravi,502,Mouse,Electronics,5,1000,500,COMPLETED,Hyderabad,Telangana,CARD
100292,2026-08-20,110,Vikram,507,Desk,Furniture,1,15000,5000,COMPLETED,Kolkata,West Bengal,NET_BANKING
100293,2026-08-08,105,Priya,508,Mobile,Electronics,4,25000,500,COMPLETED,Mumbai,Maharashtra,UPI
100294,2026-08-15,101,Ravi,503,Chair,Furniture,4,8000,5000,COMPLETED,Hyderabad,Telangana,CARD
100295,2026-08-05,106,Ramesh,510,Bookshelf,Furniture,3,12000,1000,CANCELLED,Pune,Maharashtra,NET_BANKING
100296,2026-08-25,107,Lakshmi,503,Chair,Furniture,3,8000,0,COMPLETED,Chennai,Tamil Nadu,CARD
100297,2026-08-09,108,Arjun,502,Mouse,Electronics,4,1000,200,COMPLETED,Hyderabad,Telangana,UPI
100298,2026-08-31,101,Ravi,505,Table,Furniture,4,10000,2000,COMPLETED,Hyderabad,Telangana,CARD
100299,2026-08-24,106,Ramesh,510,Bookshelf,Furniture,3,12000,200,RETURNED,Pune,Maharashtra,CARD
100300,2026-08-15,108,Arjun,509,Monitor,Electronics,4,20000,500,COMPLETED,Hyderabad,Telangana,UPI
100301,2026-08-17,102,Anil,507,Desk,Furniture,4,15000,200,COMPLETED,Hyderabad,Telangana,NET_BANKING
100302,2026-08-10,101,Ravi,501,Laptop,Electronics,4,60000,5000,COMPLETED,Hyderabad,Telangana,UPI
100303,2026-08-05,102,Anil,507,Desk,Furniture,3,15000,1000,RETURNED,Hyderabad,Telangana,COD
100304,2026-08-13,106,Ramesh,501,Laptop,Electronics,1,60000,200,COMPLETED,Pune,Maharashtra,NET_BANKING
100305,2026-08-17,102,Anil,507,Desk,Furniture,4,15000,500,COMPLETED,Hyderabad,Telangana,UPI
100306,2026-08-13,103,Sita,502,Mouse,Electronics,3,1000,1000,COMPLETED,Chennai,Tamil Nadu,NET_BANKING
100307,2026-08-20,103,Sita,504,Keyboard,Electronics,5,3000,2000,COMPLETED,Chennai,Tamil Nadu,UPI
100308,2026-08-05,101,Ravi,501,Laptop,Electronics,3,60000,5000,COMPLETED,Hyderabad,Telangana,COD
100309,2026-08-29,103,Sita,510,Bookshelf,Furniture,5,12000,100,COMPLETED,Chennai,Tamil Nadu,NET_BANKING
100310,2026-08-20,103,Sita,507,Desk,Furniture,3,15000,1000,COMPLETED,Chennai,Tamil Nadu,COD
100311,2026-08-16,110,Vikram,505,Table,Furniture,1,10000,1000,COMPLETED,Kolkata,West Bengal,UPI
100312,2026-08-10,107,Lakshmi,510,Bookshelf,Furniture,1,12000,5000,COMPLETED,Chennai,Tamil Nadu,CARD
100313,2026-08-16,101,Ravi,510,Bookshelf,Furniture,2,12000,2000,COMPLETED,Hyderabad,Telangana,CARD
100314,2026-08-31,101,Ravi,510,Bookshelf,Furniture,1,12000,200,COMPLETED,Hyderabad,Telangana,COD
100315,2026-08-05,106,Ramesh,507,Desk,Furniture,4,15000,200,COMPLETED,Pune,Maharashtra,COD
100316,2026-08-17,101,Ravi,503,Chair,Furniture,2,8000,1000,COMPLETED,Hyderabad,Telangana,COD
100317,2026-08-11,109,Sneha,507,Desk,Furniture,2,15000,5000,COMPLETED,Delhi,Delhi,NET_BANKING
100318,2026-08-22,109,Sneha,506,Headphones,Electronics,3,5000,5000,COMPLETED,Delhi,Delhi,CARD
100319,2026-08-10,105,Priya,509,Monitor,Electronics,2,20000,500,RETURNED,Mumbai,Maharashtra,NET_BANKING
100320,2026-08-11,104,Kumar,508,Mobile,Electronics,4,25000,1000,COMPLETED,Bangalore,Karnataka,NET_BANKING
100321,2026-08-19,105,Priya,502,Mouse,Electronics,5,1000,2000,COMPLETED,Mumbai,Maharashtra,NET_BANKING
100322,2026-08-02,103,Sita,505,Table,Furniture,3,10000,0,COMPLETED,Chennai,Tamil Nadu,COD
100323,2026-08-07,105,Priya,508,Mobile,Electronics,2,25000,500,COMPLETED,Mumbai,Maharashtra,NET_BANKING
100324,2026-08-20,103,Sita,502,Mouse,Electronics,5,1000,200,COMPLETED,Chennai,Tamil Nadu,UPI
100325,2026-08-21,109,Sneha,504,Keyboard,Electronics,2,3000,0,COMPLETED,Delhi,Delhi,COD
100326,2026-08-04,106,Ramesh,508,Mobile,Electronics,2,25000,0,COMPLETED,Pune,Maharashtra,CARD
100327,2026-08-16,107,Lakshmi,508,Mobile,Electronics,2,25000,500,COMPLETED,Chennai,Tamil Nadu,NET_BANKING
100328,2026-08-21,101,Ravi,502,Mouse,Electronics,5,1000,200,COMPLETED,Hyderabad,Telangana,UPI
100329,2026-08-29,103,Sita,507,Desk,Furniture,2,15000,0,COMPLETED,Chennai,Tamil Nadu,COD
100330,2026-08-29,103,Sita,505,Table,Furniture,1,10000,0,COMPLETED,Chennai,Tamil Nadu,UPI
100331,2026-08-15,106,Ramesh,505,Table,Furniture,5,10000,5000,COMPLETED,Pune,Maharashtra,COD
100332,2026-08-26,105,Priya,504,Keyboard,Electronics,1,3000,1000,COMPLETED,Mumbai,Maharashtra,COD
100333,2026-08-01,105,Priya,503,Chair,Furniture,3,8000,500,COMPLETED,Mumbai,Maharashtra,CARD
100334,2026-08-28,103,Sita,510,Bookshelf,Furniture,4,12000,2000,COMPLETED,Chennai,Tamil Nadu,NET_BANKING
100335,2026-08-22,102,Anil,507,Desk,Furniture,1,15000,100,COMPLETED,Hyderabad,Telangana,COD
100336,2026-08-01,106,Ramesh,504,Keyboard,Electronics,3,3000,2000,COMPLETED,Pune,Maharashtra,COD
100337,2026-08-10,105,Priya,506,Headphones,Electronics,5,5000,0,COMPLETED,Mumbai,Maharashtra,NET_BANKING
100338,2026-08-22,104,Kumar,501,Laptop,Electronics,1,60000,5000,COMPLETED,Bangalore,Karnataka,CARD
100339,2026-08-30,107,Lakshmi,509,Monitor,Electronics,3,20000,0,COMPLETED,Chennai,Tamil Nadu,NET_BANKING
100340,2026-08-08,106,Ramesh,510,Bookshelf,Furniture,2,12000,100,COMPLETED,Pune,Maharashtra,CARD
100341,2026-08-12,108,Arjun,510,Bookshelf,Furniture,4,12000,5000,RETURNED,Hyderabad,Telangana,CARD
100342,2026-08-28,104,Kumar,510,Bookshelf,Furniture,1,12000,5000,COMPLETED,Bangalore,Karnataka,NET_BANKING
100343,2026-08-04,102,Anil,510,Bookshelf,Furniture,1,12000,200,COMPLETED,Hyderabad,Telangana,CARD
100344,2026-08-28,103,Sita,506,Headphones,Electronics,5,5000,5000,COMPLETED,Chennai,Tamil Nadu,CARD
100345,2026-08-03,110,Vikram,508,Mobile,Electronics,5,25000,5000,COMPLETED,Kolkata,West Bengal,COD
100346,2026-08-14,103,Sita,509,Monitor,Electronics,4,20000,0,COMPLETED,Chennai,Tamil Nadu,COD
100347,2026-08-13,105,Priya,501,Laptop,Electronics,3,60000,0,RETURNED,Mumbai,Maharashtra,CARD
100348,2026-08-02,110,Vikram,502,Mouse,Electronics,4,1000,1000,CANCELLED,Kolkata,West Bengal,UPI
100349,2026-08-30,109,Sneha,501,Laptop,Electronics,1,60000,5000,COMPLETED,Delhi,Delhi,NET_BANKING
100350,2026-08-25,107,Lakshmi,503,Chair,Furniture,2,8000,2000,COMPLETED,Chennai,Tamil Nadu,COD
100351,2026-08-13,108,Arjun,507,Desk,Furniture,1,15000,100,COMPLETED,Hyderabad,Telangana,NET_BANKING
100352,2026-08-18,102,Anil,503,Chair,Furniture,4,8000,100,CANCELLED,Hyderabad,Telangana,CARD
100353,2026-08-10,101,Ravi,501,Laptop,Electronics,4,60000,2000,COMPLETED,Hyderabad,Telangana,COD
100354,2026-08-15,104,Kumar,504,Keyboard,Electronics,3,3000,100,COMPLETED,Bangalore,Karnataka,CARD
100355,2026-08-26,102,Anil,501,Laptop,Electronics,4,60000,0,COMPLETED,Hyderabad,Telangana,CARD
100356,2026-08-20,102,Anil,502,Mouse,Electronics,1,1000,5000,COMPLETED,Hyderabad,Telangana,UPI
100357,2026-08-13,104,Kumar,501,Laptop,Electronics,4,60000,200,COMPLETED,Bangalore,Karnataka,CARD
100358,2026-08-17,101,Ravi,503,Chair,Furniture,3,8000,200,CANCELLED,Hyderabad,Telangana,NET_BANKING
100359,2026-08-25,110,Vikram,510,Bookshelf,Furniture,3,12000,200,COMPLETED,Kolkata,West Bengal,CARD
100360,2026-08-14,109,Sneha,504,Keyboard,Electronics,3,3000,500,COMPLETED,Delhi,Delhi,CARD
100361,2026-08-16,107,Lakshmi,509,Monitor,Electronics,1,20000,1000,COMPLETED,Chennai,Tamil Nadu,COD
100362,2026-08-23,109,Sneha,506,Headphones,Electronics,4,5000,2000,COMPLETED,Delhi,Delhi,NET_BANKING
100363,2026-08-25,107,Lakshmi,503,Chair,Furniture,5,8000,5000,COMPLETED,Chennai,Tamil Nadu,CARD
100364,2026-08-26,105,Priya,503,Chair,Furniture,4,8000,0,COMPLETED,Mumbai,Maharashtra,COD
100365,2026-08-17,107,Lakshmi,509,Monitor,Electronics,2,20000,2000,COMPLETED,Chennai,Tamil Nadu,NET_BANKING
100366,2026-08-21,104,Kumar,506,Headphones,Electronics,1,5000,5000,COMPLETED,Bangalore,Karnataka,UPI
100367,2026-08-02,109,Sneha,504,Keyboard,Electronics,3,3000,2000,CANCELLED,Delhi,Delhi,UPI
100368,2026-08-26,102,Anil,504,Keyboard,Electronics,5,3000,200,COMPLETED,Hyderabad,Telangana,CARD
100369,2026-08-31,106,Ramesh,505,Table,Furniture,1,10000,200,COMPLETED,Pune,Maharashtra,UPI
100370,2026-08-23,108,Arjun,504,Keyboard,Electronics,5,3000,200,COMPLETED,Hyderabad,Telangana,CARD
100371,2026-08-25,109,Sneha,506,Headphones,Electronics,3,5000,2000,COMPLETED,Delhi,Delhi,NET_BANKING
100372,2026-08-12,105,Priya,505,Table,Furniture,5,10000,5000,COMPLETED,Mumbai,Maharashtra,UPI
100373,2026-08-30,108,Arjun,506,Headphones,Electronics,2,5000,1000,COMPLETED,Hyderabad,Telangana,COD
100374,2026-08-28,101,Ravi,510,Bookshelf,Furniture,2,12000,100,COMPLETED,Hyderabad,Telangana,NET_BANKING
100375,2026-08-19,109,Sneha,510,Bookshelf,Furniture,4,12000,500,COMPLETED,Delhi,Delhi,CARD
100376,2026-08-13,106,Ramesh,504,Keyboard,Electronics,5,3000,200,COMPLETED,Pune,Maharashtra,NET_BANKING
100377,2026-08-31,105,Priya,508,Mobile,Electronics,4,25000,5000,COMPLETED,Mumbai,Maharashtra,NET_BANKING
100378,2026-08-24,103,Sita,503,Chair,Furniture,5,8000,5000,COMPLETED,Chennai,Tamil Nadu,UPI
100379,2026-08-27,109,Sneha,501,Laptop,Electronics,1,60000,0,RETURNED,Delhi,Delhi,UPI
100380,2026-08-27,107,Lakshmi,503,Chair,Furniture,2,8000,0,CANCELLED,Chennai,Tamil Nadu,CARD
100381,2026-08-17,101,Ravi,504,Keyboard,Electronics,4,3000,1000,COMPLETED,Hyderabad,Telangana,COD
100382,2026-08-01,108,Arjun,501,Laptop,Electronics,5,60000,2000,COMPLETED,Hyderabad,Telangana,UPI
100383,2026-08-18,109,Sneha,505,Table,Furniture,3,10000,0,COMPLETED,Delhi,Delhi,COD
100384,2026-08-30,103,Sita,502,Mouse,Electronics,1,1000,100,COMPLETED,Chennai,Tamil Nadu,CARD
100385,2026-08-09,110,Vikram,509,Monitor,Electronics,3,20000,500,COMPLETED,Kolkata,West Bengal,UPI
100386,2026-08-15,106,Ramesh,507,Desk,Furniture,5,15000,200,CANCELLED,Pune,Maharashtra,CARD
100387,2026-08-21,105,Priya,502,Mouse,Electronics,1,1000,0,COMPLETED,Mumbai,Maharashtra,COD
100388,2026-08-16,107,Lakshmi,509,Monitor,Electronics,1,20000,0,CANCELLED,Chennai,Tamil Nadu,CARD
100389,2026-08-28,102,Anil,508,Mobile,Electronics,4,25000,1000,COMPLETED,Hyderabad,Telangana,UPI
100390,2026-08-08,109,Sneha,501,Laptop,Electronics,2,60000,5000,COMPLETED,Delhi,Delhi,UPI
100391,2026-08-29,102,Anil,505,Table,Furniture,5,10000,0,COMPLETED,Hyderabad,Telangana,NET_BANKING
100392,2026-08-19,101,Ravi,504,Keyboard,Electronics,2,3000,2000,COMPLETED,Hyderabad,Telangana,NET_BANKING
100393,2026-08-08,103,Sita,510,Bookshelf,Furniture,5,12000,2000,CANCELLED,Chennai,Tamil Nadu,NET_BANKING
100394,2026-08-26,107,Lakshmi,503,Chair,Furniture,1,8000,1000,COMPLETED,Chennai,Tamil Nadu,UPI
100395,2026-08-27,107,Lakshmi,504,Keyboard,Electronics,1,3000,1000,COMPLETED,Chennai,Tamil Nadu,COD
100396,2026-08-21,106,Ramesh,501,Laptop,Electronics,3,60000,5000,COMPLETED,Pune,Maharashtra,CARD
100397,2026-08-31,106,Ramesh,509,Monitor,Electronics,4,20000,2000,COMPLETED,Pune,Maharashtra,COD
100398,2026-08-10,102,Anil,510,Bookshelf,Furniture,2,12000,0,COMPLETED,Hyderabad,Telangana,NET_BANKING
100399,2026-08-23,103,Sita,507,Desk,Furniture,2,15000,2000,COMPLETED,Chennai,Tamil Nadu,NET_BANKING
100400,2026-08-01,102,Anil,502,Mouse,Electronics,3,1000,5000,COMPLETED,Hyderabad,Telangana,NET_BANKING
100401,2026-08-03,102,Anil,503,Chair,Furniture,2,8000,2000,COMPLETED,Hyderabad,Telangana,COD
100402,2026-08-03,102,Anil,501,Laptop,Electronics,3,60000,0,COMPLETED,Hyderabad,Telangana,NET_BANKING
100403,2026-08-10,107,Lakshmi,501,Laptop,Electronics,4,60000,2000,RETURNED,Chennai,Tamil Nadu,UPI
100404,2026-08-19,109,Sneha,504,Keyboard,Electronics,5,3000,100,CANCELLED,Delhi,Delhi,COD
100405,2026-08-09,103,Sita,503,Chair,Furniture,3,8000,500,COMPLETED,Chennai,Tamil Nadu,CARD
100406,2026-08-14,102,Anil,503,Chair,Furniture,3,8000,2000,COMPLETED,Hyderabad,Telangana,COD
100407,2026-08-09,102,Anil,506,Headphones,Electronics,2,5000,5000,COMPLETED,Hyderabad,Telangana,CARD
100408,2026-08-05,108,Arjun,502,Mouse,Electronics,3,1000,0,COMPLETED,Hyderabad,Telangana,NET_BANKING
100409,2026-08-26,110,Vikram,507,Desk,Furniture,3,15000,5000,COMPLETED,Kolkata,West Bengal,COD
100410,2026-08-10,110,Vikram,503,Chair,Furniture,3,8000,200,COMPLETED,Kolkata,West Bengal,NET_BANKING
100411,2026-08-31,103,Sita,507,Desk,Furniture,3,15000,500,CANCELLED,Chennai,Tamil Nadu,COD
100412,2026-08-11,110,Vikram,504,Keyboard,Electronics,4,3000,500,COMPLETED,Kolkata,West Bengal,NET_BANKING
100413,2026-08-07,102,Anil,510,Bookshelf,Furniture,5,12000,100,CANCELLED,Hyderabad,Telangana,UPI
100414,2026-08-15,108,Arjun,504,Keyboard,Electronics,3,3000,0,COMPLETED,Hyderabad,Telangana,COD
100415,2026-08-08,103,Sita,505,Table,Furniture,3,10000,100,CANCELLED,Chennai,Tamil Nadu,COD
100416,2026-08-15,107,Lakshmi,502,Mouse,Electronics,5,1000,5000,COMPLETED,Chennai,Tamil Nadu,COD
100417,2026-08-30,109,Sneha,509,Monitor,Electronics,4,20000,0,COMPLETED,Delhi,Delhi,UPI
100418,2026-08-22,102,Anil,504,Keyboard,Electronics,3,3000,100,COMPLETED,Hyderabad,Telangana,UPI
100419,2026-08-31,110,Vikram,507,Desk,Furniture,3,15000,2000,COMPLETED,Kolkata,West Bengal,UPI
100420,2026-08-08,102,Anil,505,Table,Furniture,5,10000,200,COMPLETED,Hyderabad,Telangana,NET_BANKING
100421,2026-08-25,107,Lakshmi,508,Mobile,Electronics,5,25000,100,COMPLETED,Chennai,Tamil Nadu,UPI
100422,2026-08-10,108,Arjun,502,Mouse,Electronics,4,1000,0,COMPLETED,Hyderabad,Telangana,CARD
100423,2026-08-11,106,Ramesh,505,Table,Furniture,4,10000,200,COMPLETED,Pune,Maharashtra,COD
100424,2026-08-04,106,Ramesh,508,Mobile,Electronics,4,25000,5000,COMPLETED,Pune,Maharashtra,UPI
100425,2026-08-26,105,Priya,501,Laptop,Electronics,1,60000,0,COMPLETED,Mumbai,Maharashtra,UPI
100426,2026-08-17,103,Sita,504,Keyboard,Electronics,2,3000,100,COMPLETED,Chennai,Tamil Nadu,COD
100427,2026-08-26,108,Arjun,504,Keyboard,Electronics,4,3000,100,COMPLETED,Hyderabad,Telangana,COD
100428,2026-08-24,107,Lakshmi,501,Laptop,Electronics,5,60000,200,COMPLETED,Chennai,Tamil Nadu,COD
100429,2026-08-23,107,Lakshmi,501,Laptop,Electronics,2,60000,200,COMPLETED,Chennai,Tamil Nadu,UPI
100430,2026-08-26,110,Vikram,502,Mouse,Electronics,5,1000,100,COMPLETED,Kolkata,West Bengal,NET_BANKING
100431,2026-08-04,104,Kumar,508,Mobile,Electronics,3,25000,5000,COMPLETED,Bangalore,Karnataka,NET_BANKING
100432,2026-08-20,110,Vikram,507,Desk,Furniture,4,15000,0,COMPLETED,Kolkata,West Bengal,NET_BANKING
100433,2026-08-06,108,Arjun,510,Bookshelf,Furniture,3,12000,0,CANCELLED,Hyderabad,Telangana,CARD
100434,2026-08-08,106,Ramesh,502,Mouse,Electronics,3,1000,0,COMPLETED,Pune,Maharashtra,NET_BANKING
100435,2026-08-13,103,Sita,509,Monitor,Electronics,4,20000,100,COMPLETED,Chennai,Tamil Nadu,COD
100436,2026-08-16,107,Lakshmi,503,Chair,Furniture,5,8000,100,COMPLETED,Chennai,Tamil Nadu,CARD
100437,2026-08-05,108,Arjun,505,Table,Furniture,2,10000,1000,COMPLETED,Hyderabad,Telangana,UPI
100438,2026-08-16,106,Ramesh,501,Laptop,Electronics,2,60000,200,COMPLETED,Pune,Maharashtra,COD
100439,2026-08-14,107,Lakshmi,508,Mobile,Electronics,4,25000,5000,COMPLETED,Chennai,Tamil Nadu,UPI
100440,2026-08-26,110,Vikram,501,Laptop,Electronics,2,60000,500,COMPLETED,Kolkata,West Bengal,NET_BANKING
100441,2026-08-10,104,Kumar,509,Monitor,Electronics,2,20000,5000,COMPLETED,Bangalore,Karnataka,COD
100442,2026-08-04,109,Sneha,509,Monitor,Electronics,5,20000,0,COMPLETED,Delhi,Delhi,NET_BANKING
100443,2026-08-25,109,Sneha,501,Laptop,Electronics,4,60000,200,COMPLETED,Delhi,Delhi,UPI
100444,2026-08-28,104,Kumar,505,Table,Furniture,1,10000,5000,COMPLETED,Bangalore,Karnataka,NET_BANKING
100445,2026-08-28,102,Anil,508,Mobile,Electronics,1,25000,200,COMPLETED,Hyderabad,Telangana,NET_BANKING
100446,2026-08-06,110,Vikram,507,Desk,Furniture,5,15000,100,COMPLETED,Kolkata,West Bengal,CARD
100447,2026-08-12,101,Ravi,510,Bookshelf,Furniture,5,12000,500,COMPLETED,Hyderabad,Telangana,CARD
100448,2026-08-10,106,Ramesh,505,Table,Furniture,5,10000,500,COMPLETED,Pune,Maharashtra,UPI
100449,2026-08-30,103,Sita,507,Desk,Furniture,1,15000,500,COMPLETED,Chennai,Tamil Nadu,CARD
100450,2026-08-05,103,Sita,504,Keyboard,Electronics,3,3000,200,RETURNED,Chennai,Tamil Nadu,COD
100451,2026-08-19,108,Arjun,503,Chair,Furniture,3,8000,2000,COMPLETED,Hyderabad,Telangana,COD
100452,2026-08-13,102,Anil,502,Mouse,Electronics,5,1000,500,CANCELLED,Hyderabad,Telangana,NET_BANKING
100453,2026-08-11,108,Arjun,508,Mobile,Electronics,5,25000,0,RETURNED,Hyderabad,Telangana,UPI
100454,2026-08-28,108,Arjun,506,Headphones,Electronics,1,5000,2000,COMPLETED,Hyderabad,Telangana,COD
100455,2026-08-09,104,Kumar,508,Mobile,Electronics,3,25000,500,COMPLETED,Bangalore,Karnataka,CARD
100456,2026-08-26,110,Vikram,508,Mobile,Electronics,3,25000,0,COMPLETED,Kolkata,West Bengal,UPI
100457,2026-08-04,108,Arjun,501,Laptop,Electronics,2,60000,5000,COMPLETED,Hyderabad,Telangana,UPI
100458,2026-08-23,107,Lakshmi,504,Keyboard,Electronics,2,3000,500,COMPLETED,Chennai,Tamil Nadu,NET_BANKING
100459,2026-08-09,102,Anil,506,Headphones,Electronics,1,5000,1000,CANCELLED,Hyderabad,Telangana,CARD
100460,2026-08-21,101,Ravi,507,Desk,Furniture,3,15000,200,COMPLETED,Hyderabad,Telangana,UPI
100461,2026-08-07,102,Anil,501,Laptop,Electronics,4,60000,0,COMPLETED,Hyderabad,Telangana,CARD
100462,2026-08-01,109,Sneha,508,Mobile,Electronics,1,25000,1000,COMPLETED,Delhi,Delhi,COD
100463,2026-08-03,103,Sita,508,Mobile,Electronics,2,25000,2000,COMPLETED,Chennai,Tamil Nadu,UPI
100464,2026-08-12,102,Anil,506,Headphones,Electronics,3,5000,100,COMPLETED,Hyderabad,Telangana,CARD
100465,2026-08-17,103,Sita,502,Mouse,Electronics,5,1000,0,COMPLETED,Chennai,Tamil Nadu,CARD
100466,2026-08-24,108,Arjun,506,Headphones,Electronics,2,5000,100,COMPLETED,Hyderabad,Telangana,COD
100467,2026-08-29,104,Kumar,502,Mouse,Electronics,1,1000,100,RETURNED,Bangalore,Karnataka,UPI
100468,2026-08-12,110,Vikram,507,Desk,Furniture,4,15000,1000,COMPLETED,Kolkata,West Bengal,CARD
100469,2026-08-08,105,Priya,502,Mouse,Electronics,5,1000,500,RETURNED,Mumbai,Maharashtra,UPI
100470,2026-08-17,105,Priya,504,Keyboard,Electronics,5,3000,200,RETURNED,Mumbai,Maharashtra,COD
100471,2026-08-26,105,Priya,501,Laptop,Electronics,2,60000,5000,COMPLETED,Mumbai,Maharashtra,UPI
100472,2026-08-21,104,Kumar,508,Mobile,Electronics,5,25000,0,COMPLETED,Bangalore,Karnataka,UPI
100473,2026-08-05,106,Ramesh,506,Headphones,Electronics,4,5000,2000,COMPLETED,Pune,Maharashtra,CARD
100474,2026-08-01,108,Arjun,502,Mouse,Electronics,5,1000,0,COMPLETED,Hyderabad,Telangana,NET_BANKING
100475,2026-08-30,104,Kumar,501,Laptop,Electronics,1,60000,2000,COMPLETED,Bangalore,Karnataka,NET_BANKING
100476,2026-08-14,109,Sneha,507,Desk,Furniture,4,15000,0,COMPLETED,Delhi,Delhi,CARD
100477,2026-08-10,105,Priya,502,Mouse,Electronics,1,1000,200,COMPLETED,Mumbai,Maharashtra,NET_BANKING
100478,2026-08-21,107,Lakshmi,510,Bookshelf,Furniture,1,12000,500,CANCELLED,Chennai,Tamil Nadu,COD
100479,2026-08-08,104,Kumar,501,Laptop,Electronics,1,60000,2000,COMPLETED,Bangalore,Karnataka,COD
100480,2026-08-02,110,Vikram,510,Bookshelf,Furniture,3,12000,100,COMPLETED,Kolkata,West Bengal,UPI
100481,2026-08-06,103,Sita,501,Laptop,Electronics,4,60000,1000,COMPLETED,Chennai,Tamil Nadu,NET_BANKING
100482,2026-08-05,103,Sita,506,Headphones,Electronics,3,5000,0,RETURNED,Chennai,Tamil Nadu,UPI
100483,2026-08-09,106,Ramesh,507,Desk,Furniture,5,15000,0,COMPLETED,Pune,Maharashtra,UPI
100484,2026-08-17,108,Arjun,508,Mobile,Electronics,3,25000,0,COMPLETED,Hyderabad,Telangana,CARD
100485,2026-08-09,106,Ramesh,503,Chair,Furniture,1,8000,0,COMPLETED,Pune,Maharashtra,UPI
100486,2026-08-08,101,Ravi,501,Laptop,Electronics,1,60000,5000,COMPLETED,Hyderabad,Telangana,COD
100487,2026-08-30,103,Sita,503,Chair,Furniture,1,8000,2000,COMPLETED,Chennai,Tamil Nadu,NET_BANKING
100488,2026-08-30,104,Kumar,507,Desk,Furniture,3,15000,500,COMPLETED,Bangalore,Karnataka,NET_BANKING
100489,2026-08-22,102,Anil,509,Monitor,Electronics,1,20000,100,COMPLETED,Hyderabad,Telangana,UPI
100490,2026-08-29,107,Lakshmi,502,Mouse,Electronics,4,1000,500,RETURNED,Chennai,Tamil Nadu,NET_BANKING
100491,2026-08-18,106,Ramesh,502,Mouse,Electronics,4,1000,0,COMPLETED,Pune,Maharashtra,CARD
100492,2026-08-26,105,Priya,510,Bookshelf,Furniture,3,12000,200,COMPLETED,Mumbai,Maharashtra,NET_BANKING
100493,2026-08-25,110,Vikram,508,Mobile,Electronics,2,25000,200,COMPLETED,Kolkata,West Bengal,UPI
100494,2026-08-08,107,Lakshmi,501,Laptop,Electronics,5,60000,1000,COMPLETED,Chennai,Tamil Nadu,UPI
100495,2026-08-25,106,Ramesh,501,Laptop,Electronics,4,60000,500,COMPLETED,Pune,Maharashtra,CARD
100496,2026-08-14,109,Sneha,504,Keyboard,Electronics,4,3000,0,COMPLETED,Delhi,Delhi,NET_BANKING
100497,2026-08-30,102,Anil,501,Laptop,Electronics,2,60000,2000,CANCELLED,Hyderabad,Telangana,NET_BANKING
100498,2026-08-19,108,Arjun,502,Mouse,Electronics,1,1000,100,COMPLETED,Hyderabad,Telangana,COD
100499,2026-08-19,102,Anil,510,Bookshelf,Furniture,1,12000,2000,COMPLETED,Hyderabad,Telangana,CARD
100500,2026-08-09,104,Kumar,505,Table,Furniture,3,10000,2000,CANCELLED,Bangalore,Karnataka,NET_BANKING
100501,2026-08-09,106,Ramesh,508,Mobile,Electronics,2,25000,0,COMPLETED,Pune,Maharashtra,CARD
100502,2026-08-05,110,Vikram,502,Mouse,Electronics,1,1000,100,COMPLETED,Kolkata,West Bengal,COD
100503,2026-08-04,106,Ramesh,507,Desk,Furniture,5,15000,1000,RETURNED,Pune,Maharashtra,CARD
100504,2026-08-15,108,Arjun,505,Table,Furniture,3,10000,0,COMPLETED,Hyderabad,Telangana,CARD
100505,2026-08-02,105,Priya,510,Bookshelf,Furniture,2,12000,1000,COMPLETED,Mumbai,Maharashtra,UPI
100506,2026-08-13,104,Kumar,506,Headphones,Electronics,5,5000,0,CANCELLED,Bangalore,Karnataka,NET_BANKING
100507,2026-08-01,105,Priya,503,Chair,Furniture,4,8000,5000,COMPLETED,Mumbai,Maharashtra,CARD
100508,2026-08-04,102,Anil,508,Mobile,Electronics,2,25000,0,COMPLETED,Hyderabad,Telangana,UPI
100509,2026-08-07,104,Kumar,503,Chair,Furniture,4,8000,1000,CANCELLED,Bangalore,Karnataka,UPI
100510,2026-08-09,110,Vikram,510,Bookshelf,Furniture,1,12000,0,COMPLETED,Kolkata,West Bengal,CARD
100511,2026-08-03,108,Arjun,503,Chair,Furniture,3,8000,0,COMPLETED,Hyderabad,Telangana,COD
100512,2026-08-30,101,Ravi,503,Chair,Furniture,5,8000,2000,CANCELLED,Hyderabad,Telangana,COD
100513,2026-08-13,108,Arjun,501,Laptop,Electronics,4,60000,100,COMPLETED,Hyderabad,Telangana,CARD
100514,2026-08-09,103,Sita,505,Table,Furniture,4,10000,100,COMPLETED,Chennai,Tamil Nadu,CARD
100515,2026-08-14,105,Priya,508,Mobile,Electronics,5,25000,5000,COMPLETED,Mumbai,Maharashtra,UPI
100516,2026-08-05,105,Priya,507,Desk,Furniture,4,15000,200,COMPLETED,Mumbai,Maharashtra,CARD
100517,2026-08-13,109,Sneha,501,Laptop,Electronics,3,60000,5000,COMPLETED,Delhi,Delhi,COD
100518,2026-08-17,106,Ramesh,510,Bookshelf,Furniture,3,12000,2000,COMPLETED,Pune,Maharashtra,CARD
100519,2026-08-20,101,Ravi,506,Headphones,Electronics,2,5000,0,RETURNED,Hyderabad,Telangana,NET_BANKING
100520,2026-08-17,101,Ravi,508,Mobile,Electronics,3,25000,200,COMPLETED,Hyderabad,Telangana,UPI
100521,2026-08-09,104,Kumar,504,Keyboard,Electronics,5,3000,0,RETURNED,Bangalore,Karnataka,CARD
100522,2026-08-12,110,Vikram,507,Desk,Furniture,2,15000,100,COMPLETED,Kolkata,West Bengal,NET_BANKING
100523,2026-08-01,106,Ramesh,510,Bookshelf,Furniture,3,12000,100,COMPLETED,Pune,Maharashtra,CARD
100524,2026-08-10,108,Arjun,509,Monitor,Electronics,2,20000,5000,COMPLETED,Hyderabad,Telangana,UPI
100525,2026-08-20,101,Ravi,504,Keyboard,Electronics,2,3000,0,COMPLETED,Hyderabad,Telangana,COD
100526,2026-08-30,101,Ravi,506,Headphones,Electronics,5,5000,200,COMPLETED,Hyderabad,Telangana,NET_BANKING
100527,2026-08-02,103,Sita,506,Headphones,Electronics,1,5000,100,COMPLETED,Chennai,Tamil Nadu,CARD
100528,2026-08-28,102,Anil,509,Monitor,Electronics,3,20000,0,COMPLETED,Hyderabad,Telangana,COD
100529,2026-08-11,110,Vikram,502,Mouse,Electronics,3,1000,1000,COMPLETED,Kolkata,West Bengal,CARD
100530,2026-08-21,107,Lakshmi,508,Mobile,Electronics,3,25000,100,CANCELLED,Chennai,Tamil Nadu,NET_BANKING
100531,2026-08-27,104,Kumar,510,Bookshelf,Furniture,2,12000,2000,COMPLETED,Bangalore,Karnataka,NET_BANKING
100532,2026-08-24,103,Sita,503,Chair,Furniture,1,8000,2000,RETURNED,Chennai,Tamil Nadu,UPI
100533,2026-08-11,103,Sita,510,Bookshelf,Furniture,5,12000,200,COMPLETED,Chennai,Tamil Nadu,UPI
100534,2026-08-11,108,Arjun,503,Chair,Furniture,1,8000,200,COMPLETED,Hyderabad,Telangana,NET_BANKING
100535,2026-08-27,103,Sita,502,Mouse,Electronics,3,1000,5000,COMPLETED,Chennai,Tamil Nadu,NET_BANKING
100536,2026-08-23,104,Kumar,504,Keyboard,Electronics,1,3000,1000,COMPLETED,Bangalore,Karnataka,UPI
100537,2026-08-13,101,Ravi,501,Laptop,Electronics,4,60000,2000,COMPLETED,Hyderabad,Telangana,COD
100538,2026-08-12,108,Arjun,507,Desk,Furniture,5,15000,2000,COMPLETED,Hyderabad,Telangana,COD
100539,2026-08-06,110,Vikram,504,Keyboard,Electronics,4,3000,0,COMPLETED,Kolkata,West Bengal,NET_BANKING
100540,2026-08-09,101,Ravi,506,Headphones,Electronics,1,5000,0,COMPLETED,Hyderabad,Telangana,CARD
100541,2026-08-24,107,Lakshmi,503,Chair,Furniture,1,8000,0,COMPLETED,Chennai,Tamil Nadu,COD
100542,2026-08-31,101,Ravi,507,Desk,Furniture,2,15000,2000,COMPLETED,Hyderabad,Telangana,UPI
100543,2026-08-07,102,Anil,506,Headphones,Electronics,2,5000,2000,CANCELLED,Hyderabad,Telangana,NET_BANKING
100544,2026-08-08,105,Priya,505,Table,Furniture,1,10000,0,COMPLETED,Mumbai,Maharashtra,COD
100545,2026-08-12,103,Sita,501,Laptop,Electronics,1,60000,2000,COMPLETED,Chennai,Tamil Nadu,NET_BANKING
100546,2026-08-07,110,Vikram,508,Mobile,Electronics,1,25000,0,COMPLETED,Kolkata,West Bengal,CARD
100547,2026-08-16,105,Priya,502,Mouse,Electronics,1,1000,500,COMPLETED,Mumbai,Maharashtra,COD
100548,2026-08-03,108,Arjun,505,Table,Furniture,5,10000,2000,COMPLETED,Hyderabad,Telangana,NET_BANKING
100549,2026-08-06,107,Lakshmi,506,Headphones,Electronics,4,5000,0,COMPLETED,Chennai,Tamil Nadu,COD
100550,2026-08-08,108,Arjun,505,Table,Furniture,3,10000,0,COMPLETED,Hyderabad,Telangana,UPI
100551,2026-08-26,102,Anil,506,Headphones,Electronics,5,5000,2000,RETURNED,Hyderabad,Telangana,CARD
100552,2026-08-27,109,Sneha,501,Laptop,Electronics,4,60000,2000,COMPLETED,Delhi,Delhi,COD
100553,2026-08-16,110,Vikram,504,Keyboard,Electronics,3,3000,0,COMPLETED,Kolkata,West Bengal,UPI
100554,2026-08-29,109,Sneha,510,Bookshelf,Furniture,5,12000,100,COMPLETED,Delhi,Delhi,COD
100555,2026-08-07,103,Sita,503,Chair,Furniture,2,8000,100,COMPLETED,Chennai,Tamil Nadu,COD
100556,2026-08-07,102,Anil,507,Desk,Furniture,2,15000,500,COMPLETED,Hyderabad,Telangana,UPI
100557,2026-08-18,102,Anil,507,Desk,Furniture,4,15000,1000,COMPLETED,Hyderabad,Telangana,COD
100558,2026-08-19,101,Ravi,510,Bookshelf,Furniture,5,12000,2000,COMPLETED,Hyderabad,Telangana,COD
100559,2026-08-19,103,Sita,503,Chair,Furniture,5,8000,0,COMPLETED,Chennai,Tamil Nadu,UPI
100560,2026-08-29,105,Priya,509,Monitor,Electronics,3,20000,2000,COMPLETED,Mumbai,Maharashtra,COD
100561,2026-08-20,108,Arjun,510,Bookshelf,Furniture,4,12000,0,COMPLETED,Hyderabad,Telangana,NET_BANKING
100562,2026-08-20,107,Lakshmi,503,Chair,Furniture,5,8000,2000,COMPLETED,Chennai,Tamil Nadu,COD
100563,2026-08-02,106,Ramesh,504,Keyboard,Electronics,4,3000,500,COMPLETED,Pune,Maharashtra,UPI
100564,2026-08-10,106,Ramesh,505,Table,Furniture,3,10000,5000,CANCELLED,Pune,Maharashtra,UPI
100565,2026-08-10,104,Kumar,503,Chair,Furniture,4,8000,1000,COMPLETED,Bangalore,Karnataka,COD
100566,2026-08-07,110,Vikram,502,Mouse,Electronics,4,1000,200,COMPLETED,Kolkata,West Bengal,COD
100567,2026-08-27,109,Sneha,506,Headphones,Electronics,1,5000,100,COMPLETED,Delhi,Delhi,NET_BANKING
100568,2026-08-05,109,Sneha,507,Desk,Furniture,5,15000,0,COMPLETED,Delhi,Delhi,CARD
100569,2026-08-08,104,Kumar,501,Laptop,Electronics,1,60000,5000,COMPLETED,Bangalore,Karnataka,NET_BANKING
100570,2026-08-12,104,Kumar,505,Table,Furniture,4,10000,2000,COMPLETED,Bangalore,Karnataka,UPI
100571,2026-08-12,101,Ravi,504,Keyboard,Electronics,4,3000,5000,COMPLETED,Hyderabad,Telangana,COD
100572,2026-08-12,110,Vikram,509,Monitor,Electronics,3,20000,100,COMPLETED,Kolkata,West Bengal,UPI
100573,2026-08-13,105,Priya,501,Laptop,Electronics,1,60000,100,COMPLETED,Mumbai,Maharashtra,CARD
100574,2026-08-22,104,Kumar,504,Keyboard,Electronics,2,3000,500,COMPLETED,Bangalore,Karnataka,COD
100575,2026-08-28,109,Sneha,501,Laptop,Electronics,1,60000,5000,COMPLETED,Delhi,Delhi,CARD
100576,2026-08-08,110,Vikram,501,Laptop,Electronics,3,60000,500,CANCELLED,Kolkata,West Bengal,NET_BANKING
100577,2026-08-28,107,Lakshmi,507,Desk,Furniture,3,15000,5000,COMPLETED,Chennai,Tamil Nadu,CARD
100578,2026-08-22,108,Arjun,505,Table,Furniture,5,10000,2000,COMPLETED,Hyderabad,Telangana,UPI
100579,2026-08-22,101,Ravi,509,Monitor,Electronics,3,20000,500,COMPLETED,Hyderabad,Telangana,UPI
100580,2026-08-11,108,Arjun,502,Mouse,Electronics,3,1000,1000,COMPLETED,Hyderabad,Telangana,NET_BANKING
100581,2026-08-05,105,Priya,504,Keyboard,Electronics,5,3000,200,COMPLETED,Mumbai,Maharashtra,COD
100582,2026-08-24,106,Ramesh,503,Chair,Furniture,1,8000,5000,COMPLETED,Pune,Maharashtra,NET_BANKING
100583,2026-08-13,107,Lakshmi,507,Desk,Furniture,1,15000,200,COMPLETED,Chennai,Tamil Nadu,CARD
100584,2026-08-30,109,Sneha,508,Mobile,Electronics,3,25000,500,COMPLETED,Delhi,Delhi,CARD
100585,2026-08-16,105,Priya,502,Mouse,Electronics,2,1000,500,CANCELLED,Mumbai,Maharashtra,CARD
100586,2026-08-08,106,Ramesh,502,Mouse,Electronics,3,1000,200,RETURNED,Pune,Maharashtra,NET_BANKING
100587,2026-08-12,107,Lakshmi,506,Headphones,Electronics,3,5000,500,COMPLETED,Chennai,Tamil Nadu,UPI
100588,2026-08-28,108,Arjun,501,Laptop,Electronics,5,60000,0,COMPLETED,Hyderabad,Telangana,CARD
100589,2026-08-28,109,Sneha,502,Mouse,Electronics,4,1000,500,COMPLETED,Delhi,Delhi,UPI
100590,2026-08-07,103,Sita,503,Chair,Furniture,3,8000,2000,COMPLETED,Chennai,Tamil Nadu,COD
100591,2026-08-28,103,Sita,506,Headphones,Electronics,2,5000,0,COMPLETED,Chennai,Tamil Nadu,NET_BANKING
100592,2026-08-21,103,Sita,506,Headphones,Electronics,1,5000,0,COMPLETED,Chennai,Tamil Nadu,NET_BANKING
100593,2026-08-19,104,Kumar,503,Chair,Furniture,2,8000,5000,RETURNED,Bangalore,Karnataka,UPI
100594,2026-08-14,103,Sita,510,Bookshelf,Furniture,4,12000,2000,COMPLETED,Chennai,Tamil Nadu,COD
100595,2026-08-02,107,Lakshmi,501,Laptop,Electronics,5,60000,200,CANCELLED,Chennai,Tamil Nadu,NET_BANKING
100596,2026-08-25,101,Ravi,506,Headphones,Electronics,5,5000,200,COMPLETED,Hyderabad,Telangana,UPI
100597,2026-08-23,104,Kumar,504,Keyboard,Electronics,3,3000,500,COMPLETED,Bangalore,Karnataka,UPI
100598,2026-08-19,107,Lakshmi,509,Monitor,Electronics,3,20000,100,COMPLETED,Chennai,Tamil Nadu,UPI
100599,2026-08-15,105,Priya,505,Table,Furniture,5,10000,1000,COMPLETED,Mumbai,Maharashtra,CARD
100600,2026-08-12,106,Ramesh,508,Mobile,Electronics,2,25000,100,COMPLETED,Pune,Maharashtra,UPI
100601,2026-08-24,104,Kumar,504,Keyboard,Electronics,2,3000,200,CANCELLED,Bangalore,Karnataka,UPI
100602,2026-08-06,110,Vikram,509,Monitor,Electronics,1,20000,1000,CANCELLED,Kolkata,West Bengal,UPI
100603,2026-08-25,107,Lakshmi,505,Table,Furniture,5,10000,0,COMPLETED,Chennai,Tamil Nadu,UPI
100604,2026-08-02,102,Anil,501,Laptop,Electronics,1,60000,2000,COMPLETED,Hyderabad,Telangana,COD
100605,2026-08-09,102,Anil,509,Monitor,Electronics,4,20000,100,COMPLETED,Hyderabad,Telangana,UPI
100606,2026-08-22,105,Priya,507,Desk,Furniture,1,15000,500,COMPLETED,Mumbai,Maharashtra,CARD
100607,2026-08-17,107,Lakshmi,502,Mouse,Electronics,5,1000,0,COMPLETED,Chennai,Tamil Nadu,UPI
100608,2026-08-07,102,Anil,508,Mobile,Electronics,5,25000,200,RETURNED,Hyderabad,Telangana,NET_BANKING
100609,2026-08-12,109,Sneha,504,Keyboard,Electronics,4,3000,500,COMPLETED,Delhi,Delhi,UPI
100610,2026-08-30,109,Sneha,508,Mobile,Electronics,2,25000,5000,COMPLETED,Delhi,Delhi,CARD
100611,2026-08-22,101,Ravi,501,Laptop,Electronics,1,60000,0,COMPLETED,Hyderabad,Telangana,COD
100612,2026-08-25,103,Sita,502,Mouse,Electronics,5,1000,0,CANCELLED,Chennai,Tamil Nadu,UPI
100613,2026-08-15,105,Priya,504,Keyboard,Electronics,3,3000,500,COMPLETED,Mumbai,Maharashtra,UPI
100614,2026-08-28,102,Anil,503,Chair,Furniture,1,8000,500,COMPLETED,Hyderabad,Telangana,NET_BANKING
100615,2026-08-04,107,Lakshmi,502,Mouse,Electronics,1,1000,0,COMPLETED,Chennai,Tamil Nadu,CARD
100616,2026-08-29,106,Ramesh,506,Headphones,Electronics,4,5000,500,CANCELLED,Pune,Maharashtra,UPI
100617,2026-08-06,106,Ramesh,506,Headphones,Electronics,1,5000,2000,COMPLETED,Pune,Maharashtra,COD
100618,2026-08-23,105,Priya,507,Desk,Furniture,4,15000,2000,COMPLETED,Mumbai,Maharashtra,CARD
100619,2026-08-23,102,Anil,503,Chair,Furniture,1,8000,100,COMPLETED,Hyderabad,Telangana,COD
100620,2026-08-26,110,Vikram,508,Mobile,Electronics,5,25000,5000,COMPLETED,Kolkata,West Bengal,COD
100621,2026-08-01,106,Ramesh,510,Bookshelf,Furniture,2,12000,5000,COMPLETED,Pune,Maharashtra,UPI
100622,2026-08-02,107,Lakshmi,508,Mobile,Electronics,1,25000,500,COMPLETED,Chennai,Tamil Nadu,NET_BANKING
100623,2026-08-25,101,Ravi,509,Monitor,Electronics,5,20000,200,CANCELLED,Hyderabad,Telangana,NET_BANKING
100624,2026-08-23,109,Sneha,509,Monitor,Electronics,5,20000,0,COMPLETED,Delhi,Delhi,CARD
100625,2026-08-22,108,Arjun,506,Headphones,Electronics,4,5000,100,COMPLETED,Hyderabad,Telangana,UPI
100626,2026-08-17,101,Ravi,503,Chair,Furniture,4,8000,5000,COMPLETED,Hyderabad,Telangana,UPI
100627,2026-08-08,108,Arjun,506,Headphones,Electronics,3,5000,500,COMPLETED,Hyderabad,Telangana,CARD
100628,2026-08-13,109,Sneha,507,Desk,Furniture,2,15000,0,COMPLETED,Delhi,Delhi,COD
100629,2026-08-03,110,Vikram,508,Mobile,Electronics,4,25000,5000,COMPLETED,Kolkata,West Bengal,UPI
100630,2026-08-04,108,Arjun,501,Laptop,Electronics,4,60000,2000,COMPLETED,Hyderabad,Telangana,UPI
100631,2026-08-31,102,Anil,510,Bookshelf,Furniture,5,12000,500,COMPLETED,Hyderabad,Telangana,CARD
100632,2026-08-12,108,Arjun,506,Headphones,Electronics,1,5000,200,COMPLETED,Hyderabad,Telangana,NET_BANKING
100633,2026-08-20,109,Sneha,510,Bookshelf,Furniture,4,12000,1000,CANCELLED,Delhi,Delhi,COD
100634,2026-08-25,102,Anil,502,Mouse,Electronics,2,1000,0,COMPLETED,Hyderabad,Telangana,NET_BANKING
100635,2026-08-17,105,Priya,509,Monitor,Electronics,3,20000,0,COMPLETED,Mumbai,Maharashtra,CARD
100636,2026-08-27,108,Arjun,503,Chair,Furniture,4,8000,0,COMPLETED,Hyderabad,Telangana,CARD
100637,2026-08-30,104,Kumar,502,Mouse,Electronics,4,1000,200,COMPLETED,Bangalore,Karnataka,CARD
100638,2026-08-25,106,Ramesh,502,Mouse,Electronics,4,1000,0,COMPLETED,Pune,Maharashtra,UPI
100639,2026-08-22,108,Arjun,508,Mobile,Electronics,5,25000,100,COMPLETED,Hyderabad,Telangana,UPI
100640,2026-08-18,109,Sneha,501,Laptop,Electronics,4,60000,5000,COMPLETED,Delhi,Delhi,CARD
100641,2026-08-24,110,Vikram,503,Chair,Furniture,2,8000,0,COMPLETED,Kolkata,West Bengal,NET_BANKING
100642,2026-08-14,109,Sneha,507,Desk,Furniture,5,15000,200,COMPLETED,Delhi,Delhi,COD
100643,2026-08-15,106,Ramesh,505,Table,Furniture,2,10000,100,COMPLETED,Pune,Maharashtra,NET_BANKING
100644,2026-08-23,109,Sneha,506,Headphones,Electronics,5,5000,200,COMPLETED,Delhi,Delhi,CARD
100645,2026-08-22,110,Vikram,505,Table,Furniture,3,10000,100,CANCELLED,Kolkata,West Bengal,CARD
100646,2026-08-23,109,Sneha,509,Monitor,Electronics,3,20000,0,RETURNED,Delhi,Delhi,NET_BANKING
100647,2026-08-19,109,Sneha,508,Mobile,Electronics,5,25000,2000,CANCELLED,Delhi,Delhi,NET_BANKING
100648,2026-08-17,107,Lakshmi,501,Laptop,Electronics,1,60000,0,COMPLETED,Chennai,Tamil Nadu,CARD
100649,2026-08-07,101,Ravi,501,Laptop,Electronics,3,60000,100,COMPLETED,Hyderabad,Telangana,NET_BANKING
100650,2026-08-23,103,Sita,501,Laptop,Electronics,3,60000,200,RETURNED,Chennai,Tamil Nadu,UPI
100651,2026-08-04,106,Ramesh,508,Mobile,Electronics,5,25000,200,RETURNED,Pune,Maharashtra,COD
100652,2026-08-26,104,Kumar,509,Monitor,Electronics,3,20000,0,COMPLETED,Bangalore,Karnataka,COD
100653,2026-08-31,107,Lakshmi,506,Headphones,Electronics,5,5000,0,COMPLETED,Chennai,Tamil Nadu,NET_BANKING
100654,2026-08-28,104,Kumar,510,Bookshelf,Furniture,4,12000,200,COMPLETED,Bangalore,Karnataka,NET_BANKING
100655,2026-08-24,110,Vikram,509,Monitor,Electronics,5,20000,200,RETURNED,Kolkata,West Bengal,CARD
100656,2026-08-06,105,Priya,508,Mobile,Electronics,1,25000,100,COMPLETED,Mumbai,Maharashtra,UPI
100657,2026-08-14,107,Lakshmi,501,Laptop,Electronics,3,60000,500,COMPLETED,Chennai,Tamil Nadu,CARD
100658,2026-08-01,110,Vikram,505,Table,Furniture,3,10000,5000,CANCELLED,Kolkata,West Bengal,CARD
100659,2026-08-30,101,Ravi,503,Chair,Furniture,3,8000,0,RETURNED,Hyderabad,Telangana,NET_BANKING
100660,2026-08-18,108,Arjun,510,Bookshelf,Furniture,3,12000,0,CANCELLED,Hyderabad,Telangana,NET_BANKING
100661,2026-08-31,109,Sneha,504,Keyboard,Electronics,2,3000,0,COMPLETED,Delhi,Delhi,CARD
100662,2026-08-18,107,Lakshmi,509,Monitor,Electronics,4,20000,0,COMPLETED,Chennai,Tamil Nadu,CARD
100663,2026-08-11,104,Kumar,506,Headphones,Electronics,3,5000,500,COMPLETED,Bangalore,Karnataka,COD
100664,2026-08-04,109,Sneha,501,Laptop,Electronics,3,60000,5000,COMPLETED,Delhi,Delhi,CARD
100665,2026-08-13,101,Ravi,506,Headphones,Electronics,1,5000,2000,COMPLETED,Hyderabad,Telangana,NET_BANKING
100666,2026-08-27,101,Ravi,509,Monitor,Electronics,3,20000,5000,COMPLETED,Hyderabad,Telangana,UPI
100667,2026-08-11,105,Priya,504,Keyboard,Electronics,5,3000,0,COMPLETED,Mumbai,Maharashtra,CARD
100668,2026-08-01,109,Sneha,509,Monitor,Electronics,1,20000,200,CANCELLED,Delhi,Delhi,CARD
100669,2026-08-07,107,Lakshmi,502,Mouse,Electronics,5,1000,2000,COMPLETED,Chennai,Tamil Nadu,UPI
100670,2026-08-15,103,Sita,501,Laptop,Electronics,3,60000,0,COMPLETED,Chennai,Tamil Nadu,UPI
100671,2026-08-26,101,Ravi,503,Chair,Furniture,3,8000,0,COMPLETED,Hyderabad,Telangana,CARD
100672,2026-08-13,105,Priya,507,Desk,Furniture,4,15000,2000,COMPLETED,Mumbai,Maharashtra,NET_BANKING
100673,2026-08-22,101,Ravi,507,Desk,Furniture,1,15000,0,COMPLETED,Hyderabad,Telangana,UPI
100674,2026-08-23,110,Vikram,501,Laptop,Electronics,1,60000,1000,COMPLETED,Kolkata,West Bengal,UPI
100675,2026-08-20,105,Priya,505,Table,Furniture,1,10000,500,RETURNED,Mumbai,Maharashtra,COD
100676,2026-08-27,107,Lakshmi,507,Desk,Furniture,1,15000,5000,COMPLETED,Chennai,Tamil Nadu,CARD
100677,2026-08-26,103,Sita,507,Desk,Furniture,5,15000,500,COMPLETED,Chennai,Tamil Nadu,CARD
100678,2026-08-31,105,Priya,506,Headphones,Electronics,1,5000,100,COMPLETED,Mumbai,Maharashtra,UPI
100679,2026-08-20,101,Ravi,510,Bookshelf,Furniture,4,12000,0,COMPLETED,Hyderabad,Telangana,CARD
100680,2026-08-14,106,Ramesh,504,Keyboard,Electronics,5,3000,100,COMPLETED,Pune,Maharashtra,CARD
100681,2026-08-27,104,Kumar,510,Bookshelf,Furniture,3,12000,200,COMPLETED,Bangalore,Karnataka,CARD
100682,2026-08-28,110,Vikram,501,Laptop,Electronics,5,60000,5000,COMPLETED,Kolkata,West Bengal,UPI
100683,2026-08-09,105,Priya,502,Mouse,Electronics,1,1000,200,CANCELLED,Mumbai,Maharashtra,COD
100684,2026-08-05,106,Ramesh,506,Headphones,Electronics,2,5000,0,COMPLETED,Pune,Maharashtra,UPI
100685,2026-08-16,104,Kumar,506,Headphones,Electronics,4,5000,1000,COMPLETED,Bangalore,Karnataka,NET_BANKING
100686,2026-08-19,110,Vikram,503,Chair,Furniture,5,8000,1000,COMPLETED,Kolkata,West Bengal,COD
100687,2026-08-11,103,Sita,501,Laptop,Electronics,2,60000,200,CANCELLED,Chennai,Tamil Nadu,COD
100688,2026-08-05,105,Priya,506,Headphones,Electronics,3,5000,5000,COMPLETED,Mumbai,Maharashtra,COD
100689,2026-08-16,106,Ramesh,505,Table,Furniture,5,10000,0,COMPLETED,Pune,Maharashtra,UPI
100690,2026-08-29,105,Priya,503,Chair,Furniture,5,8000,200,COMPLETED,Mumbai,Maharashtra,UPI
100691,2026-08-28,102,Anil,501,Laptop,Electronics,5,60000,0,COMPLETED,Hyderabad,Telangana,COD
100692,2026-08-30,110,Vikram,504,Keyboard,Electronics,1,3000,500,COMPLETED,Kolkata,West Bengal,COD
100693,2026-08-13,103,Sita,506,Headphones,Electronics,2,5000,500,COMPLETED,Chennai,Tamil Nadu,COD
100694,2026-08-03,109,Sneha,509,Monitor,Electronics,4,20000,1000,COMPLETED,Delhi,Delhi,UPI
100695,2026-08-22,104,Kumar,510,Bookshelf,Furniture,2,12000,100,COMPLETED,Bangalore,Karnataka,CARD
100696,2026-08-31,103,Sita,510,Bookshelf,Furniture,5,12000,100,CANCELLED,Chennai,Tamil Nadu,COD
100697,2026-08-08,106,Ramesh,501,Laptop,Electronics,4,60000,200,COMPLETED,Pune,Maharashtra,NET_BANKING
100698,2026-08-02,106,Ramesh,504,Keyboard,Electronics,2,3000,1000,COMPLETED,Pune,Maharashtra,COD
100699,2026-08-02,108,Arjun,501,Laptop,Electronics,3,60000,0,CANCELLED,Hyderabad,Telangana,NET_BANKING
100700,2026-08-18,105,Priya,510,Bookshelf,Furniture,5,12000,100,COMPLETED,Mumbai,Maharashtra,COD
100701,2026-08-21,106,Ramesh,510,Bookshelf,Furniture,1,12000,500,COMPLETED,Pune,Maharashtra,CARD
100702,2026-08-12,109,Sneha,507,Desk,Furniture,3,15000,5000,COMPLETED,Delhi,Delhi,UPI
100703,2026-08-15,109,Sneha,503,Chair,Furniture,2,8000,200,COMPLETED,Delhi,Delhi,NET_BANKING
100704,2026-08-06,104,Kumar,503,Chair,Furniture,2,8000,1000,COMPLETED,Bangalore,Karnataka,UPI
100705,2026-08-26,104,Kumar,507,Desk,Furniture,3,15000,0,COMPLETED,Bangalore,Karnataka,COD
100706,2026-08-19,108,Arjun,504,Keyboard,Electronics,2,3000,2000,COMPLETED,Hyderabad,Telangana,CARD
100707,2026-08-19,101,Ravi,503,Chair,Furniture,5,8000,100,COMPLETED,Hyderabad,Telangana,UPI
100708,2026-08-02,110,Vikram,503,Chair,Furniture,2,8000,500,COMPLETED,Kolkata,West Bengal,COD
100709,2026-08-21,110,Vikram,510,Bookshelf,Furniture,1,12000,500,COMPLETED,Kolkata,West Bengal,CARD
100710,2026-08-16,108,Arjun,510,Bookshelf,Furniture,4,12000,100,COMPLETED,Hyderabad,Telangana,COD
100711,2026-08-26,110,Vikram,503,Chair,Furniture,5,8000,100,COMPLETED,Kolkata,West Bengal,NET_BANKING
100712,2026-08-30,103,Sita,506,Headphones,Electronics,4,5000,0,COMPLETED,Chennai,Tamil Nadu,COD
100713,2026-08-04,107,Lakshmi,503,Chair,Furniture,1,8000,200,COMPLETED,Chennai,Tamil Nadu,COD
100714,2026-08-04,103,Sita,510,Bookshelf,Furniture,2,12000,5000,COMPLETED,Chennai,Tamil Nadu,UPI
100715,2026-08-25,109,Sneha,509,Monitor,Electronics,1,20000,0,COMPLETED,Delhi,Delhi,CARD
100716,2026-08-27,110,Vikram,509,Monitor,Electronics,1,20000,2000,COMPLETED,Kolkata,West Bengal,COD
100717,2026-08-23,106,Ramesh,501,Laptop,Electronics,5,60000,2000,COMPLETED,Pune,Maharashtra,COD
100718,2026-08-19,107,Lakshmi,506,Headphones,Electronics,5,5000,0,COMPLETED,Chennai,Tamil Nadu,CARD
100719,2026-08-25,105,Priya,508,Mobile,Electronics,2,25000,0,COMPLETED,Mumbai,Maharashtra,COD
100720,2026-08-01,105,Priya,504,Keyboard,Electronics,1,3000,0,COMPLETED,Mumbai,Maharashtra,UPI
100721,2026-08-23,107,Lakshmi,504,Keyboard,Electronics,3,3000,2000,COMPLETED,Chennai,Tamil Nadu,UPI
100722,2026-08-21,103,Sita,507,Desk,Furniture,5,15000,500,COMPLETED,Chennai,Tamil Nadu,COD
100723,2026-08-20,110,Vikram,506,Headphones,Electronics,3,5000,2000,RETURNED,Kolkata,West Bengal,CARD
100724,2026-08-26,107,Lakshmi,509,Monitor,Electronics,5,20000,5000,COMPLETED,Chennai,Tamil Nadu,NET_BANKING
100725,2026-08-16,109,Sneha,509,Monitor,Electronics,3,20000,500,COMPLETED,Delhi,Delhi,NET_BANKING
100726,2026-08-28,107,Lakshmi,503,Chair,Furniture,1,8000,200,COMPLETED,Chennai,Tamil Nadu,CARD
100727,2026-08-17,102,Anil,504,Keyboard,Electronics,4,3000,1000,COMPLETED,Hyderabad,Telangana,UPI
100728,2026-08-31,103,Sita,507,Desk,Furniture,1,15000,0,COMPLETED,Chennai,Tamil Nadu,COD
100729,2026-08-03,110,Vikram,507,Desk,Furniture,1,15000,500,COMPLETED,Kolkata,West Bengal,NET_BANKING
100730,2026-08-02,102,Anil,510,Bookshelf,Furniture,4,12000,2000,COMPLETED,Hyderabad,Telangana,NET_BANKING
100731,2026-08-31,110,Vikram,501,Laptop,Electronics,2,60000,5000,COMPLETED,Kolkata,West Bengal,UPI
100732,2026-08-10,104,Kumar,509,Monitor,Electronics,2,20000,0,COMPLETED,Bangalore,Karnataka,CARD
100733,2026-08-22,110,Vikram,503,Chair,Furniture,1,8000,1000,COMPLETED,Kolkata,West Bengal,UPI
100734,2026-08-09,103,Sita,502,Mouse,Electronics,4,1000,1000,CANCELLED,Chennai,Tamil Nadu,COD
100735,2026-08-07,107,Lakshmi,510,Bookshelf,Furniture,5,12000,0,CANCELLED,Chennai,Tamil Nadu,UPI
100736,2026-08-10,102,Anil,509,Monitor,Electronics,5,20000,1000,COMPLETED,Hyderabad,Telangana,NET_BANKING
100737,2026-08-31,104,Kumar,510,Bookshelf,Furniture,2,12000,5000,COMPLETED,Bangalore,Karnataka,UPI
100738,2026-08-14,105,Priya,503,Chair,Furniture,5,8000,0,COMPLETED,Mumbai,Maharashtra,UPI
100739,2026-08-11,109,Sneha,505,Table,Furniture,1,10000,500,COMPLETED,Delhi,Delhi,NET_BANKING
100740,2026-08-19,108,Arjun,507,Desk,Furniture,4,15000,200,RETURNED,Hyderabad,Telangana,NET_BANKING
100741,2026-08-29,108,Arjun,508,Mobile,Electronics,5,25000,0,COMPLETED,Hyderabad,Telangana,UPI
100742,2026-08-13,105,Priya,502,Mouse,Electronics,2,1000,200,COMPLETED,Mumbai,Maharashtra,COD
100743,2026-08-18,106,Ramesh,509,Monitor,Electronics,1,20000,500,COMPLETED,Pune,Maharashtra,NET_BANKING
100744,2026-08-22,102,Anil,507,Desk,Furniture,3,15000,0,COMPLETED,Hyderabad,Telangana,CARD
100745,2026-08-12,108,Arjun,506,Headphones,Electronics,2,5000,500,COMPLETED,Hyderabad,Telangana,CARD
100746,2026-08-08,108,Arjun,504,Keyboard,Electronics,2,3000,500,COMPLETED,Hyderabad,Telangana,CARD
100747,2026-08-27,104,Kumar,504,Keyboard,Electronics,5,3000,1000,COMPLETED,Bangalore,Karnataka,UPI
100748,2026-08-22,102,Anil,502,Mouse,Electronics,4,1000,0,RETURNED,Hyderabad,Telangana,UPI
100749,2026-08-20,108,Arjun,506,Headphones,Electronics,3,5000,5000,COMPLETED,Hyderabad,Telangana,NET_BANKING
100750,2026-08-25,108,Arjun,503,Chair,Furniture,5,8000,500,COMPLETED,Hyderabad,Telangana,CARD
100751,2026-08-02,110,Vikram,503,Chair,Furniture,5,8000,2000,COMPLETED,Kolkata,West Bengal,UPI
100752,2026-08-13,109,Sneha,506,Headphones,Electronics,2,5000,5000,COMPLETED,Delhi,Delhi,COD
100753,2026-08-01,106,Ramesh,501,Laptop,Electronics,2,60000,2000,COMPLETED,Pune,Maharashtra,UPI
100754,2026-08-20,106,Ramesh,506,Headphones,Electronics,3,5000,100,COMPLETED,Pune,Maharashtra,NET_BANKING
100755,2026-08-16,104,Kumar,505,Table,Furniture,5,10000,1000,COMPLETED,Bangalore,Karnataka,CARD
100756,2026-08-07,108,Arjun,507,Desk,Furniture,4,15000,1000,COMPLETED,Hyderabad,Telangana,COD
100757,2026-08-06,105,Priya,508,Mobile,Electronics,5,25000,100,COMPLETED,Mumbai,Maharashtra,CARD
100758,2026-08-26,102,Anil,505,Table,Furniture,2,10000,2000,COMPLETED,Hyderabad,Telangana,CARD
100759,2026-08-16,103,Sita,503,Chair,Furniture,1,8000,100,COMPLETED,Chennai,Tamil Nadu,COD
100760,2026-08-18,103,Sita,509,Monitor,Electronics,3,20000,5000,COMPLETED,Chennai,Tamil Nadu,NET_BANKING
100761,2026-08-02,109,Sneha,510,Bookshelf,Furniture,4,12000,0,CANCELLED,Delhi,Delhi,CARD
100762,2026-08-27,101,Ravi,504,Keyboard,Electronics,3,3000,5000,COMPLETED,Hyderabad,Telangana,UPI
100763,2026-08-09,108,Arjun,506,Headphones,Electronics,3,5000,1000,COMPLETED,Hyderabad,Telangana,NET_BANKING
100764,2026-08-14,106,Ramesh,501,Laptop,Electronics,1,60000,1000,CANCELLED,Pune,Maharashtra,CARD
100765,2026-08-21,110,Vikram,510,Bookshelf,Furniture,5,12000,100,RETURNED,Kolkata,West Bengal,NET_BANKING
100766,2026-08-22,106,Ramesh,506,Headphones,Electronics,5,5000,5000,RETURNED,Pune,Maharashtra,COD
100767,2026-08-20,102,Anil,507,Desk,Furniture,3,15000,5000,COMPLETED,Hyderabad,Telangana,CARD
100768,2026-08-14,103,Sita,506,Headphones,Electronics,5,5000,2000,COMPLETED,Chennai,Tamil Nadu,UPI
100769,2026-08-08,103,Sita,506,Headphones,Electronics,3,5000,1000,COMPLETED,Chennai,Tamil Nadu,NET_BANKING
100770,2026-08-21,105,Priya,510,Bookshelf,Furniture,4,12000,500,COMPLETED,Mumbai,Maharashtra,NET_BANKING
100771,2026-08-31,110,Vikram,509,Monitor,Electronics,4,20000,2000,COMPLETED,Kolkata,West Bengal,CARD
100772,2026-08-24,101,Ravi,503,Chair,Furniture,2,8000,500,RETURNED,Hyderabad,Telangana,UPI
100773,2026-08-13,104,Kumar,503,Chair,Furniture,1,8000,0,COMPLETED,Bangalore,Karnataka,COD
100774,2026-08-01,109,Sneha,501,Laptop,Electronics,4,60000,0,COMPLETED,Delhi,Delhi,NET_BANKING
100775,2026-08-03,110,Vikram,503,Chair,Furniture,4,8000,500,COMPLETED,Kolkata,West Bengal,CARD
100776,2026-08-21,105,Priya,508,Mobile,Electronics,2,25000,100,COMPLETED,Mumbai,Maharashtra,CARD
100777,2026-08-22,101,Ravi,501,Laptop,Electronics,3,60000,1000,COMPLETED,Hyderabad,Telangana,COD
100778,2026-08-18,109,Sneha,505,Table,Furniture,4,10000,100,CANCELLED,Delhi,Delhi,CARD
100779,2026-08-15,110,Vikram,510,Bookshelf,Furniture,5,12000,2000,COMPLETED,Kolkata,West Bengal,NET_BANKING
100780,2026-08-18,106,Ramesh,508,Mobile,Electronics,2,25000,0,COMPLETED,Pune,Maharashtra,NET_BANKING
100781,2026-08-09,106,Ramesh,507,Desk,Furniture,2,15000,500,COMPLETED,Pune,Maharashtra,UPI
100782,2026-08-12,109,Sneha,503,Chair,Furniture,3,8000,5000,COMPLETED,Delhi,Delhi,UPI
100783,2026-08-10,108,Arjun,508,Mobile,Electronics,1,25000,2000,COMPLETED,Hyderabad,Telangana,CARD
100784,2026-08-12,101,Ravi,509,Monitor,Electronics,2,20000,2000,COMPLETED,Hyderabad,Telangana,COD
100785,2026-08-06,107,Lakshmi,504,Keyboard,Electronics,4,3000,2000,COMPLETED,Chennai,Tamil Nadu,NET_BANKING
100786,2026-08-21,102,Anil,507,Desk,Furniture,2,15000,500,COMPLETED,Hyderabad,Telangana,NET_BANKING
100787,2026-08-28,107,Lakshmi,504,Keyboard,Electronics,1,3000,100,COMPLETED,Chennai,Tamil Nadu,NET_BANKING
100788,2026-08-20,102,Anil,508,Mobile,Electronics,4,25000,500,CANCELLED,Hyderabad,Telangana,COD
100789,2026-08-01,104,Kumar,506,Headphones,Electronics,2,5000,0,COMPLETED,Bangalore,Karnataka,UPI
100790,2026-08-10,103,Sita,502,Mouse,Electronics,3,1000,100,CANCELLED,Chennai,Tamil Nadu,COD
100791,2026-08-03,101,Ravi,504,Keyboard,Electronics,2,3000,0,COMPLETED,Hyderabad,Telangana,CARD
100792,2026-08-10,106,Ramesh,507,Desk,Furniture,4,15000,1000,COMPLETED,Pune,Maharashtra,UPI
100793,2026-08-27,106,Ramesh,502,Mouse,Electronics,2,1000,0,COMPLETED,Pune,Maharashtra,COD
100794,2026-08-16,102,Anil,509,Monitor,Electronics,2,20000,200,COMPLETED,Hyderabad,Telangana,COD
100795,2026-08-25,101,Ravi,502,Mouse,Electronics,2,1000,2000,RETURNED,Hyderabad,Telangana,COD
100796,2026-08-07,104,Kumar,501,Laptop,Electronics,4,60000,0,COMPLETED,Bangalore,Karnataka,CARD
100797,2026-08-22,108,Arjun,507,Desk,Furniture,3,15000,1000,COMPLETED,Hyderabad,Telangana,UPI
100798,2026-08-04,109,Sneha,509,Monitor,Electronics,3,20000,5000,COMPLETED,Delhi,Delhi,NET_BANKING
100799,2026-08-29,104,Kumar,506,Headphones,Electronics,1,5000,200,COMPLETED,Bangalore,Karnataka,CARD
100800,2026-08-01,107,Lakshmi,506,Headphones,Electronics,2,5000,500,COMPLETED,Chennai,Tamil Nadu,UPI
100801,2026-08-01,107,Lakshmi,504,Keyboard,Electronics,1,3000,5000,CANCELLED,Chennai,Tamil Nadu,CARD
100802,2026-08-08,106,Ramesh,502,Mouse,Electronics,2,1000,5000,COMPLETED,Pune,Maharashtra,NET_BANKING
100803,2026-08-12,101,Ravi,501,Laptop,Electronics,2,60000,0,COMPLETED,Hyderabad,Telangana,COD
100804,2026-08-18,104,Kumar,506,Headphones,Electronics,3,5000,5000,CANCELLED,Bangalore,Karnataka,CARD
100805,2026-08-12,101,Ravi,507,Desk,Furniture,2,15000,500,COMPLETED,Hyderabad,Telangana,COD
100806,2026-08-10,108,Arjun,509,Monitor,Electronics,5,20000,5000,COMPLETED,Hyderabad,Telangana,CARD
100807,2026-08-11,109,Sneha,506,Headphones,Electronics,4,5000,500,COMPLETED,Delhi,Delhi,CARD
100808,2026-08-05,102,Anil,509,Monitor,Electronics,4,20000,500,COMPLETED,Hyderabad,Telangana,NET_BANKING
100809,2026-08-25,108,Arjun,501,Laptop,Electronics,5,60000,2000,CANCELLED,Hyderabad,Telangana,CARD
100810,2026-08-28,101,Ravi,510,Bookshelf,Furniture,3,12000,200,COMPLETED,Hyderabad,Telangana,UPI
100811,2026-08-07,109,Sneha,507,Desk,Furniture,5,15000,5000,RETURNED,Delhi,Delhi,CARD
100812,2026-08-11,110,Vikram,505,Table,Furniture,4,10000,1000,COMPLETED,Kolkata,West Bengal,UPI
100813,2026-08-02,109,Sneha,502,Mouse,Electronics,2,1000,100,COMPLETED,Delhi,Delhi,CARD
100814,2026-08-07,102,Anil,508,Mobile,Electronics,1,25000,0,COMPLETED,Hyderabad,Telangana,COD
100815,2026-08-20,108,Arjun,509,Monitor,Electronics,5,20000,500,COMPLETED,Hyderabad,Telangana,NET_BANKING
100816,2026-08-23,104,Kumar,510,Bookshelf,Furniture,1,12000,0,COMPLETED,Bangalore,Karnataka,COD
100817,2026-08-26,102,Anil,508,Mobile,Electronics,1,25000,1000,COMPLETED,Hyderabad,Telangana,COD
100818,2026-08-27,106,Ramesh,501,Laptop,Electronics,5,60000,500,COMPLETED,Pune,Maharashtra,UPI
100819,2026-08-03,102,Anil,505,Table,Furniture,2,10000,0,COMPLETED,Hyderabad,Telangana,CARD
100820,2026-08-07,109,Sneha,507,Desk,Furniture,2,15000,200,COMPLETED,Delhi,Delhi,CARD
100821,2026-08-14,109,Sneha,509,Monitor,Electronics,1,20000,1000,CANCELLED,Delhi,Delhi,COD
100822,2026-08-06,107,Lakshmi,502,Mouse,Electronics,2,1000,2000,COMPLETED,Chennai,Tamil Nadu,NET_BANKING
100823,2026-08-20,103,Sita,509,Monitor,Electronics,4,20000,1000,COMPLETED,Chennai,Tamil Nadu,NET_BANKING
100824,2026-08-25,106,Ramesh,507,Desk,Furniture,4,15000,1000,COMPLETED,Pune,Maharashtra,CARD
100825,2026-08-07,110,Vikram,509,Monitor,Electronics,4,20000,500,COMPLETED,Kolkata,West Bengal,COD
100826,2026-08-01,108,Arjun,507,Desk,Furniture,1,15000,500,COMPLETED,Hyderabad,Telangana,UPI
100827,2026-08-29,109,Sneha,503,Chair,Furniture,3,8000,0,COMPLETED,Delhi,Delhi,CARD
100828,2026-08-01,104,Kumar,506,Headphones,Electronics,3,5000,100,COMPLETED,Bangalore,Karnataka,UPI
100829,2026-08-05,108,Arjun,506,Headphones,Electronics,2,5000,500,COMPLETED,Hyderabad,Telangana,CARD
100830,2026-08-26,104,Kumar,505,Table,Furniture,3,10000,0,COMPLETED,Bangalore,Karnataka,COD
100831,2026-08-24,110,Vikram,504,Keyboard,Electronics,1,3000,1000,COMPLETED,Kolkata,West Bengal,CARD
100832,2026-08-27,108,Arjun,510,Bookshelf,Furniture,1,12000,500,COMPLETED,Hyderabad,Telangana,COD
100833,2026-08-30,102,Anil,501,Laptop,Electronics,3,60000,1000,COMPLETED,Hyderabad,Telangana,COD
100834,2026-08-24,102,Anil,504,Keyboard,Electronics,5,3000,0,COMPLETED,Hyderabad,Telangana,COD
100835,2026-08-17,101,Ravi,505,Table,Furniture,1,10000,1000,COMPLETED,Hyderabad,Telangana,CARD
100836,2026-08-23,106,Ramesh,509,Monitor,Electronics,2,20000,100,COMPLETED,Pune,Maharashtra,COD
100837,2026-08-19,108,Arjun,510,Bookshelf,Furniture,5,12000,0,COMPLETED,Hyderabad,Telangana,COD
100838,2026-08-05,105,Priya,507,Desk,Furniture,2,15000,1000,COMPLETED,Mumbai,Maharashtra,COD
100839,2026-08-18,110,Vikram,501,Laptop,Electronics,4,60000,500,COMPLETED,Kolkata,West Bengal,COD
100840,2026-08-25,109,Sneha,507,Desk,Furniture,2,15000,100,COMPLETED,Delhi,Delhi,CARD
100841,2026-08-21,108,Arjun,507,Desk,Furniture,5,15000,200,COMPLETED,Hyderabad,Telangana,CARD
100842,2026-08-09,104,Kumar,502,Mouse,Electronics,4,1000,1000,CANCELLED,Bangalore,Karnataka,UPI
100843,2026-08-14,102,Anil,507,Desk,Furniture,3,15000,1000,COMPLETED,Hyderabad,Telangana,NET_BANKING
100844,2026-08-21,106,Ramesh,510,Bookshelf,Furniture,1,12000,500,COMPLETED,Pune,Maharashtra,NET_BANKING
100845,2026-08-20,110,Vikram,508,Mobile,Electronics,2,25000,5000,COMPLETED,Kolkata,West Bengal,CARD
100846,2026-08-05,104,Kumar,506,Headphones,Electronics,1,5000,0,CANCELLED,Bangalore,Karnataka,UPI
100847,2026-08-30,104,Kumar,510,Bookshelf,Furniture,2,12000,500,COMPLETED,Bangalore,Karnataka,NET_BANKING
100848,2026-08-15,102,Anil,505,Table,Furniture,4,10000,0,COMPLETED,Hyderabad,Telangana,CARD
100849,2026-08-07,109,Sneha,504,Keyboard,Electronics,5,3000,500,COMPLETED,Delhi,Delhi,COD
100850,2026-08-23,110,Vikram,503,Chair,Furniture,1,8000,2000,COMPLETED,Kolkata,West Bengal,UPI
100851,2026-08-02,105,Priya,503,Chair,Furniture,3,8000,200,CANCELLED,Mumbai,Maharashtra,NET_BANKING
100852,2026-08-21,101,Ravi,508,Mobile,Electronics,1,25000,0,COMPLETED,Hyderabad,Telangana,NET_BANKING
100853,2026-08-01,106,Ramesh,502,Mouse,Electronics,3,1000,2000,COMPLETED,Pune,Maharashtra,COD
100854,2026-08-29,109,Sneha,502,Mouse,Electronics,3,1000,5000,COMPLETED,Delhi,Delhi,UPI
100855,2026-08-17,103,Sita,504,Keyboard,Electronics,4,3000,0,COMPLETED,Chennai,Tamil Nadu,CARD
100856,2026-08-11,109,Sneha,505,Table,Furniture,4,10000,2000,RETURNED,Delhi,Delhi,CARD
100857,2026-08-22,101,Ravi,506,Headphones,Electronics,3,5000,1000,COMPLETED,Hyderabad,Telangana,NET_BANKING
100858,2026-08-09,104,Kumar,509,Monitor,Electronics,1,20000,500,COMPLETED,Bangalore,Karnataka,UPI
100859,2026-08-08,109,Sneha,505,Table,Furniture,2,10000,1000,COMPLETED,Delhi,Delhi,CARD
100860,2026-08-17,102,Anil,507,Desk,Furniture,5,15000,200,COMPLETED,Hyderabad,Telangana,CARD
100861,2026-08-14,110,Vikram,503,Chair,Furniture,3,8000,1000,COMPLETED,Kolkata,West Bengal,CARD
100862,2026-08-19,104,Kumar,503,Chair,Furniture,5,8000,200,COMPLETED,Bangalore,Karnataka,NET_BANKING
100863,2026-08-14,109,Sneha,503,Chair,Furniture,2,8000,100,COMPLETED,Delhi,Delhi,UPI
100864,2026-08-31,109,Sneha,509,Monitor,Electronics,1,20000,100,COMPLETED,Delhi,Delhi,CARD
100865,2026-08-29,101,Ravi,506,Headphones,Electronics,4,5000,2000,COMPLETED,Hyderabad,Telangana,COD
100866,2026-08-25,105,Priya,503,Chair,Furniture,2,8000,0,COMPLETED,Mumbai,Maharashtra,CARD
100867,2026-08-20,101,Ravi,510,Bookshelf,Furniture,3,12000,200,COMPLETED,Hyderabad,Telangana,CARD
100868,2026-08-12,104,Kumar,501,Laptop,Electronics,1,60000,5000,COMPLETED,Bangalore,Karnataka,COD
100869,2026-08-28,106,Ramesh,503,Chair,Furniture,4,8000,5000,COMPLETED,Pune,Maharashtra,CARD
100870,2026-08-08,103,Sita,504,Keyboard,Electronics,1,3000,2000,RETURNED,Chennai,Tamil Nadu,UPI
100871,2026-08-08,105,Priya,507,Desk,Furniture,2,15000,200,COMPLETED,Mumbai,Maharashtra,CARD
100872,2026-08-16,108,Arjun,510,Bookshelf,Furniture,3,12000,5000,COMPLETED,Hyderabad,Telangana,COD
100873,2026-08-20,107,Lakshmi,501,Laptop,Electronics,4,60000,1000,COMPLETED,Chennai,Tamil Nadu,UPI
100874,2026-08-15,109,Sneha,502,Mouse,Electronics,4,1000,0,COMPLETED,Delhi,Delhi,COD
100875,2026-08-13,101,Ravi,509,Monitor,Electronics,5,20000,0,COMPLETED,Hyderabad,Telangana,NET_BANKING
100876,2026-08-29,108,Arjun,507,Desk,Furniture,3,15000,500,COMPLETED,Hyderabad,Telangana,CARD
100877,2026-08-20,107,Lakshmi,505,Table,Furniture,1,10000,100,COMPLETED,Chennai,Tamil Nadu,COD
100878,2026-08-04,102,Anil,509,Monitor,Electronics,2,20000,100,COMPLETED,Hyderabad,Telangana,COD
100879,2026-08-01,106,Ramesh,508,Mobile,Electronics,2,25000,5000,COMPLETED,Pune,Maharashtra,CARD
100880,2026-08-09,108,Arjun,502,Mouse,Electronics,3,1000,100,CANCELLED,Hyderabad,Telangana,UPI
100881,2026-08-23,102,Anil,502,Mouse,Electronics,4,1000,1000,COMPLETED,Hyderabad,Telangana,COD
100882,2026-08-31,109,Sneha,510,Bookshelf,Furniture,2,12000,2000,COMPLETED,Delhi,Delhi,COD
100883,2026-08-30,101,Ravi,503,Chair,Furniture,3,8000,100,COMPLETED,Hyderabad,Telangana,CARD
100884,2026-08-14,103,Sita,501,Laptop,Electronics,3,60000,500,CANCELLED,Chennai,Tamil Nadu,COD
100885,2026-08-04,105,Priya,503,Chair,Furniture,2,8000,200,COMPLETED,Mumbai,Maharashtra,NET_BANKING
100886,2026-08-16,101,Ravi,508,Mobile,Electronics,4,25000,0,COMPLETED,Hyderabad,Telangana,COD
100887,2026-08-19,104,Kumar,504,Keyboard,Electronics,4,3000,5000,COMPLETED,Bangalore,Karnataka,COD
100888,2026-08-20,102,Anil,510,Bookshelf,Furniture,1,12000,200,COMPLETED,Hyderabad,Telangana,NET_BANKING
100889,2026-08-27,110,Vikram,509,Monitor,Electronics,2,20000,0,COMPLETED,Kolkata,West Bengal,CARD
100890,2026-08-02,101,Ravi,506,Headphones,Electronics,2,5000,0,CANCELLED,Hyderabad,Telangana,NET_BANKING
100891,2026-08-02,106,Ramesh,502,Mouse,Electronics,1,1000,2000,COMPLETED,Pune,Maharashtra,CARD
100892,2026-08-22,105,Priya,510,Bookshelf,Furniture,5,12000,100,COMPLETED,Mumbai,Maharashtra,NET_BANKING
100893,2026-08-25,101,Ravi,502,Mouse,Electronics,3,1000,1000,COMPLETED,Hyderabad,Telangana,COD
100894,2026-08-27,102,Anil,507,Desk,Furniture,5,15000,0,COMPLETED,Hyderabad,Telangana,COD
100895,2026-08-23,103,Sita,502,Mouse,Electronics,3,1000,1000,COMPLETED,Chennai,Tamil Nadu,COD
100896,2026-08-23,109,Sneha,504,Keyboard,Electronics,2,3000,0,COMPLETED,Delhi,Delhi,UPI
100897,2026-08-30,108,Arjun,510,Bookshelf,Furniture,3,12000,2000,COMPLETED,Hyderabad,Telangana,NET_BANKING
100898,2026-08-19,105,Priya,509,Monitor,Electronics,5,20000,1000,COMPLETED,Mumbai,Maharashtra,COD
100899,2026-08-16,109,Sneha,508,Mobile,Electronics,2,25000,200,CANCELLED,Delhi,Delhi,NET_BANKING
100900,2026-08-04,104,Kumar,501,Laptop,Electronics,1,60000,5000,COMPLETED,Bangalore,Karnataka,UPI
100901,2026-08-14,104,Kumar,510,Bookshelf,Furniture,4,12000,0,COMPLETED,Bangalore,Karnataka,NET_BANKING
100902,2026-08-01,109,Sneha,504,Keyboard,Electronics,2,3000,500,COMPLETED,Delhi,Delhi,UPI
100903,2026-08-17,105,Priya,505,Table,Furniture,5,10000,1000,RETURNED,Mumbai,Maharashtra,UPI
100904,2026-08-11,102,Anil,506,Headphones,Electronics,4,5000,0,COMPLETED,Hyderabad,Telangana,CARD
100905,2026-08-30,106,Ramesh,506,Headphones,Electronics,4,5000,5000,COMPLETED,Pune,Maharashtra,CARD
100906,2026-08-21,108,Arjun,503,Chair,Furniture,4,8000,1000,COMPLETED,Hyderabad,Telangana,COD
100907,2026-08-10,101,Ravi,509,Monitor,Electronics,5,20000,1000,COMPLETED,Hyderabad,Telangana,UPI
100908,2026-08-22,104,Kumar,510,Bookshelf,Furniture,3,12000,1000,COMPLETED,Bangalore,Karnataka,CARD
100909,2026-08-11,105,Priya,501,Laptop,Electronics,4,60000,100,COMPLETED,Mumbai,Maharashtra,COD
100910,2026-08-04,103,Sita,510,Bookshelf,Furniture,3,12000,1000,CANCELLED,Chennai,Tamil Nadu,UPI
100911,2026-08-03,105,Priya,507,Desk,Furniture,4,15000,200,COMPLETED,Mumbai,Maharashtra,COD
100912,2026-08-17,105,Priya,504,Keyboard,Electronics,3,3000,100,COMPLETED,Mumbai,Maharashtra,NET_BANKING
100913,2026-08-30,101,Ravi,504,Keyboard,Electronics,1,3000,5000,COMPLETED,Hyderabad,Telangana,UPI
100914,2026-08-05,108,Arjun,509,Monitor,Electronics,2,20000,1000,COMPLETED,Hyderabad,Telangana,NET_BANKING
100915,2026-08-25,106,Ramesh,503,Chair,Furniture,1,8000,100,COMPLETED,Pune,Maharashtra,UPI
100916,2026-08-23,108,Arjun,507,Desk,Furniture,5,15000,0,COMPLETED,Hyderabad,Telangana,NET_BANKING
100917,2026-08-28,101,Ravi,510,Bookshelf,Furniture,1,12000,1000,COMPLETED,Hyderabad,Telangana,UPI
100918,2026-08-25,102,Anil,509,Monitor,Electronics,3,20000,0,COMPLETED,Hyderabad,Telangana,NET_BANKING
100919,2026-08-07,104,Kumar,506,Headphones,Electronics,2,5000,500,COMPLETED,Bangalore,Karnataka,NET_BANKING
100920,2026-08-09,108,Arjun,502,Mouse,Electronics,2,1000,100,COMPLETED,Hyderabad,Telangana,UPI
100921,2026-08-18,101,Ravi,510,Bookshelf,Furniture,5,12000,0,COMPLETED,Hyderabad,Telangana,NET_BANKING
100922,2026-08-09,109,Sneha,506,Headphones,Electronics,2,5000,500,COMPLETED,Delhi,Delhi,CARD
100923,2026-08-10,103,Sita,502,Mouse,Electronics,5,1000,1000,COMPLETED,Chennai,Tamil Nadu,COD
100924,2026-08-01,101,Ravi,503,Chair,Furniture,4,8000,0,COMPLETED,Hyderabad,Telangana,COD
100925,2026-08-14,101,Ravi,502,Mouse,Electronics,4,1000,100,CANCELLED,Hyderabad,Telangana,COD
100926,2026-08-10,110,Vikram,506,Headphones,Electronics,3,5000,200,CANCELLED,Kolkata,West Bengal,UPI
100927,2026-08-05,108,Arjun,510,Bookshelf,Furniture,1,12000,5000,COMPLETED,Hyderabad,Telangana,COD
100928,2026-08-16,105,Priya,508,Mobile,Electronics,2,25000,200,COMPLETED,Mumbai,Maharashtra,NET_BANKING
100929,2026-08-06,106,Ramesh,507,Desk,Furniture,3,15000,1000,COMPLETED,Pune,Maharashtra,COD
100930,2026-08-16,101,Ravi,502,Mouse,Electronics,1,1000,1000,COMPLETED,Hyderabad,Telangana,COD
100931,2026-08-25,103,Sita,505,Table,Furniture,3,10000,100,COMPLETED,Chennai,Tamil Nadu,UPI
100932,2026-08-11,107,Lakshmi,502,Mouse,Electronics,5,1000,0,COMPLETED,Chennai,Tamil Nadu,COD
100933,2026-08-14,107,Lakshmi,510,Bookshelf,Furniture,2,12000,200,COMPLETED,Chennai,Tamil Nadu,CARD
100934,2026-08-03,108,Arjun,507,Desk,Furniture,3,15000,200,CANCELLED,Hyderabad,Telangana,COD
100935,2026-08-26,107,Lakshmi,510,Bookshelf,Furniture,3,12000,200,COMPLETED,Chennai,Tamil Nadu,UPI
100936,2026-08-04,110,Vikram,508,Mobile,Electronics,5,25000,5000,COMPLETED,Kolkata,West Bengal,UPI
100937,2026-08-10,108,Arjun,503,Chair,Furniture,4,8000,0,COMPLETED,Hyderabad,Telangana,UPI
100938,2026-08-11,110,Vikram,507,Desk,Furniture,4,15000,0,COMPLETED,Kolkata,West Bengal,CARD
100939,2026-08-29,103,Sita,510,Bookshelf,Furniture,1,12000,100,COMPLETED,Chennai,Tamil Nadu,CARD
100940,2026-08-10,108,Arjun,509,Monitor,Electronics,4,20000,5000,COMPLETED,Hyderabad,Telangana,CARD
100941,2026-08-19,106,Ramesh,505,Table,Furniture,3,10000,2000,CANCELLED,Pune,Maharashtra,NET_BANKING
100942,2026-08-01,102,Anil,510,Bookshelf,Furniture,5,12000,2000,COMPLETED,Hyderabad,Telangana,NET_BANKING
100943,2026-08-29,101,Ravi,506,Headphones,Electronics,5,5000,0,COMPLETED,Hyderabad,Telangana,NET_BANKING
100944,2026-08-28,102,Anil,505,Table,Furniture,1,10000,200,COMPLETED,Hyderabad,Telangana,COD
100945,2026-08-13,106,Ramesh,507,Desk,Furniture,4,15000,2000,COMPLETED,Pune,Maharashtra,CARD
100946,2026-08-05,103,Sita,508,Mobile,Electronics,2,25000,2000,COMPLETED,Chennai,Tamil Nadu,COD
100947,2026-08-28,103,Sita,505,Table,Furniture,2,10000,100,COMPLETED,Chennai,Tamil Nadu,UPI
100948,2026-08-24,101,Ravi,503,Chair,Furniture,4,8000,2000,COMPLETED,Hyderabad,Telangana,UPI
100949,2026-08-28,103,Sita,507,Desk,Furniture,4,15000,2000,COMPLETED,Chennai,Tamil Nadu,CARD
100950,2026-08-14,108,Arjun,509,Monitor,Electronics,5,20000,5000,COMPLETED,Hyderabad,Telangana,NET_BANKING
100951,2026-08-14,104,Kumar,503,Chair,Furniture,5,8000,0,COMPLETED,Bangalore,Karnataka,COD
100952,2026-08-09,104,Kumar,509,Monitor,Electronics,4,20000,1000,COMPLETED,Bangalore,Karnataka,UPI
100953,2026-08-23,110,Vikram,508,Mobile,Electronics,3,25000,0,COMPLETED,Kolkata,West Bengal,COD
100954,2026-08-24,102,Anil,503,Chair,Furniture,5,8000,500,COMPLETED,Hyderabad,Telangana,UPI
100955,2026-08-03,109,Sneha,510,Bookshelf,Furniture,2,12000,5000,COMPLETED,Delhi,Delhi,UPI
100956,2026-08-10,109,Sneha,510,Bookshelf,Furniture,5,12000,0,COMPLETED,Delhi,Delhi,UPI
100957,2026-08-17,108,Arjun,508,Mobile,Electronics,4,25000,1000,COMPLETED,Hyderabad,Telangana,NET_BANKING
100958,2026-08-06,105,Priya,505,Table,Furniture,1,10000,500,CANCELLED,Mumbai,Maharashtra,NET_BANKING
100959,2026-08-19,101,Ravi,508,Mobile,Electronics,2,25000,0,COMPLETED,Hyderabad,Telangana,NET_BANKING
100960,2026-08-10,110,Vikram,501,Laptop,Electronics,4,60000,0,COMPLETED,Kolkata,West Bengal,UPI
100961,2026-08-05,105,Priya,505,Table,Furniture,5,10000,500,COMPLETED,Mumbai,Maharashtra,NET_BANKING
100962,2026-08-20,101,Ravi,502,Mouse,Electronics,2,1000,100,COMPLETED,Hyderabad,Telangana,COD
100963,2026-08-09,106,Ramesh,503,Chair,Furniture,2,8000,5000,COMPLETED,Pune,Maharashtra,UPI
100964,2026-08-31,106,Ramesh,502,Mouse,Electronics,2,1000,100,COMPLETED,Pune,Maharashtra,COD
100965,2026-08-22,107,Lakshmi,504,Keyboard,Electronics,4,3000,100,COMPLETED,Chennai,Tamil Nadu,NET_BANKING
100966,2026-08-25,101,Ravi,505,Table,Furniture,1,10000,0,COMPLETED,Hyderabad,Telangana,COD
100967,2026-08-10,107,Lakshmi,508,Mobile,Electronics,4,25000,200,COMPLETED,Chennai,Tamil Nadu,COD
100968,2026-08-05,108,Arjun,505,Table,Furniture,5,10000,2000,COMPLETED,Hyderabad,Telangana,NET_BANKING
100969,2026-08-22,108,Arjun,507,Desk,Furniture,3,15000,0,COMPLETED,Hyderabad,Telangana,NET_BANKING
100970,2026-08-30,107,Lakshmi,510,Bookshelf,Furniture,3,12000,1000,COMPLETED,Chennai,Tamil Nadu,NET_BANKING
100971,2026-08-21,102,Anil,505,Table,Furniture,5,10000,2000,COMPLETED,Hyderabad,Telangana,CARD
100972,2026-08-17,110,Vikram,504,Keyboard,Electronics,3,3000,100,COMPLETED,Kolkata,West Bengal,UPI
100973,2026-08-01,101,Ravi,502,Mouse,Electronics,4,1000,0,COMPLETED,Hyderabad,Telangana,UPI
100974,2026-08-08,108,Arjun,506,Headphones,Electronics,3,5000,500,COMPLETED,Hyderabad,Telangana,UPI
100975,2026-08-03,101,Ravi,510,Bookshelf,Furniture,1,12000,200,COMPLETED,Hyderabad,Telangana,UPI
100976,2026-08-28,102,Anil,502,Mouse,Electronics,5,1000,100,COMPLETED,Hyderabad,Telangana,CARD
100977,2026-08-09,102,Anil,503,Chair,Furniture,3,8000,5000,COMPLETED,Hyderabad,Telangana,UPI
100978,2026-08-25,108,Arjun,505,Table,Furniture,4,10000,1000,COMPLETED,Hyderabad,Telangana,CARD
100979,2026-08-25,102,Anil,505,Table,Furniture,1,10000,2000,COMPLETED,Hyderabad,Telangana,NET_BANKING
100980,2026-08-31,101,Ravi,505,Table,Furniture,3,10000,100,COMPLETED,Hyderabad,Telangana,UPI
100981,2026-08-20,108,Arjun,504,Keyboard,Electronics,4,3000,100,COMPLETED,Hyderabad,Telangana,COD
100982,2026-08-18,102,Anil,503,Chair,Furniture,4,8000,200,COMPLETED,Hyderabad,Telangana,UPI
100983,2026-08-04,108,Arjun,505,Table,Furniture,1,10000,0,COMPLETED,Hyderabad,Telangana,NET_BANKING
100984,2026-08-29,108,Arjun,501,Laptop,Electronics,4,60000,100,COMPLETED,Hyderabad,Telangana,UPI
100985,2026-08-09,101,Ravi,507,Desk,Furniture,2,15000,1000,COMPLETED,Hyderabad,Telangana,UPI
100986,2026-08-16,109,Sneha,508,Mobile,Electronics,4,25000,2000,CANCELLED,Delhi,Delhi,UPI
100987,2026-08-01,109,Sneha,504,Keyboard,Electronics,4,3000,5000,COMPLETED,Delhi,Delhi,NET_BANKING
100988,2026-08-13,106,Ramesh,505,Table,Furniture,1,10000,0,COMPLETED,Pune,Maharashtra,NET_BANKING
100989,2026-08-25,102,Anil,508,Mobile,Electronics,3,25000,200,COMPLETED,Hyderabad,Telangana,UPI
100990,2026-08-10,107,Lakshmi,504,Keyboard,Electronics,4,3000,0,COMPLETED,Chennai,Tamil Nadu,NET_BANKING
100991,2026-08-29,108,Arjun,502,Mouse,Electronics,4,1000,200,COMPLETED,Hyderabad,Telangana,UPI
100992,2026-08-24,104,Kumar,501,Laptop,Electronics,5,60000,200,COMPLETED,Bangalore,Karnataka,COD
100993,2026-08-21,102,Anil,509,Monitor,Electronics,3,20000,5000,COMPLETED,Hyderabad,Telangana,COD
100994,2026-08-11,101,Ravi,501,Laptop,Electronics,1,60000,1000,CANCELLED,Hyderabad,Telangana,UPI
100995,2026-08-07,107,Lakshmi,502,Mouse,Electronics,5,1000,5000,CANCELLED,Chennai,Tamil Nadu,CARD
100996,2026-08-30,110,Vikram,504,Keyboard,Electronics,1,3000,0,CANCELLED,Kolkata,West Bengal,CARD
100997,2026-08-16,108,Arjun,501,Laptop,Electronics,5,60000,0,COMPLETED,Hyderabad,Telangana,CARD
100998,2026-08-21,101,Ravi,503,Chair,Furniture,1,8000,500,COMPLETED,Hyderabad,Telangana,COD
100999,2026-08-27,110,Vikram,503,Chair,Furniture,5,8000,0,COMPLETED,Kolkata,West Bengal,UPI
101000,2026-08-26,108,Arjun,510,Bookshelf,Furniture,5,12000,200,COMPLETED,Hyderabad,Telangana,CARD
101001,2026-08-26,107,Lakshmi,506,Headphones,Electronics,4,5000,1000,COMPLETED,Chennai,Tamil Nadu,CARD
101002,2026-08-25,106,Ramesh,504,Keyboard,Electronics,1,3000,100,COMPLETED,Pune,Maharashtra,UPI
101003,2026-08-05,102,Anil,505,Table,Furniture,4,10000,100,CANCELLED,Hyderabad,Telangana,NET_BANKING
101004,2026-08-15,109,Sneha,503,Chair,Furniture,2,8000,0,COMPLETED,Delhi,Delhi,UPI
101005,2026-08-25,110,Vikram,507,Desk,Furniture,2,15000,0,COMPLETED,Kolkata,West Bengal,UPI
101006,2026-08-06,101,Ravi,501,Laptop,Electronics,1,60000,500,COMPLETED,Hyderabad,Telangana,COD
101007,2026-08-05,103,Sita,504,Keyboard,Electronics,3,3000,5000,COMPLETED,Chennai,Tamil Nadu,CARD
101008,2026-08-23,103,Sita,510,Bookshelf,Furniture,1,12000,100,CANCELLED,Chennai,Tamil Nadu,COD
101009,2026-08-21,110,Vikram,502,Mouse,Electronics,3,1000,1000,COMPLETED,Kolkata,West Bengal,UPI
101010,2026-08-07,109,Sneha,504,Keyboard,Electronics,1,3000,0,COMPLETED,Delhi,Delhi,NET_BANKING
101011,2026-08-08,109,Sneha,509,Monitor,Electronics,4,20000,200,COMPLETED,Delhi,Delhi,UPI
101012,2026-08-26,104,Kumar,502,Mouse,Electronics,2,1000,5000,COMPLETED,Bangalore,Karnataka,CARD
101013,2026-08-02,103,Sita,501,Laptop,Electronics,3,60000,500,COMPLETED,Chennai,Tamil Nadu,COD
101014,2026-08-20,105,Priya,506,Headphones,Electronics,4,5000,0,COMPLETED,Mumbai,Maharashtra,UPI
101015,2026-08-06,109,Sneha,503,Chair,Furniture,1,8000,5000,COMPLETED,Delhi,Delhi,UPI
101016,2026-08-24,102,Anil,504,Keyboard,Electronics,4,3000,1000,COMPLETED,Hyderabad,Telangana,CARD
101017,2026-08-25,106,Ramesh,504,Keyboard,Electronics,1,3000,1000,COMPLETED,Pune,Maharashtra,UPI
101018,2026-08-28,104,Kumar,507,Desk,Furniture,2,15000,2000,COMPLETED,Bangalore,Karnataka,UPI
101019,2026-08-16,108,Arjun,510,Bookshelf,Furniture,1,12000,2000,COMPLETED,Hyderabad,Telangana,CARD
101020,2026-08-06,110,Vikram,508,Mobile,Electronics,4,25000,1000,COMPLETED,Kolkata,West Bengal,COD
101021,2026-08-09,104,Kumar,506,Headphones,Electronics,2,5000,1000,COMPLETED,Bangalore,Karnataka,UPI
101022,2026-08-09,110,Vikram,501,Laptop,Electronics,2,60000,0,COMPLETED,Kolkata,West Bengal,COD
101023,2026-08-25,107,Lakshmi,503,Chair,Furniture,3,8000,200,COMPLETED,Chennai,Tamil Nadu,CARD
101024,2026-08-19,110,Vikram,503,Chair,Furniture,5,8000,200,COMPLETED,Kolkata,West Bengal,COD
101025,2026-08-28,109,Sneha,508,Mobile,Electronics,2,25000,5000,COMPLETED,Delhi,Delhi,NET_BANKING
101026,2026-08-24,101,Ravi,507,Desk,Furniture,2,15000,200,COMPLETED,Hyderabad,Telangana,COD
101027,2026-08-29,110,Vikram,504,Keyboard,Electronics,5,3000,100,COMPLETED,Kolkata,West Bengal,UPI
101028,2026-08-02,107,Lakshmi,501,Laptop,Electronics,4,60000,0,COMPLETED,Chennai,Tamil Nadu,COD
101029,2026-08-15,108,Arjun,502,Mouse,Electronics,4,1000,200,COMPLETED,Hyderabad,Telangana,UPI
101030,2026-08-05,107,Lakshmi,504,Keyboard,Electronics,3,3000,500,COMPLETED,Chennai,Tamil Nadu,UPI
101031,2026-08-22,101,Ravi,508,Mobile,Electronics,3,25000,100,CANCELLED,Hyderabad,Telangana,COD
101032,2026-08-01,110,Vikram,510,Bookshelf,Furniture,4,12000,5000,RETURNED,Kolkata,West Bengal,CARD
101033,2026-08-26,107,Lakshmi,503,Chair,Furniture,3,8000,5000,CANCELLED,Chennai,Tamil Nadu,UPI
101034,2026-08-29,102,Anil,507,Desk,Furniture,3,15000,0,COMPLETED,Hyderabad,Telangana,COD
101035,2026-08-18,105,Priya,510,Bookshelf,Furniture,5,12000,200,CANCELLED,Mumbai,Maharashtra,UPI
101036,2026-08-24,110,Vikram,506,Headphones,Electronics,1,5000,1000,COMPLETED,Kolkata,West Bengal,UPI
101037,2026-08-15,107,Lakshmi,506,Headphones,Electronics,5,5000,0,COMPLETED,Chennai,Tamil Nadu,NET_BANKING
101038,2026-08-23,103,Sita,509,Monitor,Electronics,1,20000,200,COMPLETED,Chennai,Tamil Nadu,NET_BANKING
101039,2026-08-04,104,Kumar,509,Monitor,Electronics,4,20000,200,RETURNED,Bangalore,Karnataka,CARD
101040,2026-08-29,106,Ramesh,506,Headphones,Electronics,3,5000,2000,COMPLETED,Pune,Maharashtra,UPI
101041,2026-08-12,102,Anil,506,Headphones,Electronics,4,5000,5000,COMPLETED,Hyderabad,Telangana,UPI
101042,2026-08-22,108,Arjun,509,Monitor,Electronics,5,20000,500,COMPLETED,Hyderabad,Telangana,NET_BANKING
101043,2026-08-29,102,Anil,504,Keyboard,Electronics,4,3000,0,COMPLETED,Hyderabad,Telangana,COD
101044,2026-08-31,103,Sita,505,Table,Furniture,1,10000,0,COMPLETED,Chennai,Tamil Nadu,NET_BANKING
101045,2026-08-16,102,Anil,503,Chair,Furniture,2,8000,200,COMPLETED,Hyderabad,Telangana,UPI
101046,2026-08-22,105,Priya,507,Desk,Furniture,5,15000,100,COMPLETED,Mumbai,Maharashtra,NET_BANKING
101047,2026-08-24,107,Lakshmi,508,Mobile,Electronics,1,25000,500,COMPLETED,Chennai,Tamil Nadu,UPI
101048,2026-08-27,101,Ravi,504,Keyboard,Electronics,5,3000,1000,COMPLETED,Hyderabad,Telangana,NET_BANKING
101049,2026-08-19,106,Ramesh,508,Mobile,Electronics,5,25000,5000,COMPLETED,Pune,Maharashtra,NET_BANKING
101050,2026-08-29,110,Vikram,503,Chair,Furniture,3,8000,100,COMPLETED,Kolkata,West Bengal,CARD
101051,2026-08-10,108,Arjun,506,Headphones,Electronics,1,5000,100,COMPLETED,Hyderabad,Telangana,NET_BANKING
101052,2026-08-20,108,Arjun,503,Chair,Furniture,2,8000,500,COMPLETED,Hyderabad,Telangana,CARD
101053,2026-08-08,103,Sita,503,Chair,Furniture,1,8000,0,COMPLETED,Chennai,Tamil Nadu,CARD
101054,2026-08-12,108,Arjun,505,Table,Furniture,2,10000,200,COMPLETED,Hyderabad,Telangana,UPI
101055,2026-08-05,106,Ramesh,506,Headphones,Electronics,3,5000,5000,COMPLETED,Pune,Maharashtra,CARD
101056,2026-08-04,109,Sneha,505,Table,Furniture,1,10000,2000,COMPLETED,Delhi,Delhi,CARD
101057,2026-08-05,108,Arjun,506,Headphones,Electronics,1,5000,1000,COMPLETED,Hyderabad,Telangana,NET_BANKING
101058,2026-08-31,108,Arjun,505,Table,Furniture,5,10000,100,COMPLETED,Hyderabad,Telangana,COD
101059,2026-08-24,106,Ramesh,502,Mouse,Electronics,4,1000,0,COMPLETED,Pune,Maharashtra,UPI
101060,2026-08-13,105,Priya,501,Laptop,Electronics,5,60000,200,COMPLETED,Mumbai,Maharashtra,NET_BANKING
101061,2026-08-02,102,Anil,506,Headphones,Electronics,5,5000,200,COMPLETED,Hyderabad,Telangana,CARD
101062,2026-08-01,105,Priya,504,Keyboard,Electronics,1,3000,5000,CANCELLED,Mumbai,Maharashtra,UPI
101063,2026-08-07,109,Sneha,507,Desk,Furniture,4,15000,1000,COMPLETED,Delhi,Delhi,UPI
101064,2026-08-05,106,Ramesh,507,Desk,Furniture,4,15000,1000,COMPLETED,Pune,Maharashtra,NET_BANKING
101065,2026-08-12,101,Ravi,505,Table,Furniture,3,10000,500,COMPLETED,Hyderabad,Telangana,UPI
101066,2026-08-24,104,Kumar,508,Mobile,Electronics,4,25000,5000,COMPLETED,Bangalore,Karnataka,CARD
101067,2026-08-05,107,Lakshmi,507,Desk,Furniture,5,15000,0,COMPLETED,Chennai,Tamil Nadu,CARD
101068,2026-08-28,105,Priya,508,Mobile,Electronics,5,25000,1000,COMPLETED,Mumbai,Maharashtra,COD
101069,2026-08-14,102,Anil,501,Laptop,Electronics,3,60000,2000,COMPLETED,Hyderabad,Telangana,COD
101070,2026-08-07,110,Vikram,503,Chair,Furniture,2,8000,2000,COMPLETED,Kolkata,West Bengal,COD
101071,2026-08-27,101,Ravi,505,Table,Furniture,5,10000,500,COMPLETED,Hyderabad,Telangana,COD
101072,2026-08-26,104,Kumar,501,Laptop,Electronics,1,60000,100,COMPLETED,Bangalore,Karnataka,NET_BANKING
101073,2026-08-21,108,Arjun,502,Mouse,Electronics,3,1000,2000,COMPLETED,Hyderabad,Telangana,COD
101074,2026-08-04,104,Kumar,501,Laptop,Electronics,3,60000,5000,COMPLETED,Bangalore,Karnataka,NET_BANKING
101075,2026-08-19,110,Vikram,508,Mobile,Electronics,4,25000,500,COMPLETED,Kolkata,West Bengal,COD
101076,2026-08-17,102,Anil,506,Headphones,Electronics,5,5000,0,COMPLETED,Hyderabad,Telangana,CARD
101077,2026-08-05,110,Vikram,501,Laptop,Electronics,3,60000,5000,CANCELLED,Kolkata,West Bengal,CARD
101078,2026-08-02,106,Ramesh,503,Chair,Furniture,3,8000,1000,COMPLETED,Pune,Maharashtra,NET_BANKING
101079,2026-08-10,101,Ravi,505,Table,Furniture,5,10000,0,COMPLETED,Hyderabad,Telangana,CARD
101080,2026-08-20,103,Sita,502,Mouse,Electronics,2,1000,1000,COMPLETED,Chennai,Tamil Nadu,NET_BANKING
101081,2026-08-04,105,Priya,506,Headphones,Electronics,5,5000,1000,COMPLETED,Mumbai,Maharashtra,UPI
101082,2026-08-10,103,Sita,509,Monitor,Electronics,3,20000,5000,COMPLETED,Chennai,Tamil Nadu,NET_BANKING
101083,2026-08-07,103,Sita,502,Mouse,Electronics,2,1000,200,COMPLETED,Chennai,Tamil Nadu,UPI
101084,2026-08-30,107,Lakshmi,508,Mobile,Electronics,1,25000,0,COMPLETED,Chennai,Tamil Nadu,UPI
101085,2026-08-10,108,Arjun,506,Headphones,Electronics,3,5000,100,COMPLETED,Hyderabad,Telangana,NET_BANKING
101086,2026-08-01,103,Sita,505,Table,Furniture,1,10000,200,COMPLETED,Chennai,Tamil Nadu,CARD
101087,2026-08-05,104,Kumar,505,Table,Furniture,2,10000,100,COMPLETED,Bangalore,Karnataka,COD
101088,2026-08-01,102,Anil,502,Mouse,Electronics,4,1000,2000,COMPLETED,Hyderabad,Telangana,CARD
101089,2026-08-26,102,Anil,501,Laptop,Electronics,5,60000,0,COMPLETED,Hyderabad,Telangana,UPI
101090,2026-08-03,105,Priya,501,Laptop,Electronics,3,60000,0,RETURNED,Mumbai,Maharashtra,UPI
101091,2026-08-07,102,Anil,510,Bookshelf,Furniture,5,12000,200,COMPLETED,Hyderabad,Telangana,NET_BANKING
101092,2026-08-05,101,Ravi,502,Mouse,Electronics,3,1000,1000,COMPLETED,Hyderabad,Telangana,CARD
101093,2026-08-08,109,Sneha,510,Bookshelf,Furniture,5,12000,0,COMPLETED,Delhi,Delhi,UPI
101094,2026-08-23,109,Sneha,504,Keyboard,Electronics,2,3000,500,COMPLETED,Delhi,Delhi,UPI
101095,2026-08-30,102,Anil,504,Keyboard,Electronics,5,3000,5000,COMPLETED,Hyderabad,Telangana,CARD
101096,2026-08-06,108,Arjun,502,Mouse,Electronics,3,1000,2000,COMPLETED,Hyderabad,Telangana,CARD
101097,2026-08-14,109,Sneha,504,Keyboard,Electronics,1,3000,1000,COMPLETED,Delhi,Delhi,COD
101098,2026-08-05,102,Anil,509,Monitor,Electronics,4,20000,1000,CANCELLED,Hyderabad,Telangana,NET_BANKING
101099,2026-08-03,109,Sneha,501,Laptop,Electronics,3,60000,5000,COMPLETED,Delhi,Delhi,COD
101100,2026-08-20,105,Priya,508,Mobile,Electronics,3,25000,5000,COMPLETED,Mumbai,Maharashtra,COD
101101,2026-08-07,105,Priya,507,Desk,Furniture,1,15000,5000,CANCELLED,Mumbai,Maharashtra,NET_BANKING
101102,2026-08-22,103,Sita,501,Laptop,Electronics,4,60000,0,COMPLETED,Chennai,Tamil Nadu,COD
101103,2026-08-04,109,Sneha,502,Mouse,Electronics,2,1000,2000,COMPLETED,Delhi,Delhi,UPI
101104,2026-08-12,103,Sita,502,Mouse,Electronics,2,1000,1000,COMPLETED,Chennai,Tamil Nadu,COD
101105,2026-08-27,102,Anil,504,Keyboard,Electronics,4,3000,5000,COMPLETED,Hyderabad,Telangana,NET_BANKING
101106,2026-08-16,107,Lakshmi,506,Headphones,Electronics,5,5000,2000,COMPLETED,Chennai,Tamil Nadu,NET_BANKING
101107,2026-08-04,103,Sita,508,Mobile,Electronics,1,25000,500,COMPLETED,Chennai,Tamil Nadu,COD
101108,2026-08-01,104,Kumar,503,Chair,Furniture,1,8000,0,COMPLETED,Bangalore,Karnataka,COD
101109,2026-08-13,101,Ravi,503,Chair,Furniture,5,8000,1000,COMPLETED,Hyderabad,Telangana,NET_BANKING
101110,2026-08-04,110,Vikram,510,Bookshelf,Furniture,1,12000,5000,COMPLETED,Kolkata,West Bengal,CARD
101111,2026-08-16,105,Priya,508,Mobile,Electronics,5,25000,500,COMPLETED,Mumbai,Maharashtra,NET_BANKING
101112,2026-08-01,109,Sneha,509,Monitor,Electronics,1,20000,2000,COMPLETED,Delhi,Delhi,COD
101113,2026-08-28,108,Arjun,506,Headphones,Electronics,4,5000,5000,COMPLETED,Hyderabad,Telangana,UPI
101114,2026-08-18,101,Ravi,503,Chair,Furniture,3,8000,100,COMPLETED,Hyderabad,Telangana,COD
101115,2026-08-23,103,Sita,505,Table,Furniture,4,10000,5000,RETURNED,Chennai,Tamil Nadu,UPI
101116,2026-08-22,110,Vikram,508,Mobile,Electronics,5,25000,5000,COMPLETED,Kolkata,West Bengal,CARD
101117,2026-08-13,109,Sneha,501,Laptop,Electronics,3,60000,5000,COMPLETED,Delhi,Delhi,COD
101118,2026-08-25,110,Vikram,506,Headphones,Electronics,3,5000,1000,COMPLETED,Kolkata,West Bengal,UPI
101119,2026-08-05,110,Vikram,501,Laptop,Electronics,3,60000,1000,CANCELLED,Kolkata,West Bengal,UPI
101120,2026-08-04,106,Ramesh,507,Desk,Furniture,4,15000,1000,COMPLETED,Pune,Maharashtra,COD
101121,2026-08-22,106,Ramesh,501,Laptop,Electronics,2,60000,200,COMPLETED,Pune,Maharashtra,NET_BANKING
101122,2026-08-30,110,Vikram,502,Mouse,Electronics,1,1000,500,COMPLETED,Kolkata,West Bengal,NET_BANKING
101123,2026-08-18,103,Sita,501,Laptop,Electronics,3,60000,0,COMPLETED,Chennai,Tamil Nadu,COD
101124,2026-08-29,110,Vikram,509,Monitor,Electronics,4,20000,500,COMPLETED,Kolkata,West Bengal,COD
101125,2026-08-11,110,Vikram,501,Laptop,Electronics,4,60000,2000,COMPLETED,Kolkata,West Bengal,UPI
101126,2026-08-23,108,Arjun,502,Mouse,Electronics,2,1000,1000,COMPLETED,Hyderabad,Telangana,NET_BANKING
101127,2026-08-10,103,Sita,510,Bookshelf,Furniture,3,12000,2000,COMPLETED,Chennai,Tamil Nadu,COD
101128,2026-08-07,102,Anil,509,Monitor,Electronics,3,20000,500,COMPLETED,Hyderabad,Telangana,NET_BANKING
101129,2026-08-26,110,Vikram,507,Desk,Furniture,2,15000,0,CANCELLED,Kolkata,West Bengal,UPI
101130,2026-08-09,110,Vikram,506,Headphones,Electronics,1,5000,5000,COMPLETED,Kolkata,West Bengal,CARD
101131,2026-08-21,106,Ramesh,502,Mouse,Electronics,3,1000,500,COMPLETED,Pune,Maharashtra,NET_BANKING
101132,2026-08-13,104,Kumar,507,Desk,Furniture,3,15000,5000,CANCELLED,Bangalore,Karnataka,CARD
101133,2026-08-28,101,Ravi,509,Monitor,Electronics,2,20000,5000,COMPLETED,Hyderabad,Telangana,COD
101134,2026-08-26,105,Priya,509,Monitor,Electronics,5,20000,2000,COMPLETED,Mumbai,Maharashtra,UPI
101135,2026-08-12,109,Sneha,504,Keyboard,Electronics,4,3000,100,COMPLETED,Delhi,Delhi,CARD
101136,2026-08-14,105,Priya,507,Desk,Furniture,3,15000,0,COMPLETED,Mumbai,Maharashtra,CARD
101137,2026-08-27,107,Lakshmi,505,Table,Furniture,3,10000,100,COMPLETED,Chennai,Tamil Nadu,CARD
101138,2026-08-04,107,Lakshmi,504,Keyboard,Electronics,2,3000,200,COMPLETED,Chennai,Tamil Nadu,CARD
101139,2026-08-16,105,Priya,508,Mobile,Electronics,5,25000,2000,COMPLETED,Mumbai,Maharashtra,UPI
101140,2026-08-09,104,Kumar,503,Chair,Furniture,2,8000,0,COMPLETED,Bangalore,Karnataka,NET_BANKING
101141,2026-08-21,109,Sneha,503,Chair,Furniture,1,8000,5000,COMPLETED,Delhi,Delhi,UPI
101142,2026-08-20,102,Anil,506,Headphones,Electronics,3,5000,0,COMPLETED,Hyderabad,Telangana,NET_BANKING
101143,2026-08-31,102,Anil,507,Desk,Furniture,2,15000,200,COMPLETED,Hyderabad,Telangana,UPI
101144,2026-08-31,109,Sneha,510,Bookshelf,Furniture,5,12000,500,COMPLETED,Delhi,Delhi,UPI
101145,2026-08-04,104,Kumar,510,Bookshelf,Furniture,3,12000,1000,COMPLETED,Bangalore,Karnataka,COD
101146,2026-08-07,104,Kumar,507,Desk,Furniture,2,15000,0,COMPLETED,Bangalore,Karnataka,CARD
101147,2026-08-14,105,Priya,508,Mobile,Electronics,3,25000,0,COMPLETED,Mumbai,Maharashtra,NET_BANKING
101148,2026-08-18,102,Anil,506,Headphones,Electronics,4,5000,5000,CANCELLED,Hyderabad,Telangana,CARD
101149,2026-08-12,105,Priya,503,Chair,Furniture,4,8000,1000,COMPLETED,Mumbai,Maharashtra,UPI
101150,2026-08-27,110,Vikram,501,Laptop,Electronics,1,60000,200,COMPLETED,Kolkata,West Bengal,COD
101151,2026-08-29,105,Priya,506,Headphones,Electronics,1,5000,200,COMPLETED,Mumbai,Maharashtra,COD
101152,2026-08-30,101,Ravi,507,Desk,Furniture,3,15000,500,COMPLETED,Hyderabad,Telangana,CARD
101153,2026-08-28,105,Priya,504,Keyboard,Electronics,2,3000,5000,COMPLETED,Mumbai,Maharashtra,NET_BANKING
101154,2026-08-09,107,Lakshmi,501,Laptop,Electronics,1,60000,5000,COMPLETED,Chennai,Tamil Nadu,COD
101155,2026-08-29,106,Ramesh,507,Desk,Furniture,1,15000,100,CANCELLED,Pune,Maharashtra,NET_BANKING
101156,2026-08-12,109,Sneha,502,Mouse,Electronics,4,1000,1000,COMPLETED,Delhi,Delhi,UPI
101157,2026-08-21,101,Ravi,503,Chair,Furniture,4,8000,100,COMPLETED,Hyderabad,Telangana,COD
101158,2026-08-11,104,Kumar,505,Table,Furniture,5,10000,0,COMPLETED,Bangalore,Karnataka,CARD
101159,2026-08-23,104,Kumar,509,Monitor,Electronics,2,20000,2000,COMPLETED,Bangalore,Karnataka,COD
101160,2026-08-09,108,Arjun,503,Chair,Furniture,2,8000,1000,COMPLETED,Hyderabad,Telangana,CARD
101161,2026-08-12,102,Anil,507,Desk,Furniture,2,15000,2000,COMPLETED,Hyderabad,Telangana,CARD
101162,2026-08-30,101,Ravi,501,Laptop,Electronics,5,60000,200,COMPLETED,Hyderabad,Telangana,COD
101163,2026-08-23,104,Kumar,505,Table,Furniture,2,10000,0,COMPLETED,Bangalore,Karnataka,COD
101164,2026-08-05,110,Vikram,505,Table,Furniture,1,10000,1000,COMPLETED,Kolkata,West Bengal,UPI
101165,2026-08-14,101,Ravi,509,Monitor,Electronics,4,20000,5000,COMPLETED,Hyderabad,Telangana,CARD
101166,2026-08-31,104,Kumar,504,Keyboard,Electronics,3,3000,500,RETURNED,Bangalore,Karnataka,COD
101167,2026-08-14,107,Lakshmi,503,Chair,Furniture,2,8000,200,COMPLETED,Chennai,Tamil Nadu,CARD
101168,2026-08-14,107,Lakshmi,503,Chair,Furniture,2,8000,0,COMPLETED,Chennai,Tamil Nadu,NET_BANKING
101169,2026-08-15,104,Kumar,510,Bookshelf,Furniture,2,12000,1000,COMPLETED,Bangalore,Karnataka,COD
101170,2026-08-16,102,Anil,501,Laptop,Electronics,2,60000,1000,CANCELLED,Hyderabad,Telangana,COD
101171,2026-08-23,104,Kumar,507,Desk,Furniture,4,15000,500,COMPLETED,Bangalore,Karnataka,UPI
101172,2026-08-02,109,Sneha,501,Laptop,Electronics,3,60000,200,COMPLETED,Delhi,Delhi,NET_BANKING
101173,2026-08-23,110,Vikram,510,Bookshelf,Furniture,1,12000,0,COMPLETED,Kolkata,West Bengal,COD
101174,2026-08-22,105,Priya,507,Desk,Furniture,3,15000,100,COMPLETED,Mumbai,Maharashtra,UPI
101175,2026-08-09,110,Vikram,503,Chair,Furniture,2,8000,5000,COMPLETED,Kolkata,West Bengal,COD
101176,2026-08-11,103,Sita,502,Mouse,Electronics,5,1000,2000,COMPLETED,Chennai,Tamil Nadu,NET_BANKING
101177,2026-08-02,102,Anil,506,Headphones,Electronics,2,5000,5000,COMPLETED,Hyderabad,Telangana,NET_BANKING
101178,2026-08-29,107,Lakshmi,505,Table,Furniture,3,10000,500,COMPLETED,Chennai,Tamil Nadu,NET_BANKING
101179,2026-08-11,107,Lakshmi,503,Chair,Furniture,4,8000,100,COMPLETED,Chennai,Tamil Nadu,COD
101180,2026-08-05,101,Ravi,504,Keyboard,Electronics,1,3000,200,COMPLETED,Hyderabad,Telangana,UPI
101181,2026-08-06,108,Arjun,505,Table,Furniture,4,10000,2000,COMPLETED,Hyderabad,Telangana,COD
101182,2026-08-12,101,Ravi,508,Mobile,Electronics,5,25000,5000,COMPLETED,Hyderabad,Telangana,COD
101183,2026-08-04,102,Anil,503,Chair,Furniture,3,8000,0,COMPLETED,Hyderabad,Telangana,NET_BANKING
101184,2026-08-24,103,Sita,503,Chair,Furniture,5,8000,500,COMPLETED,Chennai,Tamil Nadu,CARD
101185,2026-08-17,110,Vikram,501,Laptop,Electronics,5,60000,100,COMPLETED,Kolkata,West Bengal,UPI
101186,2026-08-22,104,Kumar,508,Mobile,Electronics,1,25000,1000,COMPLETED,Bangalore,Karnataka,NET_BANKING
101187,2026-08-12,102,Anil,507,Desk,Furniture,5,15000,0,COMPLETED,Hyderabad,Telangana,CARD
101188,2026-08-15,101,Ravi,502,Mouse,Electronics,4,1000,5000,COMPLETED,Hyderabad,Telangana,NET_BANKING
101189,2026-08-11,110,Vikram,501,Laptop,Electronics,1,60000,5000,COMPLETED,Kolkata,West Bengal,CARD
101190,2026-08-26,104,Kumar,501,Laptop,Electronics,3,60000,1000,COMPLETED,Bangalore,Karnataka,UPI
101191,2026-08-13,109,Sneha,510,Bookshelf,Furniture,1,12000,2000,COMPLETED,Delhi,Delhi,CARD
101192,2026-08-03,104,Kumar,507,Desk,Furniture,1,15000,200,COMPLETED,Bangalore,Karnataka,COD
101193,2026-08-21,107,Lakshmi,505,Table,Furniture,2,10000,0,COMPLETED,Chennai,Tamil Nadu,COD
101194,2026-08-29,107,Lakshmi,505,Table,Furniture,5,10000,100,COMPLETED,Chennai,Tamil Nadu,UPI
101195,2026-08-07,106,Ramesh,509,Monitor,Electronics,4,20000,5000,COMPLETED,Pune,Maharashtra,COD
101196,2026-08-20,105,Priya,510,Bookshelf,Furniture,4,12000,0,RETURNED,Mumbai,Maharashtra,COD
101197,2026-08-06,106,Ramesh,510,Bookshelf,Furniture,4,12000,2000,COMPLETED,Pune,Maharashtra,UPI
101198,2026-08-15,109,Sneha,506,Headphones,Electronics,2,5000,100,COMPLETED,Delhi,Delhi,UPI
101199,2026-08-14,105,Priya,508,Mobile,Electronics,1,25000,5000,COMPLETED,Mumbai,Maharashtra,CARD
101200,2026-08-27,103,Sita,505,Table,Furniture,2,10000,2000,COMPLETED,Chennai,Tamil Nadu,UPI
101201,2026-08-30,109,Sneha,502,Mouse,Electronics,1,1000,0,COMPLETED,Delhi,Delhi,COD
101202,2026-08-15,107,Lakshmi,502,Mouse,Electronics,5,1000,500,COMPLETED,Chennai,Tamil Nadu,NET_BANKING
101203,2026-08-25,110,Vikram,502,Mouse,Electronics,5,1000,0,COMPLETED,Kolkata,West Bengal,COD
101204,2026-08-27,103,Sita,503,Chair,Furniture,4,8000,0,COMPLETED,Chennai,Tamil Nadu,COD
101205,2026-08-19,105,Priya,506,Headphones,Electronics,4,5000,5000,COMPLETED,Mumbai,Maharashtra,NET_BANKING
101206,2026-08-07,106,Ramesh,503,Chair,Furniture,2,8000,0,RETURNED,Pune,Maharashtra,NET_BANKING
101207,2026-08-18,102,Anil,507,Desk,Furniture,1,15000,0,COMPLETED,Hyderabad,Telangana,UPI
101208,2026-08-21,101,Ravi,503,Chair,Furniture,4,8000,5000,CANCELLED,Hyderabad,Telangana,COD
101209,2026-08-10,110,Vikram,508,Mobile,Electronics,5,25000,1000,CANCELLED,Kolkata,West Bengal,COD
101210,2026-08-05,105,Priya,502,Mouse,Electronics,2,1000,0,COMPLETED,Mumbai,Maharashtra,UPI
101211,2026-08-28,101,Ravi,504,Keyboard,Electronics,1,3000,200,COMPLETED,Hyderabad,Telangana,CARD
101212,2026-08-27,104,Kumar,507,Desk,Furniture,5,15000,200,COMPLETED,Bangalore,Karnataka,NET_BANKING
101213,2026-08-16,108,Arjun,503,Chair,Furniture,4,8000,0,COMPLETED,Hyderabad,Telangana,CARD
101214,2026-08-31,103,Sita,508,Mobile,Electronics,4,25000,5000,COMPLETED,Chennai,Tamil Nadu,COD
101215,2026-08-07,110,Vikram,504,Keyboard,Electronics,3,3000,2000,COMPLETED,Kolkata,West Bengal,NET_BANKING
101216,2026-08-21,101,Ravi,502,Mouse,Electronics,4,1000,2000,COMPLETED,Hyderabad,Telangana,NET_BANKING
101217,2026-08-13,101,Ravi,508,Mobile,Electronics,4,25000,5000,COMPLETED,Hyderabad,Telangana,UPI
101218,2026-08-14,109,Sneha,501,Laptop,Electronics,5,60000,1000,COMPLETED,Delhi,Delhi,UPI
101219,2026-08-29,105,Priya,507,Desk,Furniture,4,15000,0,COMPLETED,Mumbai,Maharashtra,NET_BANKING
101220,2026-08-01,108,Arjun,507,Desk,Furniture,2,15000,500,CANCELLED,Hyderabad,Telangana,CARD
101221,2026-08-15,108,Arjun,506,Headphones,Electronics,2,5000,200,COMPLETED,Hyderabad,Telangana,NET_BANKING
101222,2026-08-05,110,Vikram,508,Mobile,Electronics,3,25000,2000,COMPLETED,Kolkata,West Bengal,NET_BANKING
101223,2026-08-20,108,Arjun,503,Chair,Furniture,2,8000,500,CANCELLED,Hyderabad,Telangana,UPI
101224,2026-08-06,108,Arjun,503,Chair,Furniture,2,8000,100,COMPLETED,Hyderabad,Telangana,COD
101225,2026-08-31,102,Anil,507,Desk,Furniture,4,15000,500,COMPLETED,Hyderabad,Telangana,CARD
101226,2026-08-01,109,Sneha,501,Laptop,Electronics,3,60000,500,COMPLETED,Delhi,Delhi,CARD
101227,2026-08-02,103,Sita,509,Monitor,Electronics,1,20000,1000,COMPLETED,Chennai,Tamil Nadu,UPI
101228,2026-08-04,110,Vikram,504,Keyboard,Electronics,5,3000,200,COMPLETED,Kolkata,West Bengal,NET_BANKING
101229,2026-08-25,106,Ramesh,506,Headphones,Electronics,1,5000,500,COMPLETED,Pune,Maharashtra,UPI
101230,2026-08-26,101,Ravi,508,Mobile,Electronics,4,25000,0,COMPLETED,Hyderabad,Telangana,UPI
101231,2026-08-17,109,Sneha,501,Laptop,Electronics,1,60000,100,COMPLETED,Delhi,Delhi,UPI
101232,2026-08-06,104,Kumar,506,Headphones,Electronics,3,5000,5000,RETURNED,Bangalore,Karnataka,COD
101233,2026-08-21,102,Anil,503,Chair,Furniture,3,8000,1000,COMPLETED,Hyderabad,Telangana,UPI
101234,2026-08-14,104,Kumar,508,Mobile,Electronics,1,25000,200,COMPLETED,Bangalore,Karnataka,NET_BANKING
101235,2026-08-06,105,Priya,509,Monitor,Electronics,1,20000,500,COMPLETED,Mumbai,Maharashtra,COD
101236,2026-08-05,106,Ramesh,504,Keyboard,Electronics,5,3000,2000,COMPLETED,Pune,Maharashtra,CARD
101237,2026-08-30,107,Lakshmi,507,Desk,Furniture,4,15000,5000,COMPLETED,Chennai,Tamil Nadu,NET_BANKING
101238,2026-08-05,101,Ravi,508,Mobile,Electronics,1,25000,0,COMPLETED,Hyderabad,Telangana,NET_BANKING
101239,2026-08-25,106,Ramesh,507,Desk,Furniture,2,15000,2000,COMPLETED,Pune,Maharashtra,COD
101240,2026-08-29,101,Ravi,503,Chair,Furniture,5,8000,0,COMPLETED,Hyderabad,Telangana,NET_BANKING
101241,2026-08-29,107,Lakshmi,507,Desk,Furniture,5,15000,500,CANCELLED,Chennai,Tamil Nadu,NET_BANKING
101242,2026-08-27,106,Ramesh,501,Laptop,Electronics,3,60000,100,CANCELLED,Pune,Maharashtra,COD
101243,2026-08-29,108,Arjun,504,Keyboard,Electronics,5,3000,5000,CANCELLED,Hyderabad,Telangana,NET_BANKING
101244,2026-08-29,107,Lakshmi,504,Keyboard,Electronics,3,3000,0,COMPLETED,Chennai,Tamil Nadu,NET_BANKING
101245,2026-08-17,107,Lakshmi,503,Chair,Furniture,5,8000,500,COMPLETED,Chennai,Tamil Nadu,UPI
101246,2026-08-10,109,Sneha,509,Monitor,Electronics,5,20000,1000,RETURNED,Delhi,Delhi,CARD
101247,2026-08-29,101,Ravi,501,Laptop,Electronics,5,60000,500,COMPLETED,Hyderabad,Telangana,NET_BANKING
101248,2026-08-04,107,Lakshmi,509,Monitor,Electronics,1,20000,1000,COMPLETED,Chennai,Tamil Nadu,NET_BANKING
101249,2026-08-25,102,Anil,501,Laptop,Electronics,1,60000,5000,COMPLETED,Hyderabad,Telangana,UPI
101250,2026-08-08,108,Arjun,506,Headphones,Electronics,5,5000,200,COMPLETED,Hyderabad,Telangana,NET_BANKING
101251,2026-08-22,105,Priya,510,Bookshelf,Furniture,2,12000,2000,COMPLETED,Mumbai,Maharashtra,CARD
101252,2026-08-17,102,Anil,506,Headphones,Electronics,5,5000,200,RETURNED,Hyderabad,Telangana,NET_BANKING
101253,2026-08-05,108,Arjun,502,Mouse,Electronics,4,1000,2000,COMPLETED,Hyderabad,Telangana,UPI
101254,2026-08-29,101,Ravi,507,Desk,Furniture,2,15000,5000,COMPLETED,Hyderabad,Telangana,COD
101255,2026-08-22,102,Anil,506,Headphones,Electronics,5,5000,2000,COMPLETED,Hyderabad,Telangana,COD
101256,2026-08-16,105,Priya,510,Bookshelf,Furniture,4,12000,5000,CANCELLED,Mumbai,Maharashtra,COD
101257,2026-08-05,107,Lakshmi,503,Chair,Furniture,5,8000,100,COMPLETED,Chennai,Tamil Nadu,COD
101258,2026-08-28,103,Sita,509,Monitor,Electronics,5,20000,0,CANCELLED,Chennai,Tamil Nadu,CARD
101259,2026-08-02,108,Arjun,508,Mobile,Electronics,2,25000,1000,COMPLETED,Hyderabad,Telangana,COD
101260,2026-08-12,102,Anil,502,Mouse,Electronics,5,1000,500,COMPLETED,Hyderabad,Telangana,CARD
101261,2026-08-10,102,Anil,506,Headphones,Electronics,3,5000,500,COMPLETED,Hyderabad,Telangana,COD
101262,2026-08-05,101,Ravi,503,Chair,Furniture,5,8000,2000,COMPLETED,Hyderabad,Telangana,NET_BANKING
101263,2026-08-06,105,Priya,504,Keyboard,Electronics,4,3000,0,COMPLETED,Mumbai,Maharashtra,NET_BANKING
101264,2026-08-14,102,Anil,501,Laptop,Electronics,4,60000,500,COMPLETED,Hyderabad,Telangana,COD
101265,2026-08-16,106,Ramesh,507,Desk,Furniture,5,15000,100,RETURNED,Pune,Maharashtra,CARD
101266,2026-08-25,109,Sneha,508,Mobile,Electronics,4,25000,5000,COMPLETED,Delhi,Delhi,NET_BANKING
101267,2026-08-22,102,Anil,510,Bookshelf,Furniture,5,12000,2000,COMPLETED,Hyderabad,Telangana,CARD
101268,2026-08-18,107,Lakshmi,506,Headphones,Electronics,1,5000,5000,CANCELLED,Chennai,Tamil Nadu,NET_BANKING
101269,2026-08-23,102,Anil,503,Chair,Furniture,1,8000,500,COMPLETED,Hyderabad,Telangana,UPI
101270,2026-08-07,109,Sneha,502,Mouse,Electronics,5,1000,0,COMPLETED,Delhi,Delhi,CARD
101271,2026-08-29,108,Arjun,509,Monitor,Electronics,1,20000,0,COMPLETED,Hyderabad,Telangana,CARD
101272,2026-08-26,101,Ravi,505,Table,Furniture,2,10000,200,CANCELLED,Hyderabad,Telangana,COD
101273,2026-08-20,102,Anil,509,Monitor,Electronics,3,20000,2000,COMPLETED,Hyderabad,Telangana,UPI
101274,2026-08-11,108,Arjun,501,Laptop,Electronics,4,60000,100,COMPLETED,Hyderabad,Telangana,UPI
101275,2026-08-13,109,Sneha,506,Headphones,Electronics,3,5000,0,COMPLETED,Delhi,Delhi,UPI
101276,2026-08-10,109,Sneha,503,Chair,Furniture,2,8000,100,COMPLETED,Delhi,Delhi,UPI
101277,2026-08-31,103,Sita,505,Table,Furniture,4,10000,100,COMPLETED,Chennai,Tamil Nadu,NET_BANKING
101278,2026-08-23,103,Sita,501,Laptop,Electronics,1,60000,500,COMPLETED,Chennai,Tamil Nadu,UPI
101279,2026-08-14,106,Ramesh,503,Chair,Furniture,3,8000,500,COMPLETED,Pune,Maharashtra,UPI
101280,2026-08-08,101,Ravi,504,Keyboard,Electronics,5,3000,200,COMPLETED,Hyderabad,Telangana,COD
101281,2026-08-02,102,Anil,505,Table,Furniture,3,10000,5000,COMPLETED,Hyderabad,Telangana,COD
101282,2026-08-01,102,Anil,508,Mobile,Electronics,4,25000,200,COMPLETED,Hyderabad,Telangana,NET_BANKING
101283,2026-08-22,109,Sneha,510,Bookshelf,Furniture,1,12000,200,RETURNED,Delhi,Delhi,CARD
101284,2026-08-14,105,Priya,510,Bookshelf,Furniture,4,12000,0,COMPLETED,Mumbai,Maharashtra,CARD
101285,2026-08-18,103,Sita,506,Headphones,Electronics,2,5000,200,COMPLETED,Chennai,Tamil Nadu,COD
101286,2026-08-02,109,Sneha,508,Mobile,Electronics,1,25000,5000,COMPLETED,Delhi,Delhi,NET_BANKING
101287,2026-08-02,103,Sita,501,Laptop,Electronics,4,60000,500,COMPLETED,Chennai,Tamil Nadu,NET_BANKING
101288,2026-08-27,107,Lakshmi,506,Headphones,Electronics,2,5000,500,COMPLETED,Chennai,Tamil Nadu,CARD
101289,2026-08-03,109,Sneha,510,Bookshelf,Furniture,3,12000,0,COMPLETED,Delhi,Delhi,UPI
101290,2026-08-09,103,Sita,509,Monitor,Electronics,4,20000,200,COMPLETED,Chennai,Tamil Nadu,NET_BANKING
101291,2026-08-25,106,Ramesh,505,Table,Furniture,4,10000,500,COMPLETED,Pune,Maharashtra,NET_BANKING
101292,2026-08-15,106,Ramesh,504,Keyboard,Electronics,5,3000,1000,COMPLETED,Pune,Maharashtra,CARD
101293,2026-08-16,101,Ravi,510,Bookshelf,Furniture,1,12000,0,CANCELLED,Hyderabad,Telangana,CARD
101294,2026-08-29,107,Lakshmi,509,Monitor,Electronics,4,20000,2000,COMPLETED,Chennai,Tamil Nadu,UPI
101295,2026-08-01,102,Anil,509,Monitor,Electronics,4,20000,0,COMPLETED,Hyderabad,Telangana,COD
101296,2026-08-13,110,Vikram,506,Headphones,Electronics,2,5000,0,COMPLETED,Kolkata,West Bengal,COD
101297,2026-08-15,106,Ramesh,504,Keyboard,Electronics,1,3000,200,RETURNED,Pune,Maharashtra,UPI
101298,2026-08-07,105,Priya,506,Headphones,Electronics,1,5000,500,CANCELLED,Mumbai,Maharashtra,CARD
101299,2026-08-31,104,Kumar,508,Mobile,Electronics,3,25000,0,COMPLETED,Bangalore,Karnataka,COD
101300,2026-08-01,110,Vikram,504,Keyboard,Electronics,2,3000,2000,COMPLETED,Kolkata,West Bengal,NET_BANKING
101301,2026-08-16,110,Vikram,509,Monitor,Electronics,2,20000,200,COMPLETED,Kolkata,West Bengal,CARD
101302,2026-08-05,102,Anil,510,Bookshelf,Furniture,1,12000,100,COMPLETED,Hyderabad,Telangana,CARD
101303,2026-08-07,109,Sneha,505,Table,Furniture,1,10000,500,CANCELLED,Delhi,Delhi,COD
101304,2026-08-21,101,Ravi,507,Desk,Furniture,1,15000,1000,COMPLETED,Hyderabad,Telangana,COD
101305,2026-08-22,105,Priya,502,Mouse,Electronics,5,1000,5000,COMPLETED,Mumbai,Maharashtra,NET_BANKING
101306,2026-08-29,109,Sneha,501,Laptop,Electronics,2,60000,0,COMPLETED,Delhi,Delhi,COD
101307,2026-08-11,109,Sneha,508,Mobile,Electronics,1,25000,2000,COMPLETED,Delhi,Delhi,NET_BANKING
101308,2026-08-26,102,Anil,510,Bookshelf,Furniture,1,12000,200,CANCELLED,Hyderabad,Telangana,COD
101309,2026-08-07,102,Anil,504,Keyboard,Electronics,2,3000,1000,COMPLETED,Hyderabad,Telangana,UPI
101310,2026-08-16,102,Anil,501,Laptop,Electronics,4,60000,0,COMPLETED,Hyderabad,Telangana,NET_BANKING
101311,2026-08-04,105,Priya,504,Keyboard,Electronics,4,3000,200,COMPLETED,Mumbai,Maharashtra,UPI
101312,2026-08-26,106,Ramesh,509,Monitor,Electronics,2,20000,0,RETURNED,Pune,Maharashtra,COD
101313,2026-08-19,102,Anil,508,Mobile,Electronics,1,25000,0,COMPLETED,Hyderabad,Telangana,UPI
101314,2026-08-29,107,Lakshmi,506,Headphones,Electronics,1,5000,100,COMPLETED,Chennai,Tamil Nadu,COD
101315,2026-08-20,101,Ravi,505,Table,Furniture,4,10000,0,COMPLETED,Hyderabad,Telangana,UPI
101316,2026-08-10,109,Sneha,501,Laptop,Electronics,4,60000,2000,COMPLETED,Delhi,Delhi,COD
101317,2026-08-26,104,Kumar,510,Bookshelf,Furniture,5,12000,0,COMPLETED,Bangalore,Karnataka,COD
101318,2026-08-29,108,Arjun,507,Desk,Furniture,5,15000,0,COMPLETED,Hyderabad,Telangana,UPI
101319,2026-08-11,108,Arjun,509,Monitor,Electronics,5,20000,200,COMPLETED,Hyderabad,Telangana,UPI
101320,2026-08-23,101,Ravi,510,Bookshelf,Furniture,1,12000,200,COMPLETED,Hyderabad,Telangana,CARD
101321,2026-08-12,109,Sneha,505,Table,Furniture,4,10000,5000,CANCELLED,Delhi,Delhi,COD
101322,2026-08-05,103,Sita,504,Keyboard,Electronics,1,3000,0,COMPLETED,Chennai,Tamil Nadu,NET_BANKING
101323,2026-08-17,110,Vikram,507,Desk,Furniture,3,15000,500,COMPLETED,Kolkata,West Bengal,CARD
101324,2026-08-10,103,Sita,508,Mobile,Electronics,5,25000,1000,COMPLETED,Chennai,Tamil Nadu,NET_BANKING
101325,2026-08-19,101,Ravi,509,Monitor,Electronics,2,20000,0,COMPLETED,Hyderabad,Telangana,UPI
101326,2026-08-07,107,Lakshmi,506,Headphones,Electronics,2,5000,200,COMPLETED,Chennai,Tamil Nadu,NET_BANKING
101327,2026-08-23,104,Kumar,508,Mobile,Electronics,4,25000,1000,COMPLETED,Bangalore,Karnataka,NET_BANKING
101328,2026-08-14,110,Vikram,505,Table,Furniture,3,10000,100,COMPLETED,Kolkata,West Bengal,COD
101329,2026-08-08,101,Ravi,508,Mobile,Electronics,1,25000,200,CANCELLED,Hyderabad,Telangana,CARD
101330,2026-08-07,108,Arjun,510,Bookshelf,Furniture,2,12000,5000,CANCELLED,Hyderabad,Telangana,NET_BANKING
101331,2026-08-13,107,Lakshmi,504,Keyboard,Electronics,2,3000,0,COMPLETED,Chennai,Tamil Nadu,UPI
101332,2026-08-01,102,Anil,506,Headphones,Electronics,5,5000,0,COMPLETED,Hyderabad,Telangana,NET_BANKING
101333,2026-08-21,108,Arjun,504,Keyboard,Electronics,5,3000,1000,COMPLETED,Hyderabad,Telangana,UPI
101334,2026-08-10,104,Kumar,504,Keyboard,Electronics,2,3000,200,COMPLETED,Bangalore,Karnataka,CARD
101335,2026-08-08,106,Ramesh,509,Monitor,Electronics,2,20000,200,COMPLETED,Pune,Maharashtra,CARD
101336,2026-08-01,105,Priya,502,Mouse,Electronics,2,1000,2000,COMPLETED,Mumbai,Maharashtra,UPI
101337,2026-08-10,106,Ramesh,504,Keyboard,Electronics,4,3000,200,COMPLETED,Pune,Maharashtra,NET_BANKING
101338,2026-08-26,103,Sita,509,Monitor,Electronics,5,20000,2000,CANCELLED,Chennai,Tamil Nadu,UPI
101339,2026-08-29,102,Anil,503,Chair,Furniture,2,8000,200,COMPLETED,Hyderabad,Telangana,COD
101340,2026-08-20,106,Ramesh,506,Headphones,Electronics,4,5000,200,COMPLETED,Pune,Maharashtra,CARD
101341,2026-08-26,109,Sneha,505,Table,Furniture,2,10000,1000,COMPLETED,Delhi,Delhi,UPI
101342,2026-08-28,105,Priya,503,Chair,Furniture,5,8000,5000,COMPLETED,Mumbai,Maharashtra,UPI
101343,2026-08-03,108,Arjun,510,Bookshelf,Furniture,2,12000,2000,RETURNED,Hyderabad,Telangana,NET_BANKING
101344,2026-08-15,108,Arjun,509,Monitor,Electronics,2,20000,1000,CANCELLED,Hyderabad,Telangana,NET_BANKING
101345,2026-08-23,109,Sneha,508,Mobile,Electronics,4,25000,5000,COMPLETED,Delhi,Delhi,COD
101346,2026-08-07,110,Vikram,501,Laptop,Electronics,2,60000,200,COMPLETED,Kolkata,West Bengal,CARD
101347,2026-08-10,107,Lakshmi,504,Keyboard,Electronics,4,3000,2000,COMPLETED,Chennai,Tamil Nadu,CARD
101348,2026-08-18,106,Ramesh,505,Table,Furniture,1,10000,100,RETURNED,Pune,Maharashtra,UPI
101349,2026-08-17,105,Priya,508,Mobile,Electronics,3,25000,200,COMPLETED,Mumbai,Maharashtra,UPI
101350,2026-08-20,108,Arjun,509,Monitor,Electronics,3,20000,2000,COMPLETED,Hyderabad,Telangana,COD
101351,2026-08-12,107,Lakshmi,507,Desk,Furniture,4,15000,1000,COMPLETED,Chennai,Tamil Nadu,COD
101352,2026-08-15,101,Ravi,503,Chair,Furniture,2,8000,500,COMPLETED,Hyderabad,Telangana,UPI
101353,2026-08-10,106,Ramesh,502,Mouse,Electronics,5,1000,0,COMPLETED,Pune,Maharashtra,CARD
101354,2026-08-03,102,Anil,502,Mouse,Electronics,3,1000,0,COMPLETED,Hyderabad,Telangana,CARD
101355,2026-08-22,106,Ramesh,504,Keyboard,Electronics,3,3000,500,COMPLETED,Pune,Maharashtra,NET_BANKING
101356,2026-08-05,104,Kumar,510,Bookshelf,Furniture,5,12000,500,COMPLETED,Bangalore,Karnataka,NET_BANKING
101357,2026-08-26,105,Priya,506,Headphones,Electronics,4,5000,2000,COMPLETED,Mumbai,Maharashtra,UPI
101358,2026-08-25,108,Arjun,509,Monitor,Electronics,2,20000,2000,COMPLETED,Hyderabad,Telangana,CARD
101359,2026-08-08,104,Kumar,508,Mobile,Electronics,5,25000,5000,CANCELLED,Bangalore,Karnataka,COD
101360,2026-08-11,106,Ramesh,502,Mouse,Electronics,2,1000,2000,RETURNED,Pune,Maharashtra,COD
101361,2026-08-15,104,Kumar,508,Mobile,Electronics,5,25000,0,COMPLETED,Bangalore,Karnataka,CARD
101362,2026-08-10,110,Vikram,503,Chair,Furniture,1,8000,5000,COMPLETED,Kolkata,West Bengal,NET_BANKING
101363,2026-08-14,106,Ramesh,504,Keyboard,Electronics,4,3000,2000,RETURNED,Pune,Maharashtra,NET_BANKING
101364,2026-08-01,106,Ramesh,510,Bookshelf,Furniture,5,12000,0,COMPLETED,Pune,Maharashtra,CARD
101365,2026-08-21,106,Ramesh,510,Bookshelf,Furniture,5,12000,2000,COMPLETED,Pune,Maharashtra,CARD
101366,2026-08-18,107,Lakshmi,502,Mouse,Electronics,4,1000,200,COMPLETED,Chennai,Tamil Nadu,UPI
101367,2026-08-31,106,Ramesh,510,Bookshelf,Furniture,4,12000,500,COMPLETED,Pune,Maharashtra,CARD
101368,2026-08-06,102,Anil,509,Monitor,Electronics,1,20000,5000,COMPLETED,Hyderabad,Telangana,CARD
101369,2026-08-30,104,Kumar,502,Mouse,Electronics,4,1000,500,COMPLETED,Bangalore,Karnataka,CARD
101370,2026-08-03,105,Priya,509,Monitor,Electronics,4,20000,0,COMPLETED,Mumbai,Maharashtra,UPI
101371,2026-08-28,103,Sita,506,Headphones,Electronics,4,5000,2000,COMPLETED,Chennai,Tamil Nadu,UPI
101372,2026-08-14,103,Sita,509,Monitor,Electronics,4,20000,0,COMPLETED,Chennai,Tamil Nadu,CARD
101373,2026-08-10,103,Sita,504,Keyboard,Electronics,4,3000,5000,COMPLETED,Chennai,Tamil Nadu,NET_BANKING
101374,2026-08-17,110,Vikram,504,Keyboard,Electronics,4,3000,500,COMPLETED,Kolkata,West Bengal,UPI
101375,2026-08-03,103,Sita,508,Mobile,Electronics,4,25000,200,COMPLETED,Chennai,Tamil Nadu,NET_BANKING
101376,2026-08-15,110,Vikram,508,Mobile,Electronics,4,25000,0,CANCELLED,Kolkata,West Bengal,UPI
101377,2026-08-12,105,Priya,508,Mobile,Electronics,3,25000,2000,COMPLETED,Mumbai,Maharashtra,CARD
101378,2026-08-06,107,Lakshmi,504,Keyboard,Electronics,5,3000,2000,COMPLETED,Chennai,Tamil Nadu,COD
101379,2026-08-04,103,Sita,510,Bookshelf,Furniture,4,12000,0,COMPLETED,Chennai,Tamil Nadu,CARD
101380,2026-08-10,105,Priya,509,Monitor,Electronics,1,20000,200,COMPLETED,Mumbai,Maharashtra,COD
101381,2026-08-12,109,Sneha,502,Mouse,Electronics,1,1000,0,COMPLETED,Delhi,Delhi,NET_BANKING
101382,2026-08-06,107,Lakshmi,508,Mobile,Electronics,3,25000,200,COMPLETED,Chennai,Tamil Nadu,UPI
101383,2026-08-03,108,Arjun,501,Laptop,Electronics,4,60000,2000,COMPLETED,Hyderabad,Telangana,COD
101384,2026-08-02,104,Kumar,507,Desk,Furniture,1,15000,500,COMPLETED,Bangalore,Karnataka,CARD
101385,2026-08-16,106,Ramesh,508,Mobile,Electronics,4,25000,0,COMPLETED,Pune,Maharashtra,CARD
101386,2026-08-16,108,Arjun,503,Chair,Furniture,3,8000,100,COMPLETED,Hyderabad,Telangana,UPI
101387,2026-08-06,110,Vikram,502,Mouse,Electronics,3,1000,0,COMPLETED,Kolkata,West Bengal,COD
101388,2026-08-22,103,Sita,502,Mouse,Electronics,1,1000,500,COMPLETED,Chennai,Tamil Nadu,COD
101389,2026-08-07,106,Ramesh,503,Chair,Furniture,1,8000,200,COMPLETED,Pune,Maharashtra,UPI
101390,2026-08-13,109,Sneha,502,Mouse,Electronics,3,1000,5000,COMPLETED,Delhi,Delhi,UPI
101391,2026-08-25,101,Ravi,507,Desk,Furniture,2,15000,200,COMPLETED,Hyderabad,Telangana,CARD
101392,2026-08-01,104,Kumar,502,Mouse,Electronics,4,1000,0,COMPLETED,Bangalore,Karnataka,NET_BANKING
101393,2026-08-08,104,Kumar,502,Mouse,Electronics,1,1000,100,CANCELLED,Bangalore,Karnataka,CARD
101394,2026-08-17,101,Ravi,507,Desk,Furniture,1,15000,1000,COMPLETED,Hyderabad,Telangana,CARD
101395,2026-08-30,110,Vikram,504,Keyboard,Electronics,5,3000,2000,COMPLETED,Kolkata,West Bengal,UPI
101396,2026-08-04,104,Kumar,504,Keyboard,Electronics,3,3000,1000,COMPLETED,Bangalore,Karnataka,UPI
101397,2026-08-01,107,Lakshmi,506,Headphones,Electronics,4,5000,200,COMPLETED,Chennai,Tamil Nadu,CARD
101398,2026-08-21,102,Anil,505,Table,Furniture,5,10000,1000,COMPLETED,Hyderabad,Telangana,UPI
101399,2026-08-10,104,Kumar,507,Desk,Furniture,5,15000,5000,COMPLETED,Bangalore,Karnataka,CARD
101400,2026-08-20,105,Priya,502,Mouse,Electronics,3,1000,2000,CANCELLED,Mumbai,Maharashtra,CARD
101401,2026-08-21,106,Ramesh,503,Chair,Furniture,3,8000,5000,COMPLETED,Pune,Maharashtra,NET_BANKING
101402,2026-08-30,101,Ravi,510,Bookshelf,Furniture,5,12000,5000,COMPLETED,Hyderabad,Telangana,CARD
101403,2026-08-23,109,Sneha,510,Bookshelf,Furniture,1,12000,200,COMPLETED,Delhi,Delhi,UPI
101404,2026-08-24,105,Priya,504,Keyboard,Electronics,4,3000,200,COMPLETED,Mumbai,Maharashtra,UPI
101405,2026-08-12,101,Ravi,503,Chair,Furniture,4,8000,500,COMPLETED,Hyderabad,Telangana,CARD
101406,2026-08-21,107,Lakshmi,504,Keyboard,Electronics,1,3000,200,CANCELLED,Chennai,Tamil Nadu,COD
101407,2026-08-09,106,Ramesh,503,Chair,Furniture,3,8000,0,COMPLETED,Pune,Maharashtra,COD
101408,2026-08-08,105,Priya,501,Laptop,Electronics,3,60000,1000,COMPLETED,Mumbai,Maharashtra,CARD
101409,2026-08-30,109,Sneha,501,Laptop,Electronics,2,60000,200,COMPLETED,Delhi,Delhi,COD
101410,2026-08-06,109,Sneha,506,Headphones,Electronics,4,5000,0,COMPLETED,Delhi,Delhi,COD
101411,2026-08-02,102,Anil,504,Keyboard,Electronics,2,3000,200,COMPLETED,Hyderabad,Telangana,UPI
101412,2026-08-18,103,Sita,510,Bookshelf,Furniture,2,12000,200,COMPLETED,Chennai,Tamil Nadu,UPI
101413,2026-08-10,107,Lakshmi,508,Mobile,Electronics,2,25000,200,COMPLETED,Chennai,Tamil Nadu,COD
101414,2026-08-08,103,Sita,510,Bookshelf,Furniture,3,12000,500,COMPLETED,Chennai,Tamil Nadu,COD
101415,2026-08-28,104,Kumar,505,Table,Furniture,4,10000,0,COMPLETED,Bangalore,Karnataka,COD
101416,2026-08-16,107,Lakshmi,503,Chair,Furniture,4,8000,2000,COMPLETED,Chennai,Tamil Nadu,COD
101417,2026-08-01,103,Sita,508,Mobile,Electronics,4,25000,2000,COMPLETED,Chennai,Tamil Nadu,NET_BANKING
101418,2026-08-05,110,Vikram,509,Monitor,Electronics,5,20000,100,COMPLETED,Kolkata,West Bengal,COD
101419,2026-08-15,108,Arjun,505,Table,Furniture,3,10000,2000,COMPLETED,Hyderabad,Telangana,COD
101420,2026-08-05,102,Anil,506,Headphones,Electronics,4,5000,200,COMPLETED,Hyderabad,Telangana,CARD
101421,2026-08-28,101,Ravi,501,Laptop,Electronics,5,60000,1000,COMPLETED,Hyderabad,Telangana,COD
101422,2026-08-24,107,Lakshmi,507,Desk,Furniture,3,15000,2000,COMPLETED,Chennai,Tamil Nadu,NET_BANKING
101423,2026-08-14,110,Vikram,502,Mouse,Electronics,1,1000,0,COMPLETED,Kolkata,West Bengal,CARD
101424,2026-08-31,104,Kumar,507,Desk,Furniture,3,15000,1000,COMPLETED,Bangalore,Karnataka,COD
101425,2026-08-21,106,Ramesh,501,Laptop,Electronics,4,60000,2000,CANCELLED,Pune,Maharashtra,CARD
101426,2026-08-02,104,Kumar,508,Mobile,Electronics,3,25000,0,CANCELLED,Bangalore,Karnataka,CARD
101427,2026-08-15,105,Priya,510,Bookshelf,Furniture,2,12000,500,COMPLETED,Mumbai,Maharashtra,CARD
101428,2026-08-25,101,Ravi,502,Mouse,Electronics,1,1000,2000,COMPLETED,Hyderabad,Telangana,UPI
101429,2026-08-29,109,Sneha,504,Keyboard,Electronics,4,3000,100,COMPLETED,Delhi,Delhi,NET_BANKING
101430,2026-08-31,105,Priya,509,Monitor,Electronics,5,20000,2000,COMPLETED,Mumbai,Maharashtra,NET_BANKING
101431,2026-08-04,107,Lakshmi,502,Mouse,Electronics,5,1000,1000,COMPLETED,Chennai,Tamil Nadu,NET_BANKING
101432,2026-08-23,104,Kumar,507,Desk,Furniture,3,15000,0,COMPLETED,Bangalore,Karnataka,COD
101433,2026-08-03,101,Ravi,502,Mouse,Electronics,4,1000,2000,COMPLETED,Hyderabad,Telangana,NET_BANKING
101434,2026-08-06,107,Lakshmi,503,Chair,Furniture,3,8000,100,CANCELLED,Chennai,Tamil Nadu,CARD
101435,2026-08-06,104,Kumar,508,Mobile,Electronics,5,25000,0,COMPLETED,Bangalore,Karnataka,CARD
101436,2026-08-02,103,Sita,504,Keyboard,Electronics,2,3000,200,COMPLETED,Chennai,Tamil Nadu,COD
101437,2026-08-04,108,Arjun,510,Bookshelf,Furniture,2,12000,0,COMPLETED,Hyderabad,Telangana,UPI
101438,2026-08-09,107,Lakshmi,502,Mouse,Electronics,1,1000,1000,COMPLETED,Chennai,Tamil Nadu,CARD
101439,2026-08-22,108,Arjun,508,Mobile,Electronics,1,25000,0,COMPLETED,Hyderabad,Telangana,NET_BANKING
101440,2026-08-26,101,Ravi,510,Bookshelf,Furniture,1,12000,0,COMPLETED,Hyderabad,Telangana,UPI
101441,2026-08-17,107,Lakshmi,510,Bookshelf,Furniture,3,12000,5000,COMPLETED,Chennai,Tamil Nadu,NET_BANKING
101442,2026-08-11,110,Vikram,507,Desk,Furniture,3,15000,1000,COMPLETED,Kolkata,West Bengal,CARD
101443,2026-08-13,106,Ramesh,507,Desk,Furniture,5,15000,0,COMPLETED,Pune,Maharashtra,NET_BANKING
101444,2026-08-15,102,Anil,501,Laptop,Electronics,4,60000,100,COMPLETED,Hyderabad,Telangana,UPI
101445,2026-08-31,109,Sneha,505,Table,Furniture,2,10000,1000,COMPLETED,Delhi,Delhi,COD
101446,2026-08-22,109,Sneha,507,Desk,Furniture,2,15000,0,COMPLETED,Delhi,Delhi,NET_BANKING
101447,2026-08-28,101,Ravi,506,Headphones,Electronics,1,5000,1000,CANCELLED,Hyderabad,Telangana,COD
101448,2026-08-16,104,Kumar,510,Bookshelf,Furniture,4,12000,0,COMPLETED,Bangalore,Karnataka,COD
101449,2026-08-24,108,Arjun,502,Mouse,Electronics,4,1000,500,COMPLETED,Hyderabad,Telangana,CARD
101450,2026-08-29,103,Sita,509,Monitor,Electronics,5,20000,0,COMPLETED,Chennai,Tamil Nadu,COD
101451,2026-08-27,102,Anil,505,Table,Furniture,5,10000,5000,COMPLETED,Hyderabad,Telangana,COD
101452,2026-08-22,102,Anil,508,Mobile,Electronics,5,25000,200,COMPLETED,Hyderabad,Telangana,CARD
101453,2026-08-04,103,Sita,502,Mouse,Electronics,4,1000,0,COMPLETED,Chennai,Tamil Nadu,NET_BANKING
101454,2026-08-08,107,Lakshmi,505,Table,Furniture,3,10000,5000,CANCELLED,Chennai,Tamil Nadu,UPI
101455,2026-08-21,103,Sita,509,Monitor,Electronics,4,20000,0,CANCELLED,Chennai,Tamil Nadu,NET_BANKING
101456,2026-08-25,104,Kumar,510,Bookshelf,Furniture,5,12000,0,COMPLETED,Bangalore,Karnataka,NET_BANKING
101457,2026-08-21,107,Lakshmi,507,Desk,Furniture,5,15000,2000,COMPLETED,Chennai,Tamil Nadu,CARD
101458,2026-08-10,105,Priya,502,Mouse,Electronics,1,1000,0,COMPLETED,Mumbai,Maharashtra,NET_BANKING
101459,2026-08-24,110,Vikram,504,Keyboard,Electronics,1,3000,1000,COMPLETED,Kolkata,West Bengal,NET_BANKING
101460,2026-08-24,107,Lakshmi,510,Bookshelf,Furniture,1,12000,500,COMPLETED,Chennai,Tamil Nadu,CARD
101461,2026-08-11,107,Lakshmi,507,Desk,Furniture,3,15000,100,COMPLETED,Chennai,Tamil Nadu,CARD
101462,2026-08-01,102,Anil,507,Desk,Furniture,5,15000,5000,COMPLETED,Hyderabad,Telangana,CARD
101463,2026-08-16,105,Priya,504,Keyboard,Electronics,4,3000,100,COMPLETED,Mumbai,Maharashtra,NET_BANKING
101464,2026-08-20,103,Sita,501,Laptop,Electronics,3,60000,500,COMPLETED,Chennai,Tamil Nadu,UPI
101465,2026-08-16,105,Priya,510,Bookshelf,Furniture,2,12000,5000,COMPLETED,Mumbai,Maharashtra,COD
101466,2026-08-05,101,Ravi,506,Headphones,Electronics,2,5000,200,CANCELLED,Hyderabad,Telangana,UPI
101467,2026-08-24,103,Sita,508,Mobile,Electronics,4,25000,500,COMPLETED,Chennai,Tamil Nadu,CARD
101468,2026-08-13,101,Ravi,509,Monitor,Electronics,3,20000,2000,CANCELLED,Hyderabad,Telangana,COD
101469,2026-08-13,106,Ramesh,507,Desk,Furniture,1,15000,500,COMPLETED,Pune,Maharashtra,CARD
101470,2026-08-04,109,Sneha,507,Desk,Furniture,2,15000,1000,RETURNED,Delhi,Delhi,UPI
101471,2026-08-21,105,Priya,508,Mobile,Electronics,2,25000,100,COMPLETED,Mumbai,Maharashtra,COD
101472,2026-08-07,105,Priya,503,Chair,Furniture,2,8000,200,CANCELLED,Mumbai,Maharashtra,UPI
101473,2026-08-04,106,Ramesh,510,Bookshelf,Furniture,2,12000,2000,COMPLETED,Pune,Maharashtra,CARD
101474,2026-08-12,101,Ravi,502,Mouse,Electronics,4,1000,100,COMPLETED,Hyderabad,Telangana,UPI
101475,2026-08-19,109,Sneha,506,Headphones,Electronics,4,5000,100,COMPLETED,Delhi,Delhi,COD
101476,2026-08-04,104,Kumar,501,Laptop,Electronics,2,60000,2000,COMPLETED,Bangalore,Karnataka,NET_BANKING
101477,2026-08-21,110,Vikram,503,Chair,Furniture,4,8000,0,RETURNED,Kolkata,West Bengal,COD
101478,2026-08-21,107,Lakshmi,505,Table,Furniture,4,10000,1000,COMPLETED,Chennai,Tamil Nadu,UPI
101479,2026-08-04,102,Anil,502,Mouse,Electronics,4,1000,200,COMPLETED,Hyderabad,Telangana,COD
101480,2026-08-26,105,Priya,502,Mouse,Electronics,5,1000,100,COMPLETED,Mumbai,Maharashtra,COD
101481,2026-08-19,107,Lakshmi,505,Table,Furniture,2,10000,0,COMPLETED,Chennai,Tamil Nadu,UPI
101482,2026-08-13,109,Sneha,503,Chair,Furniture,1,8000,2000,COMPLETED,Delhi,Delhi,COD
101483,2026-08-27,102,Anil,509,Monitor,Electronics,5,20000,0,RETURNED,Hyderabad,Telangana,CARD
101484,2026-08-28,102,Anil,503,Chair,Furniture,5,8000,100,COMPLETED,Hyderabad,Telangana,COD
101485,2026-08-02,106,Ramesh,502,Mouse,Electronics,2,1000,200,COMPLETED,Pune,Maharashtra,CARD
101486,2026-08-09,102,Anil,509,Monitor,Electronics,1,20000,0,COMPLETED,Hyderabad,Telangana,NET_BANKING
101487,2026-08-06,106,Ramesh,509,Monitor,Electronics,4,20000,0,COMPLETED,Pune,Maharashtra,NET_BANKING
101488,2026-08-29,101,Ravi,509,Monitor,Electronics,3,20000,5000,COMPLETED,Hyderabad,Telangana,COD
101489,2026-08-30,106,Ramesh,509,Monitor,Electronics,3,20000,200,CANCELLED,Pune,Maharashtra,UPI
101490,2026-08-02,101,Ravi,504,Keyboard,Electronics,2,3000,100,COMPLETED,Hyderabad,Telangana,CARD
101491,2026-08-18,103,Sita,510,Bookshelf,Furniture,2,12000,1000,COMPLETED,Chennai,Tamil Nadu,CARD
101492,2026-08-03,110,Vikram,507,Desk,Furniture,5,15000,500,COMPLETED,Kolkata,West Bengal,COD
101493,2026-08-15,103,Sita,507,Desk,Furniture,1,15000,500,CANCELLED,Chennai,Tamil Nadu,COD
101494,2026-08-07,103,Sita,509,Monitor,Electronics,1,20000,500,COMPLETED,Chennai,Tamil Nadu,CARD
101495,2026-08-22,106,Ramesh,510,Bookshelf,Furniture,5,12000,100,COMPLETED,Pune,Maharashtra,CARD
101496,2026-08-13,106,Ramesh,507,Desk,Furniture,1,15000,200,COMPLETED,Pune,Maharashtra,NET_BANKING
101497,2026-08-04,102,Anil,509,Monitor,Electronics,5,20000,2000,COMPLETED,Hyderabad,Telangana,NET_BANKING
101498,2026-08-30,102,Anil,506,Headphones,Electronics,3,5000,500,COMPLETED,Hyderabad,Telangana,CARD
101499,2026-08-04,105,Priya,501,Laptop,Electronics,4,60000,200,COMPLETED,Mumbai,Maharashtra,UPI
101500,2026-08-17,102,Anil,503,Chair,Furniture,3,8000,5000,COMPLETED,Hyderabad,Telangana,NET_BANKING
101501,2026-08-18,110,Vikram,505,Table,Furniture,3,10000,0,COMPLETED,Kolkata,West Bengal,CARD
101502,2026-08-06,106,Ramesh,507,Desk,Furniture,3,15000,2000,COMPLETED,Pune,Maharashtra,CARD
101503,2026-08-22,105,Priya,501,Laptop,Electronics,5,60000,100,COMPLETED,Mumbai,Maharashtra,CARD
101504,2026-08-19,103,Sita,507,Desk,Furniture,3,15000,0,CANCELLED,Chennai,Tamil Nadu,NET_BANKING
101505,2026-08-14,104,Kumar,510,Bookshelf,Furniture,4,12000,100,COMPLETED,Bangalore,Karnataka,NET_BANKING
101506,2026-08-10,108,Arjun,509,Monitor,Electronics,3,20000,2000,COMPLETED,Hyderabad,Telangana,CARD
101507,2026-08-31,105,Priya,502,Mouse,Electronics,3,1000,2000,RETURNED,Mumbai,Maharashtra,NET_BANKING
101508,2026-08-03,102,Anil,502,Mouse,Electronics,2,1000,0,COMPLETED,Hyderabad,Telangana,UPI
101509,2026-08-18,102,Anil,505,Table,Furniture,4,10000,0,COMPLETED,Hyderabad,Telangana,CARD
101510,2026-08-17,108,Arjun,508,Mobile,Electronics,5,25000,0,COMPLETED,Hyderabad,Telangana,UPI
101511,2026-08-30,110,Vikram,504,Keyboard,Electronics,1,3000,2000,CANCELLED,Kolkata,West Bengal,NET_BANKING
101512,2026-08-22,104,Kumar,509,Monitor,Electronics,5,20000,0,COMPLETED,Bangalore,Karnataka,COD
101513,2026-08-29,103,Sita,509,Monitor,Electronics,2,20000,100,COMPLETED,Chennai,Tamil Nadu,NET_BANKING
101514,2026-08-12,103,Sita,509,Monitor,Electronics,1,20000,2000,COMPLETED,Chennai,Tamil Nadu,COD
101515,2026-08-04,103,Sita,506,Headphones,Electronics,3,5000,200,COMPLETED,Chennai,Tamil Nadu,UPI
101516,2026-08-16,105,Priya,505,Table,Furniture,3,10000,500,COMPLETED,Mumbai,Maharashtra,UPI
101517,2026-08-07,110,Vikram,507,Desk,Furniture,3,15000,0,COMPLETED,Kolkata,West Bengal,COD
101518,2026-08-01,101,Ravi,506,Headphones,Electronics,5,5000,5000,COMPLETED,Hyderabad,Telangana,NET_BANKING
101519,2026-08-01,106,Ramesh,502,Mouse,Electronics,3,1000,100,COMPLETED,Pune,Maharashtra,NET_BANKING
101520,2026-08-14,101,Ravi,502,Mouse,Electronics,4,1000,200,COMPLETED,Hyderabad,Telangana,CARD
101521,2026-08-30,107,Lakshmi,502,Mouse,Electronics,4,1000,0,COMPLETED,Chennai,Tamil Nadu,NET_BANKING
101522,2026-08-13,104,Kumar,508,Mobile,Electronics,3,25000,500,COMPLETED,Bangalore,Karnataka,COD
101523,2026-08-26,103,Sita,509,Monitor,Electronics,3,20000,0,COMPLETED,Chennai,Tamil Nadu,COD
101524,2026-08-12,103,Sita,503,Chair,Furniture,4,8000,0,COMPLETED,Chennai,Tamil Nadu,CARD
101525,2026-08-10,102,Anil,504,Keyboard,Electronics,1,3000,100,COMPLETED,Hyderabad,Telangana,COD
101526,2026-08-06,106,Ramesh,501,Laptop,Electronics,2,60000,5000,CANCELLED,Pune,Maharashtra,NET_BANKING
101527,2026-08-16,102,Anil,507,Desk,Furniture,5,15000,5000,CANCELLED,Hyderabad,Telangana,CARD
101528,2026-08-17,106,Ramesh,507,Desk,Furniture,4,15000,100,COMPLETED,Pune,Maharashtra,UPI
101529,2026-08-05,101,Ravi,503,Chair,Furniture,3,8000,0,RETURNED,Hyderabad,Telangana,CARD
101530,2026-08-14,101,Ravi,506,Headphones,Electronics,5,5000,0,COMPLETED,Hyderabad,Telangana,COD
101531,2026-08-16,105,Priya,505,Table,Furniture,1,10000,2000,COMPLETED,Mumbai,Maharashtra,CARD
101532,2026-08-08,109,Sneha,503,Chair,Furniture,3,8000,0,COMPLETED,Delhi,Delhi,CARD
101533,2026-08-16,107,Lakshmi,504,Keyboard,Electronics,1,3000,100,COMPLETED,Chennai,Tamil Nadu,CARD
101534,2026-08-05,104,Kumar,502,Mouse,Electronics,4,1000,0,COMPLETED,Bangalore,Karnataka,CARD
101535,2026-08-01,103,Sita,507,Desk,Furniture,5,15000,200,COMPLETED,Chennai,Tamil Nadu,UPI
101536,2026-08-17,107,Lakshmi,507,Desk,Furniture,3,15000,200,COMPLETED,Chennai,Tamil Nadu,NET_BANKING
101537,2026-08-02,107,Lakshmi,508,Mobile,Electronics,5,25000,2000,COMPLETED,Chennai,Tamil Nadu,UPI
101538,2026-08-09,105,Priya,502,Mouse,Electronics,3,1000,500,COMPLETED,Mumbai,Maharashtra,COD
101539,2026-08-29,104,Kumar,506,Headphones,Electronics,1,5000,100,COMPLETED,Bangalore,Karnataka,UPI
101540,2026-08-07,101,Ravi,506,Headphones,Electronics,3,5000,5000,COMPLETED,Hyderabad,Telangana,UPI
101541,2026-08-09,107,Lakshmi,503,Chair,Furniture,4,8000,1000,COMPLETED,Chennai,Tamil Nadu,NET_BANKING
101542,2026-08-22,102,Anil,502,Mouse,Electronics,1,1000,100,COMPLETED,Hyderabad,Telangana,NET_BANKING
101543,2026-08-17,106,Ramesh,510,Bookshelf,Furniture,5,12000,1000,COMPLETED,Pune,Maharashtra,NET_BANKING
101544,2026-08-13,104,Kumar,510,Bookshelf,Furniture,1,12000,0,COMPLETED,Bangalore,Karnataka,UPI
101545,2026-08-31,101,Ravi,510,Bookshelf,Furniture,2,12000,200,CANCELLED,Hyderabad,Telangana,COD
101546,2026-08-31,102,Anil,502,Mouse,Electronics,5,1000,1000,COMPLETED,Hyderabad,Telangana,COD
101547,2026-08-24,104,Kumar,509,Monitor,Electronics,2,20000,0,COMPLETED,Bangalore,Karnataka,CARD
101548,2026-08-23,107,Lakshmi,509,Monitor,Electronics,3,20000,1000,COMPLETED,Chennai,Tamil Nadu,COD
101549,2026-08-03,102,Anil,507,Desk,Furniture,4,15000,2000,COMPLETED,Hyderabad,Telangana,UPI
101550,2026-08-09,103,Sita,510,Bookshelf,Furniture,2,12000,500,COMPLETED,Chennai,Tamil Nadu,UPI
101551,2026-08-16,104,Kumar,507,Desk,Furniture,5,15000,0,COMPLETED,Bangalore,Karnataka,COD
101552,2026-08-18,109,Sneha,507,Desk,Furniture,4,15000,2000,COMPLETED,Delhi,Delhi,NET_BANKING
101553,2026-08-01,104,Kumar,503,Chair,Furniture,2,8000,200,COMPLETED,Bangalore,Karnataka,UPI
101554,2026-08-17,109,Sneha,508,Mobile,Electronics,5,25000,500,COMPLETED,Delhi,Delhi,CARD
101555,2026-08-18,105,Priya,505,Table,Furniture,1,10000,100,COMPLETED,Mumbai,Maharashtra,UPI
101556,2026-08-10,109,Sneha,504,Keyboard,Electronics,1,3000,100,COMPLETED,Delhi,Delhi,CARD
101557,2026-08-21,105,Priya,501,Laptop,Electronics,2,60000,200,COMPLETED,Mumbai,Maharashtra,UPI
101558,2026-08-21,101,Ravi,506,Headphones,Electronics,5,5000,1000,COMPLETED,Hyderabad,Telangana,UPI
101559,2026-08-24,109,Sneha,505,Table,Furniture,2,10000,2000,COMPLETED,Delhi,Delhi,NET_BANKING
101560,2026-08-21,106,Ramesh,501,Laptop,Electronics,1,60000,1000,COMPLETED,Pune,Maharashtra,NET_BANKING
101561,2026-08-01,103,Sita,505,Table,Furniture,5,10000,0,CANCELLED,Chennai,Tamil Nadu,COD
101562,2026-08-18,105,Priya,510,Bookshelf,Furniture,2,12000,5000,COMPLETED,Mumbai,Maharashtra,NET_BANKING
101563,2026-08-19,105,Priya,504,Keyboard,Electronics,4,3000,100,COMPLETED,Mumbai,Maharashtra,CARD
101564,2026-08-05,107,Lakshmi,506,Headphones,Electronics,4,5000,0,COMPLETED,Chennai,Tamil Nadu,CARD
101565,2026-08-27,108,Arjun,503,Chair,Furniture,2,8000,200,COMPLETED,Hyderabad,Telangana,COD
101566,2026-08-01,103,Sita,505,Table,Furniture,3,10000,100,COMPLETED,Chennai,Tamil Nadu,COD
101567,2026-08-03,110,Vikram,504,Keyboard,Electronics,2,3000,0,COMPLETED,Kolkata,West Bengal,CARD
101568,2026-08-04,108,Arjun,507,Desk,Furniture,5,15000,100,CANCELLED,Hyderabad,Telangana,UPI
101569,2026-08-13,110,Vikram,502,Mouse,Electronics,4,1000,0,COMPLETED,Kolkata,West Bengal,UPI
101570,2026-08-08,101,Ravi,503,Chair,Furniture,1,8000,500,COMPLETED,Hyderabad,Telangana,UPI
101571,2026-08-18,101,Ravi,502,Mouse,Electronics,3,1000,0,COMPLETED,Hyderabad,Telangana,CARD
101572,2026-08-29,108,Arjun,510,Bookshelf,Furniture,4,12000,100,COMPLETED,Hyderabad,Telangana,NET_BANKING
101573,2026-08-08,108,Arjun,503,Chair,Furniture,1,8000,500,COMPLETED,Hyderabad,Telangana,UPI
101574,2026-08-04,101,Ravi,501,Laptop,Electronics,5,60000,500,COMPLETED,Hyderabad,Telangana,COD
101575,2026-08-30,103,Sita,501,Laptop,Electronics,2,60000,0,COMPLETED,Chennai,Tamil Nadu,COD
101576,2026-08-12,107,Lakshmi,503,Chair,Furniture,3,8000,200,CANCELLED,Chennai,Tamil Nadu,COD
101577,2026-08-06,102,Anil,508,Mobile,Electronics,1,25000,200,COMPLETED,Hyderabad,Telangana,NET_BANKING
101578,2026-08-20,106,Ramesh,502,Mouse,Electronics,3,1000,0,COMPLETED,Pune,Maharashtra,UPI
101579,2026-08-05,101,Ravi,510,Bookshelf,Furniture,2,12000,2000,COMPLETED,Hyderabad,Telangana,NET_BANKING
101580,2026-08-22,110,Vikram,503,Chair,Furniture,4,8000,100,CANCELLED,Kolkata,West Bengal,NET_BANKING
101581,2026-08-12,110,Vikram,505,Table,Furniture,1,10000,500,COMPLETED,Kolkata,West Bengal,NET_BANKING
101582,2026-08-26,105,Priya,502,Mouse,Electronics,1,1000,100,RETURNED,Mumbai,Maharashtra,CARD
101583,2026-08-13,106,Ramesh,503,Chair,Furniture,4,8000,5000,COMPLETED,Pune,Maharashtra,UPI
101584,2026-08-31,110,Vikram,507,Desk,Furniture,3,15000,100,COMPLETED,Kolkata,West Bengal,NET_BANKING
101585,2026-08-25,103,Sita,503,Chair,Furniture,4,8000,1000,COMPLETED,Chennai,Tamil Nadu,COD
101586,2026-08-23,107,Lakshmi,508,Mobile,Electronics,4,25000,1000,COMPLETED,Chennai,Tamil Nadu,CARD
101587,2026-08-18,107,Lakshmi,507,Desk,Furniture,4,15000,5000,COMPLETED,Chennai,Tamil Nadu,CARD
101588,2026-08-19,107,Lakshmi,502,Mouse,Electronics,4,1000,200,CANCELLED,Chennai,Tamil Nadu,UPI
101589,2026-08-01,104,Kumar,506,Headphones,Electronics,2,5000,0,COMPLETED,Bangalore,Karnataka,COD
101590,2026-08-02,103,Sita,502,Mouse,Electronics,3,1000,1000,RETURNED,Chennai,Tamil Nadu,CARD
101591,2026-08-05,105,Priya,508,Mobile,Electronics,5,25000,2000,COMPLETED,Mumbai,Maharashtra,CARD
101592,2026-08-24,104,Kumar,501,Laptop,Electronics,2,60000,0,CANCELLED,Bangalore,Karnataka,CARD
101593,2026-08-23,107,Lakshmi,501,Laptop,Electronics,4,60000,1000,COMPLETED,Chennai,Tamil Nadu,UPI
101594,2026-08-16,110,Vikram,502,Mouse,Electronics,5,1000,100,COMPLETED,Kolkata,West Bengal,CARD
101595,2026-08-03,106,Ramesh,503,Chair,Furniture,2,8000,0,COMPLETED,Pune,Maharashtra,COD
101596,2026-08-16,103,Sita,503,Chair,Furniture,2,8000,500,COMPLETED,Chennai,Tamil Nadu,COD
101597,2026-08-26,106,Ramesh,508,Mobile,Electronics,1,25000,500,COMPLETED,Pune,Maharashtra,CARD
101598,2026-08-20,101,Ravi,501,Laptop,Electronics,2,60000,100,COMPLETED,Hyderabad,Telangana,COD
101599,2026-08-18,107,Lakshmi,508,Mobile,Electronics,3,25000,500,CANCELLED,Chennai,Tamil Nadu,CARD
101600,2026-08-09,107,Lakshmi,503,Chair,Furniture,1,8000,2000,COMPLETED,Chennai,Tamil Nadu,CARD
101601,2026-08-02,107,Lakshmi,510,Bookshelf,Furniture,2,12000,2000,COMPLETED,Chennai,Tamil Nadu,UPI
101602,2026-08-11,108,Arjun,508,Mobile,Electronics,4,25000,2000,COMPLETED,Hyderabad,Telangana,UPI
101603,2026-08-07,106,Ramesh,507,Desk,Furniture,3,15000,0,COMPLETED,Pune,Maharashtra,UPI
101604,2026-08-25,106,Ramesh,510,Bookshelf,Furniture,3,12000,0,COMPLETED,Pune,Maharashtra,NET_BANKING
101605,2026-08-04,103,Sita,509,Monitor,Electronics,1,20000,200,COMPLETED,Chennai,Tamil Nadu,UPI
101606,2026-08-18,105,Priya,504,Keyboard,Electronics,2,3000,0,COMPLETED,Mumbai,Maharashtra,NET_BANKING
101607,2026-08-19,102,Anil,510,Bookshelf,Furniture,1,12000,5000,COMPLETED,Hyderabad,Telangana,UPI
101608,2026-08-31,106,Ramesh,502,Mouse,Electronics,3,1000,0,COMPLETED,Pune,Maharashtra,NET_BANKING
101609,2026-08-07,107,Lakshmi,509,Monitor,Electronics,3,20000,2000,CANCELLED,Chennai,Tamil Nadu,NET_BANKING
101610,2026-08-11,103,Sita,502,Mouse,Electronics,4,1000,0,COMPLETED,Chennai,Tamil Nadu,CARD
101611,2026-08-26,101,Ravi,510,Bookshelf,Furniture,4,12000,5000,COMPLETED,Hyderabad,Telangana,UPI
101612,2026-08-05,105,Priya,503,Chair,Furniture,4,8000,0,COMPLETED,Mumbai,Maharashtra,UPI
101613,2026-08-26,104,Kumar,504,Keyboard,Electronics,2,3000,100,COMPLETED,Bangalore,Karnataka,NET_BANKING
101614,2026-08-11,108,Arjun,503,Chair,Furniture,3,8000,1000,COMPLETED,Hyderabad,Telangana,COD
101615,2026-08-08,101,Ravi,507,Desk,Furniture,2,15000,0,COMPLETED,Hyderabad,Telangana,COD
101616,2026-08-05,102,Anil,501,Laptop,Electronics,3,60000,0,COMPLETED,Hyderabad,Telangana,UPI
101617,2026-08-06,108,Arjun,506,Headphones,Electronics,3,5000,100,COMPLETED,Hyderabad,Telangana,NET_BANKING
101618,2026-08-12,110,Vikram,506,Headphones,Electronics,1,5000,0,COMPLETED,Kolkata,West Bengal,COD
101619,2026-08-09,105,Priya,508,Mobile,Electronics,4,25000,100,COMPLETED,Mumbai,Maharashtra,COD
101620,2026-08-28,101,Ravi,506,Headphones,Electronics,3,5000,2000,COMPLETED,Hyderabad,Telangana,CARD
101621,2026-08-17,108,Arjun,506,Headphones,Electronics,5,5000,1000,COMPLETED,Hyderabad,Telangana,UPI
101622,2026-08-15,107,Lakshmi,509,Monitor,Electronics,3,20000,0,COMPLETED,Chennai,Tamil Nadu,UPI
101623,2026-08-01,104,Kumar,509,Monitor,Electronics,2,20000,0,COMPLETED,Bangalore,Karnataka,COD
101624,2026-08-13,103,Sita,510,Bookshelf,Furniture,1,12000,200,COMPLETED,Chennai,Tamil Nadu,COD
101625,2026-08-15,102,Anil,506,Headphones,Electronics,4,5000,5000,COMPLETED,Hyderabad,Telangana,UPI
101626,2026-08-30,103,Sita,502,Mouse,Electronics,4,1000,2000,COMPLETED,Chennai,Tamil Nadu,COD
101627,2026-08-11,106,Ramesh,502,Mouse,Electronics,3,1000,5000,COMPLETED,Pune,Maharashtra,COD
101628,2026-08-15,102,Anil,505,Table,Furniture,1,10000,100,COMPLETED,Hyderabad,Telangana,CARD
101629,2026-08-19,104,Kumar,506,Headphones,Electronics,1,5000,2000,COMPLETED,Bangalore,Karnataka,NET_BANKING
101630,2026-08-07,107,Lakshmi,508,Mobile,Electronics,1,25000,200,COMPLETED,Chennai,Tamil Nadu,COD
101631,2026-08-21,105,Priya,505,Table,Furniture,2,10000,0,COMPLETED,Mumbai,Maharashtra,UPI
101632,2026-08-03,105,Priya,507,Desk,Furniture,3,15000,5000,COMPLETED,Mumbai,Maharashtra,CARD
101633,2026-08-27,105,Priya,503,Chair,Furniture,1,8000,0,COMPLETED,Mumbai,Maharashtra,NET_BANKING
101634,2026-08-07,105,Priya,503,Chair,Furniture,3,8000,2000,COMPLETED,Mumbai,Maharashtra,COD
101635,2026-08-31,109,Sneha,503,Chair,Furniture,4,8000,1000,CANCELLED,Delhi,Delhi,COD
101636,2026-08-26,101,Ravi,509,Monitor,Electronics,5,20000,200,COMPLETED,Hyderabad,Telangana,CARD
101637,2026-08-01,106,Ramesh,506,Headphones,Electronics,2,5000,5000,COMPLETED,Pune,Maharashtra,COD
101638,2026-08-26,106,Ramesh,502,Mouse,Electronics,4,1000,500,COMPLETED,Pune,Maharashtra,UPI
101639,2026-08-21,108,Arjun,503,Chair,Furniture,4,8000,0,COMPLETED,Hyderabad,Telangana,CARD
101640,2026-08-23,104,Kumar,507,Desk,Furniture,5,15000,100,COMPLETED,Bangalore,Karnataka,COD
101641,2026-08-07,104,Kumar,506,Headphones,Electronics,2,5000,0,COMPLETED,Bangalore,Karnataka,NET_BANKING
101642,2026-08-29,101,Ravi,505,Table,Furniture,3,10000,0,CANCELLED,Hyderabad,Telangana,COD
101643,2026-08-14,108,Arjun,507,Desk,Furniture,3,15000,1000,COMPLETED,Hyderabad,Telangana,COD
101644,2026-08-04,109,Sneha,506,Headphones,Electronics,2,5000,5000,COMPLETED,Delhi,Delhi,NET_BANKING
101645,2026-08-20,103,Sita,509,Monitor,Electronics,2,20000,2000,COMPLETED,Chennai,Tamil Nadu,NET_BANKING
101646,2026-08-23,107,Lakshmi,505,Table,Furniture,5,10000,0,COMPLETED,Chennai,Tamil Nadu,UPI
101647,2026-08-20,102,Anil,501,Laptop,Electronics,4,60000,0,COMPLETED,Hyderabad,Telangana,UPI
101648,2026-08-19,108,Arjun,509,Monitor,Electronics,1,20000,500,COMPLETED,Hyderabad,Telangana,CARD
101649,2026-08-18,104,Kumar,508,Mobile,Electronics,4,25000,0,COMPLETED,Bangalore,Karnataka,COD
101650,2026-08-31,102,Anil,506,Headphones,Electronics,4,5000,2000,COMPLETED,Hyderabad,Telangana,COD
101651,2026-08-26,101,Ravi,506,Headphones,Electronics,2,5000,500,COMPLETED,Hyderabad,Telangana,NET_BANKING
101652,2026-08-22,105,Priya,507,Desk,Furniture,2,15000,0,COMPLETED,Mumbai,Maharashtra,UPI
101653,2026-08-05,101,Ravi,501,Laptop,Electronics,3,60000,1000,COMPLETED,Hyderabad,Telangana,CARD
101654,2026-08-08,110,Vikram,507,Desk,Furniture,5,15000,2000,COMPLETED,Kolkata,West Bengal,COD
101655,2026-08-14,101,Ravi,510,Bookshelf,Furniture,2,12000,2000,CANCELLED,Hyderabad,Telangana,CARD
101656,2026-08-17,107,Lakshmi,506,Headphones,Electronics,2,5000,2000,COMPLETED,Chennai,Tamil Nadu,UPI
101657,2026-08-04,103,Sita,509,Monitor,Electronics,5,20000,2000,RETURNED,Chennai,Tamil Nadu,NET_BANKING
101658,2026-08-31,109,Sneha,503,Chair,Furniture,3,8000,200,COMPLETED,Delhi,Delhi,UPI
101659,2026-08-01,101,Ravi,507,Desk,Furniture,5,15000,100,COMPLETED,Hyderabad,Telangana,UPI
101660,2026-08-01,110,Vikram,507,Desk,Furniture,2,15000,5000,COMPLETED,Kolkata,West Bengal,NET_BANKING
101661,2026-08-21,103,Sita,504,Keyboard,Electronics,2,3000,500,COMPLETED,Chennai,Tamil Nadu,CARD
101662,2026-08-22,107,Lakshmi,505,Table,Furniture,1,10000,500,COMPLETED,Chennai,Tamil Nadu,CARD
101663,2026-08-28,101,Ravi,510,Bookshelf,Furniture,1,12000,0,COMPLETED,Hyderabad,Telangana,UPI
101664,2026-08-10,102,Anil,503,Chair,Furniture,3,8000,100,COMPLETED,Hyderabad,Telangana,UPI
101665,2026-08-30,108,Arjun,506,Headphones,Electronics,2,5000,2000,COMPLETED,Hyderabad,Telangana,COD
101666,2026-08-03,101,Ravi,507,Desk,Furniture,4,15000,0,COMPLETED,Hyderabad,Telangana,COD
101667,2026-08-21,107,Lakshmi,506,Headphones,Electronics,4,5000,100,COMPLETED,Chennai,Tamil Nadu,NET_BANKING
101668,2026-08-22,101,Ravi,503,Chair,Furniture,5,8000,0,COMPLETED,Hyderabad,Telangana,NET_BANKING
101669,2026-08-20,106,Ramesh,508,Mobile,Electronics,5,25000,0,COMPLETED,Pune,Maharashtra,NET_BANKING
101670,2026-08-20,102,Anil,504,Keyboard,Electronics,1,3000,0,COMPLETED,Hyderabad,Telangana,CARD
101671,2026-08-04,104,Kumar,506,Headphones,Electronics,2,5000,0,COMPLETED,Bangalore,Karnataka,CARD
101672,2026-08-24,104,Kumar,502,Mouse,Electronics,2,1000,500,COMPLETED,Bangalore,Karnataka,COD
101673,2026-08-12,104,Kumar,502,Mouse,Electronics,5,1000,500,COMPLETED,Bangalore,Karnataka,COD
101674,2026-08-31,107,Lakshmi,509,Monitor,Electronics,4,20000,200,COMPLETED,Chennai,Tamil Nadu,CARD
101675,2026-08-31,104,Kumar,505,Table,Furniture,4,10000,0,COMPLETED,Bangalore,Karnataka,NET_BANKING
101676,2026-08-31,103,Sita,504,Keyboard,Electronics,4,3000,2000,COMPLETED,Chennai,Tamil Nadu,COD
101677,2026-08-27,110,Vikram,505,Table,Furniture,3,10000,0,COMPLETED,Kolkata,West Bengal,COD
101678,2026-08-19,107,Lakshmi,504,Keyboard,Electronics,3,3000,1000,COMPLETED,Chennai,Tamil Nadu,UPI
101679,2026-08-29,108,Arjun,503,Chair,Furniture,1,8000,500,COMPLETED,Hyderabad,Telangana,COD
101680,2026-08-27,105,Priya,510,Bookshelf,Furniture,5,12000,1000,COMPLETED,Mumbai,Maharashtra,UPI
101681,2026-08-26,102,Anil,503,Chair,Furniture,3,8000,2000,COMPLETED,Hyderabad,Telangana,NET_BANKING
101682,2026-08-07,104,Kumar,502,Mouse,Electronics,3,1000,1000,COMPLETED,Bangalore,Karnataka,NET_BANKING
101683,2026-08-11,102,Anil,501,Laptop,Electronics,1,60000,1000,COMPLETED,Hyderabad,Telangana,COD
101684,2026-08-29,110,Vikram,506,Headphones,Electronics,2,5000,0,COMPLETED,Kolkata,West Bengal,NET_BANKING
101685,2026-08-17,110,Vikram,504,Keyboard,Electronics,2,3000,0,COMPLETED,Kolkata,West Bengal,NET_BANKING
101686,2026-08-19,110,Vikram,502,Mouse,Electronics,4,1000,2000,COMPLETED,Kolkata,West Bengal,NET_BANKING
101687,2026-08-02,104,Kumar,504,Keyboard,Electronics,4,3000,5000,COMPLETED,Bangalore,Karnataka,NET_BANKING
101688,2026-08-04,107,Lakshmi,502,Mouse,Electronics,4,1000,100,COMPLETED,Chennai,Tamil Nadu,NET_BANKING
101689,2026-08-08,110,Vikram,507,Desk,Furniture,5,15000,0,COMPLETED,Kolkata,West Bengal,UPI
101690,2026-08-30,110,Vikram,501,Laptop,Electronics,4,60000,500,COMPLETED,Kolkata,West Bengal,COD
101691,2026-08-30,101,Ravi,509,Monitor,Electronics,5,20000,0,COMPLETED,Hyderabad,Telangana,UPI
101692,2026-08-04,102,Anil,508,Mobile,Electronics,4,25000,500,COMPLETED,Hyderabad,Telangana,NET_BANKING
101693,2026-08-03,106,Ramesh,507,Desk,Furniture,5,15000,1000,COMPLETED,Pune,Maharashtra,UPI
101694,2026-08-23,107,Lakshmi,505,Table,Furniture,4,10000,5000,COMPLETED,Chennai,Tamil Nadu,UPI
101695,2026-08-04,106,Ramesh,510,Bookshelf,Furniture,1,12000,200,COMPLETED,Pune,Maharashtra,UPI
101696,2026-08-11,103,Sita,502,Mouse,Electronics,4,1000,200,COMPLETED,Chennai,Tamil Nadu,UPI
101697,2026-08-27,104,Kumar,506,Headphones,Electronics,5,5000,0,CANCELLED,Bangalore,Karnataka,UPI
101698,2026-08-04,105,Priya,501,Laptop,Electronics,1,60000,500,COMPLETED,Mumbai,Maharashtra,NET_BANKING
101699,2026-08-26,106,Ramesh,510,Bookshelf,Furniture,4,12000,500,CANCELLED,Pune,Maharashtra,CARD
101700,2026-08-15,103,Sita,510,Bookshelf,Furniture,1,12000,100,COMPLETED,Chennai,Tamil Nadu,CARD
101701,2026-08-21,110,Vikram,507,Desk,Furniture,4,15000,0,COMPLETED,Kolkata,West Bengal,CARD
101702,2026-08-22,110,Vikram,508,Mobile,Electronics,4,25000,500,COMPLETED,Kolkata,West Bengal,COD
101703,2026-08-09,104,Kumar,502,Mouse,Electronics,3,1000,0,COMPLETED,Bangalore,Karnataka,CARD
101704,2026-08-03,104,Kumar,502,Mouse,Electronics,4,1000,0,COMPLETED,Bangalore,Karnataka,UPI
101705,2026-08-27,104,Kumar,508,Mobile,Electronics,4,25000,200,COMPLETED,Bangalore,Karnataka,UPI
101706,2026-08-27,106,Ramesh,504,Keyboard,Electronics,5,3000,1000,RETURNED,Pune,Maharashtra,NET_BANKING
101707,2026-08-28,108,Arjun,503,Chair,Furniture,5,8000,0,COMPLETED,Hyderabad,Telangana,CARD
101708,2026-08-15,106,Ramesh,507,Desk,Furniture,5,15000,200,RETURNED,Pune,Maharashtra,COD
101709,2026-08-09,104,Kumar,502,Mouse,Electronics,4,1000,100,CANCELLED,Bangalore,Karnataka,NET_BANKING
101710,2026-08-05,110,Vikram,502,Mouse,Electronics,4,1000,0,RETURNED,Kolkata,West Bengal,UPI
101711,2026-08-29,104,Kumar,501,Laptop,Electronics,4,60000,100,COMPLETED,Bangalore,Karnataka,UPI
101712,2026-08-15,108,Arjun,509,Monitor,Electronics,3,20000,500,COMPLETED,Hyderabad,Telangana,UPI
101713,2026-08-07,106,Ramesh,507,Desk,Furniture,2,15000,2000,COMPLETED,Pune,Maharashtra,COD
101714,2026-08-02,109,Sneha,506,Headphones,Electronics,4,5000,500,COMPLETED,Delhi,Delhi,UPI
101715,2026-08-24,101,Ravi,507,Desk,Furniture,4,15000,200,COMPLETED,Hyderabad,Telangana,CARD
101716,2026-08-20,107,Lakshmi,503,Chair,Furniture,3,8000,5000,COMPLETED,Chennai,Tamil Nadu,COD
101717,2026-08-21,102,Anil,501,Laptop,Electronics,2,60000,0,COMPLETED,Hyderabad,Telangana,UPI
101718,2026-08-19,101,Ravi,501,Laptop,Electronics,3,60000,200,COMPLETED,Hyderabad,Telangana,UPI
101719,2026-08-29,105,Priya,504,Keyboard,Electronics,5,3000,2000,COMPLETED,Mumbai,Maharashtra,COD
101720,2026-08-24,102,Anil,504,Keyboard,Electronics,3,3000,5000,COMPLETED,Hyderabad,Telangana,CARD
101721,2026-08-21,104,Kumar,506,Headphones,Electronics,3,5000,500,CANCELLED,Bangalore,Karnataka,UPI
101722,2026-08-17,102,Anil,503,Chair,Furniture,5,8000,5000,CANCELLED,Hyderabad,Telangana,NET_BANKING
101723,2026-08-11,104,Kumar,503,Chair,Furniture,1,8000,100,COMPLETED,Bangalore,Karnataka,NET_BANKING
101724,2026-08-31,108,Arjun,503,Chair,Furniture,1,8000,5000,COMPLETED,Hyderabad,Telangana,NET_BANKING
101725,2026-08-09,101,Ravi,503,Chair,Furniture,1,8000,100,CANCELLED,Hyderabad,Telangana,UPI
101726,2026-08-16,110,Vikram,506,Headphones,Electronics,5,5000,0,COMPLETED,Kolkata,West Bengal,CARD
101727,2026-08-02,108,Arjun,502,Mouse,Electronics,1,1000,500,COMPLETED,Hyderabad,Telangana,CARD
101728,2026-08-04,103,Sita,502,Mouse,Electronics,3,1000,1000,COMPLETED,Chennai,Tamil Nadu,COD
101729,2026-08-09,106,Ramesh,509,Monitor,Electronics,4,20000,500,COMPLETED,Pune,Maharashtra,COD
101730,2026-08-10,101,Ravi,506,Headphones,Electronics,3,5000,5000,COMPLETED,Hyderabad,Telangana,NET_BANKING
101731,2026-08-05,109,Sneha,501,Laptop,Electronics,4,60000,200,COMPLETED,Delhi,Delhi,CARD
101732,2026-08-01,106,Ramesh,508,Mobile,Electronics,2,25000,2000,COMPLETED,Pune,Maharashtra,CARD
101733,2026-08-30,102,Anil,504,Keyboard,Electronics,4,3000,0,COMPLETED,Hyderabad,Telangana,COD
101734,2026-08-09,109,Sneha,503,Chair,Furniture,3,8000,1000,COMPLETED,Delhi,Delhi,COD
101735,2026-08-07,105,Priya,505,Table,Furniture,1,10000,1000,COMPLETED,Mumbai,Maharashtra,UPI
101736,2026-08-19,107,Lakshmi,508,Mobile,Electronics,3,25000,500,COMPLETED,Chennai,Tamil Nadu,UPI
101737,2026-08-15,108,Arjun,503,Chair,Furniture,2,8000,500,COMPLETED,Hyderabad,Telangana,CARD
101738,2026-08-10,105,Priya,508,Mobile,Electronics,1,25000,500,COMPLETED,Mumbai,Maharashtra,COD
101739,2026-08-10,101,Ravi,504,Keyboard,Electronics,5,3000,0,COMPLETED,Hyderabad,Telangana,COD
101740,2026-08-14,105,Priya,501,Laptop,Electronics,3,60000,0,COMPLETED,Mumbai,Maharashtra,NET_BANKING
101741,2026-08-29,103,Sita,506,Headphones,Electronics,3,5000,100,COMPLETED,Chennai,Tamil Nadu,NET_BANKING
101742,2026-08-14,103,Sita,504,Keyboard,Electronics,5,3000,0,COMPLETED,Chennai,Tamil Nadu,CARD
101743,2026-08-30,101,Ravi,508,Mobile,Electronics,3,25000,200,CANCELLED,Hyderabad,Telangana,COD
101744,2026-08-31,107,Lakshmi,507,Desk,Furniture,1,15000,500,COMPLETED,Chennai,Tamil Nadu,NET_BANKING
101745,2026-08-14,103,Sita,510,Bookshelf,Furniture,3,12000,100,CANCELLED,Chennai,Tamil Nadu,CARD
101746,2026-08-14,105,Priya,503,Chair,Furniture,5,8000,200,COMPLETED,Mumbai,Maharashtra,NET_BANKING
101747,2026-08-19,102,Anil,505,Table,Furniture,4,10000,100,COMPLETED,Hyderabad,Telangana,COD
101748,2026-08-17,102,Anil,503,Chair,Furniture,4,8000,1000,COMPLETED,Hyderabad,Telangana,NET_BANKING
101749,2026-08-14,108,Arjun,506,Headphones,Electronics,4,5000,2000,COMPLETED,Hyderabad,Telangana,COD
101750,2026-08-01,101,Ravi,509,Monitor,Electronics,4,20000,0,RETURNED,Hyderabad,Telangana,CARD
101751,2026-08-26,110,Vikram,505,Table,Furniture,2,10000,1000,COMPLETED,Kolkata,West Bengal,NET_BANKING
101752,2026-08-05,101,Ravi,507,Desk,Furniture,4,15000,0,COMPLETED,Hyderabad,Telangana,COD
101753,2026-08-02,101,Ravi,502,Mouse,Electronics,3,1000,0,COMPLETED,Hyderabad,Telangana,UPI
101754,2026-08-16,105,Priya,510,Bookshelf,Furniture,3,12000,0,COMPLETED,Mumbai,Maharashtra,UPI
101755,2026-08-05,104,Kumar,509,Monitor,Electronics,5,20000,5000,COMPLETED,Bangalore,Karnataka,CARD
101756,2026-08-21,103,Sita,505,Table,Furniture,3,10000,0,COMPLETED,Chennai,Tamil Nadu,CARD
101757,2026-08-01,102,Anil,502,Mouse,Electronics,2,1000,0,COMPLETED,Hyderabad,Telangana,UPI
101758,2026-08-04,104,Kumar,504,Keyboard,Electronics,4,3000,0,COMPLETED,Bangalore,Karnataka,COD
101759,2026-08-30,107,Lakshmi,501,Laptop,Electronics,1,60000,500,COMPLETED,Chennai,Tamil Nadu,COD
101760,2026-08-27,103,Sita,504,Keyboard,Electronics,5,3000,500,COMPLETED,Chennai,Tamil Nadu,COD
101761,2026-08-14,110,Vikram,502,Mouse,Electronics,2,1000,0,COMPLETED,Kolkata,West Bengal,CARD
101762,2026-08-17,104,Kumar,503,Chair,Furniture,5,8000,200,COMPLETED,Bangalore,Karnataka,COD
101763,2026-08-22,105,Priya,505,Table,Furniture,1,10000,5000,COMPLETED,Mumbai,Maharashtra,NET_BANKING
101764,2026-08-23,107,Lakshmi,507,Desk,Furniture,1,15000,5000,COMPLETED,Chennai,Tamil Nadu,COD
101765,2026-08-10,103,Sita,501,Laptop,Electronics,4,60000,0,COMPLETED,Chennai,Tamil Nadu,COD
101766,2026-08-10,101,Ravi,510,Bookshelf,Furniture,1,12000,5000,COMPLETED,Hyderabad,Telangana,NET_BANKING
101767,2026-08-29,103,Sita,508,Mobile,Electronics,4,25000,500,COMPLETED,Chennai,Tamil Nadu,CARD
101768,2026-08-28,106,Ramesh,509,Monitor,Electronics,5,20000,200,COMPLETED,Pune,Maharashtra,COD
101769,2026-08-06,109,Sneha,502,Mouse,Electronics,2,1000,1000,COMPLETED,Delhi,Delhi,NET_BANKING
101770,2026-08-09,108,Arjun,503,Chair,Furniture,3,8000,2000,COMPLETED,Hyderabad,Telangana,COD
101771,2026-08-20,107,Lakshmi,508,Mobile,Electronics,2,25000,500,COMPLETED,Chennai,Tamil Nadu,NET_BANKING
101772,2026-08-12,110,Vikram,510,Bookshelf,Furniture,5,12000,2000,COMPLETED,Kolkata,West Bengal,UPI
101773,2026-08-08,101,Ravi,503,Chair,Furniture,1,8000,0,COMPLETED,Hyderabad,Telangana,COD
101774,2026-08-25,106,Ramesh,504,Keyboard,Electronics,2,3000,0,COMPLETED,Pune,Maharashtra,COD
101775,2026-08-02,107,Lakshmi,502,Mouse,Electronics,5,1000,500,COMPLETED,Chennai,Tamil Nadu,UPI
101776,2026-08-25,102,Anil,508,Mobile,Electronics,3,25000,0,COMPLETED,Hyderabad,Telangana,NET_BANKING
101777,2026-08-13,102,Anil,508,Mobile,Electronics,2,25000,200,COMPLETED,Hyderabad,Telangana,NET_BANKING
101778,2026-08-22,108,Arjun,508,Mobile,Electronics,3,25000,200,COMPLETED,Hyderabad,Telangana,CARD
101779,2026-08-26,107,Lakshmi,509,Monitor,Electronics,2,20000,0,COMPLETED,Chennai,Tamil Nadu,UPI
101780,2026-08-02,102,Anil,504,Keyboard,Electronics,2,3000,0,COMPLETED,Hyderabad,Telangana,COD
101781,2026-08-28,110,Vikram,509,Monitor,Electronics,1,20000,1000,COMPLETED,Kolkata,West Bengal,COD
101782,2026-08-19,104,Kumar,504,Keyboard,Electronics,4,3000,1000,COMPLETED,Bangalore,Karnataka,CARD
101783,2026-08-14,102,Anil,508,Mobile,Electronics,4,25000,0,COMPLETED,Hyderabad,Telangana,UPI
101784,2026-08-10,103,Sita,509,Monitor,Electronics,1,20000,0,COMPLETED,Chennai,Tamil Nadu,CARD
101785,2026-08-18,101,Ravi,510,Bookshelf,Furniture,3,12000,0,COMPLETED,Hyderabad,Telangana,NET_BANKING
101786,2026-08-23,105,Priya,507,Desk,Furniture,3,15000,0,COMPLETED,Mumbai,Maharashtra,NET_BANKING
101787,2026-08-19,102,Anil,509,Monitor,Electronics,2,20000,500,COMPLETED,Hyderabad,Telangana,UPI
101788,2026-08-19,109,Sneha,502,Mouse,Electronics,4,1000,500,COMPLETED,Delhi,Delhi,UPI
101789,2026-08-14,101,Ravi,506,Headphones,Electronics,3,5000,200,COMPLETED,Hyderabad,Telangana,UPI
101790,2026-08-18,103,Sita,504,Keyboard,Electronics,3,3000,0,COMPLETED,Chennai,Tamil Nadu,COD
101791,2026-08-29,102,Anil,510,Bookshelf,Furniture,5,12000,0,COMPLETED,Hyderabad,Telangana,UPI
101792,2026-08-24,107,Lakshmi,510,Bookshelf,Furniture,5,12000,0,COMPLETED,Chennai,Tamil Nadu,COD
101793,2026-08-24,103,Sita,505,Table,Furniture,1,10000,0,COMPLETED,Chennai,Tamil Nadu,COD
101794,2026-08-21,109,Sneha,504,Keyboard,Electronics,3,3000,2000,COMPLETED,Delhi,Delhi,NET_BANKING
101795,2026-08-30,104,Kumar,501,Laptop,Electronics,1,60000,0,RETURNED,Bangalore,Karnataka,CARD
101796,2026-08-28,109,Sneha,510,Bookshelf,Furniture,4,12000,0,COMPLETED,Delhi,Delhi,COD
101797,2026-08-25,101,Ravi,507,Desk,Furniture,4,15000,100,COMPLETED,Hyderabad,Telangana,COD
101798,2026-08-04,109,Sneha,503,Chair,Furniture,4,8000,0,COMPLETED,Delhi,Delhi,NET_BANKING
101799,2026-08-11,106,Ramesh,504,Keyboard,Electronics,4,3000,0,COMPLETED,Pune,Maharashtra,CARD
101800,2026-08-01,102,Anil,510,Bookshelf,Furniture,2,12000,2000,RETURNED,Hyderabad,Telangana,UPI
101801,2026-08-27,101,Ravi,504,Keyboard,Electronics,1,3000,0,COMPLETED,Hyderabad,Telangana,CARD
101802,2026-08-10,108,Arjun,503,Chair,Furniture,1,8000,1000,COMPLETED,Hyderabad,Telangana,CARD
101803,2026-08-20,105,Priya,503,Chair,Furniture,4,8000,5000,COMPLETED,Mumbai,Maharashtra,UPI
101804,2026-08-09,102,Anil,502,Mouse,Electronics,5,1000,200,COMPLETED,Hyderabad,Telangana,NET_BANKING
101805,2026-08-23,104,Kumar,508,Mobile,Electronics,3,25000,1000,RETURNED,Bangalore,Karnataka,NET_BANKING
101806,2026-08-29,104,Kumar,509,Monitor,Electronics,3,20000,1000,CANCELLED,Bangalore,Karnataka,UPI
101807,2026-08-29,101,Ravi,506,Headphones,Electronics,4,5000,5000,COMPLETED,Hyderabad,Telangana,UPI
101808,2026-08-27,104,Kumar,503,Chair,Furniture,5,8000,200,COMPLETED,Bangalore,Karnataka,CARD
101809,2026-08-24,102,Anil,506,Headphones,Electronics,2,5000,0,COMPLETED,Hyderabad,Telangana,COD
101810,2026-08-01,108,Arjun,502,Mouse,Electronics,4,1000,0,COMPLETED,Hyderabad,Telangana,NET_BANKING
101811,2026-08-10,110,Vikram,507,Desk,Furniture,1,15000,0,COMPLETED,Kolkata,West Bengal,COD
101812,2026-08-28,108,Arjun,501,Laptop,Electronics,4,60000,2000,COMPLETED,Hyderabad,Telangana,UPI
101813,2026-08-13,104,Kumar,504,Keyboard,Electronics,2,3000,2000,COMPLETED,Bangalore,Karnataka,UPI
101814,2026-08-18,105,Priya,501,Laptop,Electronics,3,60000,0,COMPLETED,Mumbai,Maharashtra,NET_BANKING
101815,2026-08-07,105,Priya,510,Bookshelf,Furniture,1,12000,1000,CANCELLED,Mumbai,Maharashtra,COD
101816,2026-08-26,107,Lakshmi,501,Laptop,Electronics,1,60000,2000,CANCELLED,Chennai,Tamil Nadu,NET_BANKING
101817,2026-08-14,109,Sneha,508,Mobile,Electronics,5,25000,500,COMPLETED,Delhi,Delhi,COD
101818,2026-08-05,108,Arjun,504,Keyboard,Electronics,1,3000,500,CANCELLED,Hyderabad,Telangana,NET_BANKING
101819,2026-08-25,102,Anil,504,Keyboard,Electronics,5,3000,500,COMPLETED,Hyderabad,Telangana,COD
101820,2026-08-09,101,Ravi,510,Bookshelf,Furniture,3,12000,500,COMPLETED,Hyderabad,Telangana,NET_BANKING
101821,2026-08-04,110,Vikram,501,Laptop,Electronics,3,60000,1000,COMPLETED,Kolkata,West Bengal,CARD
101822,2026-08-01,108,Arjun,508,Mobile,Electronics,4,25000,0,COMPLETED,Hyderabad,Telangana,UPI
101823,2026-08-21,106,Ramesh,508,Mobile,Electronics,5,25000,200,COMPLETED,Pune,Maharashtra,UPI
101824,2026-08-09,110,Vikram,502,Mouse,Electronics,5,1000,1000,COMPLETED,Kolkata,West Bengal,COD
101825,2026-08-25,103,Sita,505,Table,Furniture,3,10000,500,COMPLETED,Chennai,Tamil Nadu,CARD
101826,2026-08-05,104,Kumar,503,Chair,Furniture,5,8000,0,COMPLETED,Bangalore,Karnataka,UPI
101827,2026-08-22,101,Ravi,503,Chair,Furniture,5,8000,5000,COMPLETED,Hyderabad,Telangana,NET_BANKING
101828,2026-08-23,101,Ravi,509,Monitor,Electronics,2,20000,0,CANCELLED,Hyderabad,Telangana,NET_BANKING
101829,2026-08-22,105,Priya,501,Laptop,Electronics,3,60000,0,COMPLETED,Mumbai,Maharashtra,CARD
101830,2026-08-03,106,Ramesh,502,Mouse,Electronics,5,1000,5000,COMPLETED,Pune,Maharashtra,UPI
101831,2026-08-11,104,Kumar,504,Keyboard,Electronics,5,3000,1000,CANCELLED,Bangalore,Karnataka,COD
101832,2026-08-29,102,Anil,507,Desk,Furniture,3,15000,100,COMPLETED,Hyderabad,Telangana,NET_BANKING
101833,2026-08-11,110,Vikram,506,Headphones,Electronics,4,5000,1000,COMPLETED,Kolkata,West Bengal,NET_BANKING
101834,2026-08-06,110,Vikram,501,Laptop,Electronics,3,60000,0,COMPLETED,Kolkata,West Bengal,CARD
101835,2026-08-04,110,Vikram,501,Laptop,Electronics,5,60000,200,COMPLETED,Kolkata,West Bengal,NET_BANKING
101836,2026-08-27,104,Kumar,507,Desk,Furniture,5,15000,0,COMPLETED,Bangalore,Karnataka,CARD
101837,2026-08-31,107,Lakshmi,502,Mouse,Electronics,1,1000,200,COMPLETED,Chennai,Tamil Nadu,COD
101838,2026-08-28,109,Sneha,502,Mouse,Electronics,5,1000,0,COMPLETED,Delhi,Delhi,COD
101839,2026-08-15,109,Sneha,509,Monitor,Electronics,3,20000,500,COMPLETED,Delhi,Delhi,NET_BANKING
101840,2026-08-08,104,Kumar,506,Headphones,Electronics,3,5000,200,COMPLETED,Bangalore,Karnataka,NET_BANKING
101841,2026-08-15,102,Anil,504,Keyboard,Electronics,4,3000,1000,COMPLETED,Hyderabad,Telangana,NET_BANKING
101842,2026-08-03,109,Sneha,509,Monitor,Electronics,3,20000,5000,COMPLETED,Delhi,Delhi,CARD
101843,2026-08-08,108,Arjun,507,Desk,Furniture,5,15000,100,COMPLETED,Hyderabad,Telangana,CARD
101844,2026-08-22,107,Lakshmi,510,Bookshelf,Furniture,2,12000,500,COMPLETED,Chennai,Tamil Nadu,NET_BANKING
101845,2026-08-03,106,Ramesh,502,Mouse,Electronics,4,1000,2000,COMPLETED,Pune,Maharashtra,CARD
101846,2026-08-21,110,Vikram,508,Mobile,Electronics,2,25000,100,COMPLETED,Kolkata,West Bengal,UPI
101847,2026-08-14,103,Sita,502,Mouse,Electronics,3,1000,5000,RETURNED,Chennai,Tamil Nadu,UPI
101848,2026-08-27,103,Sita,501,Laptop,Electronics,4,60000,0,CANCELLED,Chennai,Tamil Nadu,CARD
101849,2026-08-17,102,Anil,503,Chair,Furniture,5,8000,2000,COMPLETED,Hyderabad,Telangana,NET_BANKING
101850,2026-08-23,103,Sita,507,Desk,Furniture,5,15000,200,CANCELLED,Chennai,Tamil Nadu,NET_BANKING
101851,2026-08-29,102,Anil,506,Headphones,Electronics,3,5000,0,CANCELLED,Hyderabad,Telangana,UPI
101852,2026-08-31,102,Anil,506,Headphones,Electronics,4,5000,2000,COMPLETED,Hyderabad,Telangana,COD
101853,2026-08-25,107,Lakshmi,505,Table,Furniture,4,10000,100,CANCELLED,Chennai,Tamil Nadu,CARD
101854,2026-08-03,110,Vikram,509,Monitor,Electronics,2,20000,0,COMPLETED,Kolkata,West Bengal,NET_BANKING
101855,2026-08-11,108,Arjun,507,Desk,Furniture,4,15000,100,COMPLETED,Hyderabad,Telangana,NET_BANKING
101856,2026-08-10,102,Anil,504,Keyboard,Electronics,4,3000,1000,COMPLETED,Hyderabad,Telangana,COD
101857,2026-08-13,105,Priya,506,Headphones,Electronics,3,5000,100,COMPLETED,Mumbai,Maharashtra,UPI
101858,2026-08-17,104,Kumar,507,Desk,Furniture,3,15000,1000,COMPLETED,Bangalore,Karnataka,NET_BANKING
101859,2026-08-04,105,Priya,503,Chair,Furniture,3,8000,500,COMPLETED,Mumbai,Maharashtra,COD
101860,2026-08-10,104,Kumar,503,Chair,Furniture,3,8000,0,COMPLETED,Bangalore,Karnataka,NET_BANKING
101861,2026-08-07,103,Sita,502,Mouse,Electronics,5,1000,100,COMPLETED,Chennai,Tamil Nadu,UPI
101862,2026-08-26,109,Sneha,509,Monitor,Electronics,2,20000,0,COMPLETED,Delhi,Delhi,UPI
101863,2026-08-10,106,Ramesh,504,Keyboard,Electronics,5,3000,2000,CANCELLED,Pune,Maharashtra,COD
101864,2026-08-27,109,Sneha,503,Chair,Furniture,4,8000,500,COMPLETED,Delhi,Delhi,UPI
101865,2026-08-16,108,Arjun,507,Desk,Furniture,3,15000,0,COMPLETED,Hyderabad,Telangana,NET_BANKING
101866,2026-08-26,102,Anil,506,Headphones,Electronics,1,5000,200,CANCELLED,Hyderabad,Telangana,UPI
101867,2026-08-17,106,Ramesh,503,Chair,Furniture,3,8000,500,COMPLETED,Pune,Maharashtra,UPI
101868,2026-08-14,106,Ramesh,501,Laptop,Electronics,1,60000,1000,COMPLETED,Pune,Maharashtra,UPI
101869,2026-08-05,101,Ravi,504,Keyboard,Electronics,5,3000,2000,COMPLETED,Hyderabad,Telangana,CARD
101870,2026-08-05,105,Priya,508,Mobile,Electronics,4,25000,100,CANCELLED,Mumbai,Maharashtra,COD
101871,2026-08-07,105,Priya,503,Chair,Furniture,1,8000,200,COMPLETED,Mumbai,Maharashtra,COD
101872,2026-08-18,102,Anil,508,Mobile,Electronics,5,25000,200,CANCELLED,Hyderabad,Telangana,CARD
101873,2026-08-23,101,Ravi,507,Desk,Furniture,3,15000,2000,COMPLETED,Hyderabad,Telangana,CARD
101874,2026-08-17,106,Ramesh,508,Mobile,Electronics,2,25000,500,COMPLETED,Pune,Maharashtra,NET_BANKING
101875,2026-08-26,108,Arjun,508,Mobile,Electronics,4,25000,1000,COMPLETED,Hyderabad,Telangana,COD
101876,2026-08-08,105,Priya,502,Mouse,Electronics,1,1000,500,COMPLETED,Mumbai,Maharashtra,COD
101877,2026-08-22,106,Ramesh,504,Keyboard,Electronics,4,3000,0,COMPLETED,Pune,Maharashtra,COD
101878,2026-08-12,106,Ramesh,502,Mouse,Electronics,4,1000,100,RETURNED,Pune,Maharashtra,COD
101879,2026-08-14,108,Arjun,510,Bookshelf,Furniture,2,12000,0,COMPLETED,Hyderabad,Telangana,NET_BANKING
101880,2026-08-29,109,Sneha,504,Keyboard,Electronics,4,3000,0,COMPLETED,Delhi,Delhi,NET_BANKING
101881,2026-08-14,105,Priya,506,Headphones,Electronics,4,5000,5000,COMPLETED,Mumbai,Maharashtra,COD
101882,2026-08-09,105,Priya,501,Laptop,Electronics,4,60000,200,COMPLETED,Mumbai,Maharashtra,UPI
101883,2026-08-14,105,Priya,508,Mobile,Electronics,2,25000,100,COMPLETED,Mumbai,Maharashtra,CARD
101884,2026-08-20,102,Anil,510,Bookshelf,Furniture,3,12000,100,COMPLETED,Hyderabad,Telangana,UPI
101885,2026-08-03,101,Ravi,507,Desk,Furniture,3,15000,1000,RETURNED,Hyderabad,Telangana,UPI
101886,2026-08-07,101,Ravi,509,Monitor,Electronics,3,20000,200,COMPLETED,Hyderabad,Telangana,COD
101887,2026-08-26,104,Kumar,505,Table,Furniture,2,10000,1000,COMPLETED,Bangalore,Karnataka,COD
101888,2026-08-24,104,Kumar,509,Monitor,Electronics,2,20000,0,COMPLETED,Bangalore,Karnataka,UPI
101889,2026-08-17,109,Sneha,502,Mouse,Electronics,4,1000,5000,COMPLETED,Delhi,Delhi,CARD
101890,2026-08-01,105,Priya,505,Table,Furniture,2,10000,200,COMPLETED,Mumbai,Maharashtra,NET_BANKING
101891,2026-08-21,102,Anil,507,Desk,Furniture,4,15000,100,CANCELLED,Hyderabad,Telangana,NET_BANKING
101892,2026-08-03,102,Anil,502,Mouse,Electronics,5,1000,2000,COMPLETED,Hyderabad,Telangana,UPI
101893,2026-08-30,109,Sneha,510,Bookshelf,Furniture,2,12000,0,CANCELLED,Delhi,Delhi,COD
101894,2026-08-28,104,Kumar,510,Bookshelf,Furniture,3,12000,1000,COMPLETED,Bangalore,Karnataka,UPI
101895,2026-08-15,105,Priya,505,Table,Furniture,2,10000,0,COMPLETED,Mumbai,Maharashtra,COD
101896,2026-08-14,107,Lakshmi,505,Table,Furniture,1,10000,200,COMPLETED,Chennai,Tamil Nadu,NET_BANKING
101897,2026-08-30,108,Arjun,505,Table,Furniture,5,10000,200,COMPLETED,Hyderabad,Telangana,UPI
101898,2026-08-31,108,Arjun,507,Desk,Furniture,3,15000,0,COMPLETED,Hyderabad,Telangana,CARD
101899,2026-08-13,110,Vikram,501,Laptop,Electronics,2,60000,5000,COMPLETED,Kolkata,West Bengal,COD
101900,2026-08-21,110,Vikram,502,Mouse,Electronics,3,1000,1000,COMPLETED,Kolkata,West Bengal,UPI
101901,2026-08-06,102,Anil,509,Monitor,Electronics,2,20000,5000,COMPLETED,Hyderabad,Telangana,CARD
101902,2026-08-13,102,Anil,503,Chair,Furniture,5,8000,5000,COMPLETED,Hyderabad,Telangana,CARD
101903,2026-08-09,101,Ravi,508,Mobile,Electronics,4,25000,500,CANCELLED,Hyderabad,Telangana,NET_BANKING
101904,2026-08-11,103,Sita,501,Laptop,Electronics,5,60000,2000,COMPLETED,Chennai,Tamil Nadu,NET_BANKING
101905,2026-08-26,104,Kumar,509,Monitor,Electronics,4,20000,5000,COMPLETED,Bangalore,Karnataka,CARD
101906,2026-08-23,106,Ramesh,508,Mobile,Electronics,4,25000,0,COMPLETED,Pune,Maharashtra,COD
101907,2026-08-05,102,Anil,507,Desk,Furniture,1,15000,100,COMPLETED,Hyderabad,Telangana,UPI
101908,2026-08-15,103,Sita,504,Keyboard,Electronics,1,3000,0,COMPLETED,Chennai,Tamil Nadu,COD
101909,2026-08-16,103,Sita,509,Monitor,Electronics,2,20000,2000,COMPLETED,Chennai,Tamil Nadu,UPI
101910,2026-08-14,105,Priya,502,Mouse,Electronics,3,1000,500,COMPLETED,Mumbai,Maharashtra,NET_BANKING
101911,2026-08-19,110,Vikram,506,Headphones,Electronics,2,5000,100,COMPLETED,Kolkata,West Bengal,CARD
101912,2026-08-17,110,Vikram,506,Headphones,Electronics,5,5000,500,COMPLETED,Kolkata,West Bengal,COD
101913,2026-08-30,104,Kumar,506,Headphones,Electronics,2,5000,100,COMPLETED,Bangalore,Karnataka,COD
101914,2026-08-14,101,Ravi,506,Headphones,Electronics,2,5000,100,COMPLETED,Hyderabad,Telangana,UPI
101915,2026-08-23,101,Ravi,505,Table,Furniture,2,10000,200,CANCELLED,Hyderabad,Telangana,UPI
101916,2026-08-11,109,Sneha,508,Mobile,Electronics,1,25000,0,COMPLETED,Delhi,Delhi,COD
101917,2026-08-03,110,Vikram,503,Chair,Furniture,3,8000,200,COMPLETED,Kolkata,West Bengal,UPI
101918,2026-08-10,104,Kumar,505,Table,Furniture,4,10000,500,COMPLETED,Bangalore,Karnataka,COD
101919,2026-08-18,105,Priya,509,Monitor,Electronics,2,20000,0,COMPLETED,Mumbai,Maharashtra,CARD
101920,2026-08-09,102,Anil,504,Keyboard,Electronics,2,3000,500,COMPLETED,Hyderabad,Telangana,UPI
101921,2026-08-19,103,Sita,509,Monitor,Electronics,4,20000,1000,COMPLETED,Chennai,Tamil Nadu,NET_BANKING
101922,2026-08-07,110,Vikram,508,Mobile,Electronics,2,25000,0,COMPLETED,Kolkata,West Bengal,CARD
101923,2026-08-05,102,Anil,510,Bookshelf,Furniture,2,12000,100,COMPLETED,Hyderabad,Telangana,UPI
101924,2026-08-29,106,Ramesh,502,Mouse,Electronics,1,1000,100,COMPLETED,Pune,Maharashtra,COD
101925,2026-08-11,107,Lakshmi,508,Mobile,Electronics,3,25000,0,COMPLETED,Chennai,Tamil Nadu,COD
101926,2026-08-23,107,Lakshmi,507,Desk,Furniture,4,15000,1000,COMPLETED,Chennai,Tamil Nadu,NET_BANKING
101927,2026-08-29,109,Sneha,502,Mouse,Electronics,5,1000,200,COMPLETED,Delhi,Delhi,NET_BANKING
101928,2026-08-18,103,Sita,507,Desk,Furniture,4,15000,5000,CANCELLED,Chennai,Tamil Nadu,NET_BANKING
101929,2026-08-29,102,Anil,509,Monitor,Electronics,4,20000,1000,COMPLETED,Hyderabad,Telangana,UPI
101930,2026-08-25,106,Ramesh,508,Mobile,Electronics,3,25000,2000,COMPLETED,Pune,Maharashtra,CARD
101931,2026-08-06,107,Lakshmi,506,Headphones,Electronics,1,5000,200,COMPLETED,Chennai,Tamil Nadu,NET_BANKING
101932,2026-08-01,109,Sneha,504,Keyboard,Electronics,5,3000,500,COMPLETED,Delhi,Delhi,UPI
101933,2026-08-17,106,Ramesh,505,Table,Furniture,1,10000,500,COMPLETED,Pune,Maharashtra,NET_BANKING
101934,2026-08-02,108,Arjun,507,Desk,Furniture,3,15000,500,COMPLETED,Hyderabad,Telangana,UPI
101935,2026-08-28,110,Vikram,501,Laptop,Electronics,4,60000,5000,COMPLETED,Kolkata,West Bengal,CARD
101936,2026-08-26,108,Arjun,509,Monitor,Electronics,1,20000,0,COMPLETED,Hyderabad,Telangana,UPI
101937,2026-08-23,110,Vikram,503,Chair,Furniture,2,8000,100,COMPLETED,Kolkata,West Bengal,COD
101938,2026-08-15,102,Anil,501,Laptop,Electronics,1,60000,1000,COMPLETED,Hyderabad,Telangana,NET_BANKING
101939,2026-08-24,104,Kumar,510,Bookshelf,Furniture,1,12000,1000,CANCELLED,Bangalore,Karnataka,NET_BANKING
101940,2026-08-24,103,Sita,510,Bookshelf,Furniture,3,12000,0,CANCELLED,Chennai,Tamil Nadu,COD
101941,2026-08-03,107,Lakshmi,501,Laptop,Electronics,2,60000,100,CANCELLED,Chennai,Tamil Nadu,NET_BANKING
101942,2026-08-15,102,Anil,503,Chair,Furniture,1,8000,500,COMPLETED,Hyderabad,Telangana,CARD
101943,2026-08-06,109,Sneha,507,Desk,Furniture,1,15000,500,COMPLETED,Delhi,Delhi,NET_BANKING
101944,2026-08-15,102,Anil,506,Headphones,Electronics,5,5000,0,COMPLETED,Hyderabad,Telangana,COD
101945,2026-08-30,102,Anil,502,Mouse,Electronics,1,1000,100,CANCELLED,Hyderabad,Telangana,UPI
101946,2026-08-19,103,Sita,506,Headphones,Electronics,1,5000,100,COMPLETED,Chennai,Tamil Nadu,CARD
101947,2026-08-03,106,Ramesh,508,Mobile,Electronics,2,25000,500,CANCELLED,Pune,Maharashtra,CARD
101948,2026-08-02,103,Sita,505,Table,Furniture,4,10000,500,COMPLETED,Chennai,Tamil Nadu,NET_BANKING
101949,2026-08-11,103,Sita,510,Bookshelf,Furniture,4,12000,200,COMPLETED,Chennai,Tamil Nadu,NET_BANKING
101950,2026-08-10,104,Kumar,503,Chair,Furniture,3,8000,5000,COMPLETED,Bangalore,Karnataka,UPI
101951,2026-08-19,108,Arjun,506,Headphones,Electronics,3,5000,1000,RETURNED,Hyderabad,Telangana,COD
101952,2026-08-31,103,Sita,501,Laptop,Electronics,5,60000,2000,COMPLETED,Chennai,Tamil Nadu,CARD
101953,2026-08-21,107,Lakshmi,506,Headphones,Electronics,3,5000,200,COMPLETED,Chennai,Tamil Nadu,NET_BANKING
101954,2026-08-25,102,Anil,509,Monitor,Electronics,2,20000,500,COMPLETED,Hyderabad,Telangana,COD
101955,2026-08-30,105,Priya,501,Laptop,Electronics,1,60000,100,COMPLETED,Mumbai,Maharashtra,CARD
101956,2026-08-11,108,Arjun,510,Bookshelf,Furniture,3,12000,2000,COMPLETED,Hyderabad,Telangana,UPI
101957,2026-08-21,106,Ramesh,502,Mouse,Electronics,3,1000,0,COMPLETED,Pune,Maharashtra,COD
101958,2026-08-11,108,Arjun,506,Headphones,Electronics,1,5000,100,COMPLETED,Hyderabad,Telangana,NET_BANKING
101959,2026-08-18,103,Sita,508,Mobile,Electronics,2,25000,0,COMPLETED,Chennai,Tamil Nadu,COD
101960,2026-08-23,110,Vikram,510,Bookshelf,Furniture,4,12000,2000,COMPLETED,Kolkata,West Bengal,CARD
101961,2026-08-20,105,Priya,506,Headphones,Electronics,3,5000,5000,CANCELLED,Mumbai,Maharashtra,COD
101962,2026-08-30,105,Priya,501,Laptop,Electronics,2,60000,0,COMPLETED,Mumbai,Maharashtra,COD
101963,2026-08-13,105,Priya,510,Bookshelf,Furniture,5,12000,0,COMPLETED,Mumbai,Maharashtra,CARD
101964,2026-08-31,105,Priya,510,Bookshelf,Furniture,5,12000,200,COMPLETED,Mumbai,Maharashtra,CARD
101965,2026-08-26,103,Sita,506,Headphones,Electronics,1,5000,0,COMPLETED,Chennai,Tamil Nadu,CARD
101966,2026-08-13,106,Ramesh,508,Mobile,Electronics,2,25000,5000,COMPLETED,Pune,Maharashtra,CARD
101967,2026-08-10,104,Kumar,503,Chair,Furniture,3,8000,0,COMPLETED,Bangalore,Karnataka,CARD
101968,2026-08-03,104,Kumar,507,Desk,Furniture,2,15000,100,CANCELLED,Bangalore,Karnataka,NET_BANKING
101969,2026-08-06,101,Ravi,508,Mobile,Electronics,3,25000,0,COMPLETED,Hyderabad,Telangana,COD
101970,2026-08-22,104,Kumar,508,Mobile,Electronics,4,25000,5000,CANCELLED,Bangalore,Karnataka,CARD
101971,2026-08-05,102,Anil,507,Desk,Furniture,3,15000,100,COMPLETED,Hyderabad,Telangana,NET_BANKING
101972,2026-08-20,105,Priya,507,Desk,Furniture,4,15000,0,COMPLETED,Mumbai,Maharashtra,COD
101973,2026-08-08,110,Vikram,501,Laptop,Electronics,5,60000,100,RETURNED,Kolkata,West Bengal,CARD
101974,2026-08-11,106,Ramesh,506,Headphones,Electronics,5,5000,0,COMPLETED,Pune,Maharashtra,COD
101975,2026-08-05,102,Anil,504,Keyboard,Electronics,4,3000,200,COMPLETED,Hyderabad,Telangana,CARD
101976,2026-08-03,105,Priya,507,Desk,Furniture,3,15000,2000,COMPLETED,Mumbai,Maharashtra,CARD
101977,2026-08-10,107,Lakshmi,503,Chair,Furniture,3,8000,2000,CANCELLED,Chennai,Tamil Nadu,COD
101978,2026-08-31,101,Ravi,505,Table,Furniture,4,10000,100,COMPLETED,Hyderabad,Telangana,COD
101979,2026-08-15,109,Sneha,502,Mouse,Electronics,1,1000,1000,CANCELLED,Delhi,Delhi,UPI
101980,2026-08-06,107,Lakshmi,501,Laptop,Electronics,3,60000,100,COMPLETED,Chennai,Tamil Nadu,COD
101981,2026-08-16,108,Arjun,501,Laptop,Electronics,4,60000,2000,RETURNED,Hyderabad,Telangana,UPI
101982,2026-08-09,105,Priya,507,Desk,Furniture,1,15000,5000,COMPLETED,Mumbai,Maharashtra,NET_BANKING
101983,2026-08-28,108,Arjun,506,Headphones,Electronics,5,5000,1000,COMPLETED,Hyderabad,Telangana,CARD
101984,2026-08-25,107,Lakshmi,509,Monitor,Electronics,4,20000,0,COMPLETED,Chennai,Tamil Nadu,UPI
101985,2026-08-09,106,Ramesh,510,Bookshelf,Furniture,2,12000,5000,COMPLETED,Pune,Maharashtra,UPI
101986,2026-08-02,108,Arjun,505,Table,Furniture,1,10000,5000,COMPLETED,Hyderabad,Telangana,NET_BANKING
101987,2026-08-22,101,Ravi,510,Bookshelf,Furniture,3,12000,500,COMPLETED,Hyderabad,Telangana,NET_BANKING
101988,2026-08-18,105,Priya,501,Laptop,Electronics,3,60000,100,COMPLETED,Mumbai,Maharashtra,NET_BANKING
101989,2026-08-15,107,Lakshmi,501,Laptop,Electronics,3,60000,500,COMPLETED,Chennai,Tamil Nadu,UPI
101990,2026-08-12,110,Vikram,502,Mouse,Electronics,1,1000,2000,COMPLETED,Kolkata,West Bengal,CARD
101991,2026-08-04,102,Anil,509,Monitor,Electronics,2,20000,100,COMPLETED,Hyderabad,Telangana,COD
101992,2026-08-12,107,Lakshmi,505,Table,Furniture,4,10000,200,CANCELLED,Chennai,Tamil Nadu,COD
101993,2026-08-11,101,Ravi,502,Mouse,Electronics,3,1000,0,COMPLETED,Hyderabad,Telangana,UPI
101994,2026-08-24,107,Lakshmi,509,Monitor,Electronics,1,20000,1000,COMPLETED,Chennai,Tamil Nadu,NET_BANKING
101995,2026-08-01,107,Lakshmi,507,Desk,Furniture,2,15000,500,CANCELLED,Chennai,Tamil Nadu,UPI
101996,2026-08-26,107,Lakshmi,502,Mouse,Electronics,2,1000,500,COMPLETED,Chennai,Tamil Nadu,CARD
101997,2026-08-19,101,Ravi,506,Headphones,Electronics,4,5000,200,RETURNED,Hyderabad,Telangana,COD
101998,2026-08-09,105,Priya,503,Chair,Furniture,5,8000,0,COMPLETED,Mumbai,Maharashtra,COD
101999,2026-08-09,103,Sita,505,Table,Furniture,1,10000,2000,COMPLETED,Chennai,Tamil Nadu,UPI
102000,2026-08-09,107,Lakshmi,503,Chair,Furniture,3,8000,5000,COMPLETED,Chennai,Tamil Nadu,NET_BANKING
102001,2026-08-08,102,Anil,504,Keyboard,Electronics,1,3000,1000,COMPLETED,Hyderabad,Telangana,UPI
102002,2026-08-24,110,Vikram,505,Table,Furniture,5,10000,5000,COMPLETED,Kolkata,West Bengal,COD
102003,2026-08-18,110,Vikram,506,Headphones,Electronics,4,5000,5000,COMPLETED,Kolkata,West Bengal,UPI
102004,2026-08-11,106,Ramesh,506,Headphones,Electronics,3,5000,5000,COMPLETED,Pune,Maharashtra,COD
102005,2026-08-18,108,Arjun,504,Keyboard,Electronics,2,3000,2000,COMPLETED,Hyderabad,Telangana,COD
102006,2026-08-31,101,Ravi,510,Bookshelf,Furniture,1,12000,5000,COMPLETED,Hyderabad,Telangana,NET_BANKING
102007,2026-08-24,102,Anil,504,Keyboard,Electronics,5,3000,1000,COMPLETED,Hyderabad,Telangana,NET_BANKING
102008,2026-08-22,106,Ramesh,508,Mobile,Electronics,4,25000,0,COMPLETED,Pune,Maharashtra,CARD
102009,2026-08-19,110,Vikram,506,Headphones,Electronics,4,5000,2000,RETURNED,Kolkata,West Bengal,UPI
102010,2026-08-24,105,Priya,509,Monitor,Electronics,4,20000,200,COMPLETED,Mumbai,Maharashtra,CARD
102011,2026-08-31,107,Lakshmi,510,Bookshelf,Furniture,1,12000,0,COMPLETED,Chennai,Tamil Nadu,CARD
102012,2026-08-19,104,Kumar,502,Mouse,Electronics,3,1000,100,COMPLETED,Bangalore,Karnataka,COD
102013,2026-08-12,109,Sneha,507,Desk,Furniture,2,15000,2000,COMPLETED,Delhi,Delhi,NET_BANKING
102014,2026-08-21,106,Ramesh,506,Headphones,Electronics,1,5000,1000,COMPLETED,Pune,Maharashtra,COD
102015,2026-08-16,104,Kumar,507,Desk,Furniture,4,15000,500,COMPLETED,Bangalore,Karnataka,CARD
102016,2026-08-10,103,Sita,507,Desk,Furniture,1,15000,1000,RETURNED,Chennai,Tamil Nadu,COD
102017,2026-08-13,103,Sita,502,Mouse,Electronics,5,1000,2000,COMPLETED,Chennai,Tamil Nadu,COD
102018,2026-08-20,104,Kumar,501,Laptop,Electronics,2,60000,100,COMPLETED,Bangalore,Karnataka,UPI
102019,2026-08-24,110,Vikram,510,Bookshelf,Furniture,4,12000,0,COMPLETED,Kolkata,West Bengal,CARD
102020,2026-08-21,103,Sita,510,Bookshelf,Furniture,4,12000,0,COMPLETED,Chennai,Tamil Nadu,UPI
102021,2026-08-18,110,Vikram,507,Desk,Furniture,5,15000,200,COMPLETED,Kolkata,West Bengal,COD
102022,2026-08-06,106,Ramesh,504,Keyboard,Electronics,4,3000,200,COMPLETED,Pune,Maharashtra,CARD
102023,2026-08-29,105,Priya,502,Mouse,Electronics,1,1000,200,COMPLETED,Mumbai,Maharashtra,COD
102024,2026-08-22,108,Arjun,504,Keyboard,Electronics,5,3000,5000,COMPLETED,Hyderabad,Telangana,CARD
102025,2026-08-21,108,Arjun,509,Monitor,Electronics,1,20000,1000,COMPLETED,Hyderabad,Telangana,CARD
102026,2026-08-01,108,Arjun,502,Mouse,Electronics,1,1000,2000,COMPLETED,Hyderabad,Telangana,COD
102027,2026-08-26,107,Lakshmi,502,Mouse,Electronics,4,1000,500,CANCELLED,Chennai,Tamil Nadu,UPI
102028,2026-08-23,110,Vikram,509,Monitor,Electronics,1,20000,5000,COMPLETED,Kolkata,West Bengal,UPI
102029,2026-08-27,105,Priya,507,Desk,Furniture,1,15000,1000,COMPLETED,Mumbai,Maharashtra,COD
102030,2026-08-04,107,Lakshmi,502,Mouse,Electronics,2,1000,500,RETURNED,Chennai,Tamil Nadu,UPI
102031,2026-08-14,103,Sita,506,Headphones,Electronics,3,5000,100,COMPLETED,Chennai,Tamil Nadu,COD
102032,2026-08-04,104,Kumar,505,Table,Furniture,3,10000,0,COMPLETED,Bangalore,Karnataka,COD
102033,2026-08-11,104,Kumar,505,Table,Furniture,3,10000,5000,COMPLETED,Bangalore,Karnataka,COD
102034,2026-08-09,105,Priya,510,Bookshelf,Furniture,5,12000,0,RETURNED,Mumbai,Maharashtra,CARD
102035,2026-08-10,103,Sita,509,Monitor,Electronics,1,20000,200,COMPLETED,Chennai,Tamil Nadu,NET_BANKING
102036,2026-08-31,105,Priya,505,Table,Furniture,2,10000,500,COMPLETED,Mumbai,Maharashtra,COD
102037,2026-08-24,105,Priya,503,Chair,Furniture,2,8000,100,COMPLETED,Mumbai,Maharashtra,NET_BANKING
102038,2026-08-21,107,Lakshmi,505,Table,Furniture,2,10000,0,COMPLETED,Chennai,Tamil Nadu,NET_BANKING
102039,2026-08-01,103,Sita,510,Bookshelf,Furniture,3,12000,1000,CANCELLED,Chennai,Tamil Nadu,COD
102040,2026-08-29,108,Arjun,510,Bookshelf,Furniture,2,12000,1000,COMPLETED,Hyderabad,Telangana,CARD
102041,2026-08-11,110,Vikram,509,Monitor,Electronics,5,20000,1000,COMPLETED,Kolkata,West Bengal,COD
102042,2026-08-16,103,Sita,509,Monitor,Electronics,2,20000,5000,COMPLETED,Chennai,Tamil Nadu,UPI
102043,2026-08-08,102,Anil,506,Headphones,Electronics,3,5000,200,COMPLETED,Hyderabad,Telangana,CARD
102044,2026-08-25,105,Priya,510,Bookshelf,Furniture,1,12000,200,COMPLETED,Mumbai,Maharashtra,COD
102045,2026-08-30,108,Arjun,510,Bookshelf,Furniture,1,12000,200,CANCELLED,Hyderabad,Telangana,CARD
102046,2026-08-13,106,Ramesh,501,Laptop,Electronics,1,60000,1000,COMPLETED,Pune,Maharashtra,UPI
102047,2026-08-31,105,Priya,509,Monitor,Electronics,5,20000,0,COMPLETED,Mumbai,Maharashtra,COD
102048,2026-08-08,110,Vikram,509,Monitor,Electronics,2,20000,500,CANCELLED,Kolkata,West Bengal,CARD
102049,2026-08-23,104,Kumar,504,Keyboard,Electronics,4,3000,100,COMPLETED,Bangalore,Karnataka,NET_BANKING
102050,2026-08-03,109,Sneha,505,Table,Furniture,2,10000,0,COMPLETED,Delhi,Delhi,NET_BANKING
102051,2026-08-08,101,Ravi,504,Keyboard,Electronics,2,3000,5000,COMPLETED,Hyderabad,Telangana,UPI
102052,2026-08-11,109,Sneha,501,Laptop,Electronics,1,60000,200,COMPLETED,Delhi,Delhi,UPI
102053,2026-08-16,108,Arjun,502,Mouse,Electronics,2,1000,0,COMPLETED,Hyderabad,Telangana,CARD
102054,2026-08-10,110,Vikram,508,Mobile,Electronics,5,25000,0,COMPLETED,Kolkata,West Bengal,COD
102055,2026-08-25,102,Anil,508,Mobile,Electronics,2,25000,5000,COMPLETED,Hyderabad,Telangana,NET_BANKING
102056,2026-08-09,107,Lakshmi,510,Bookshelf,Furniture,4,12000,100,COMPLETED,Chennai,Tamil Nadu,COD
102057,2026-08-31,109,Sneha,505,Table,Furniture,3,10000,500,COMPLETED,Delhi,Delhi,CARD
102058,2026-08-22,106,Ramesh,505,Table,Furniture,5,10000,500,COMPLETED,Pune,Maharashtra,COD
102059,2026-08-16,102,Anil,503,Chair,Furniture,1,8000,1000,COMPLETED,Hyderabad,Telangana,COD
102060,2026-08-06,108,Arjun,503,Chair,Furniture,1,8000,2000,CANCELLED,Hyderabad,Telangana,NET_BANKING
102061,2026-08-11,102,Anil,508,Mobile,Electronics,5,25000,100,COMPLETED,Hyderabad,Telangana,UPI
102062,2026-08-10,104,Kumar,504,Keyboard,Electronics,5,3000,500,COMPLETED,Bangalore,Karnataka,COD
102063,2026-08-30,102,Anil,505,Table,Furniture,5,10000,200,COMPLETED,Hyderabad,Telangana,CARD
102064,2026-08-07,106,Ramesh,503,Chair,Furniture,4,8000,100,COMPLETED,Pune,Maharashtra,CARD
102065,2026-08-16,106,Ramesh,509,Monitor,Electronics,5,20000,2000,RETURNED,Pune,Maharashtra,NET_BANKING
102066,2026-08-16,104,Kumar,505,Table,Furniture,3,10000,1000,COMPLETED,Bangalore,Karnataka,NET_BANKING
102067,2026-08-27,106,Ramesh,506,Headphones,Electronics,3,5000,5000,COMPLETED,Pune,Maharashtra,COD
102068,2026-08-25,110,Vikram,507,Desk,Furniture,4,15000,0,RETURNED,Kolkata,West Bengal,COD
102069,2026-08-12,101,Ravi,507,Desk,Furniture,2,15000,5000,RETURNED,Hyderabad,Telangana,NET_BANKING
102070,2026-08-07,101,Ravi,504,Keyboard,Electronics,3,3000,500,COMPLETED,Hyderabad,Telangana,UPI
102071,2026-08-26,106,Ramesh,507,Desk,Furniture,4,15000,1000,COMPLETED,Pune,Maharashtra,CARD
102072,2026-08-17,104,Kumar,510,Bookshelf,Furniture,4,12000,500,COMPLETED,Bangalore,Karnataka,UPI
102073,2026-08-11,104,Kumar,503,Chair,Furniture,4,8000,5000,COMPLETED,Bangalore,Karnataka,COD
102074,2026-08-09,108,Arjun,504,Keyboard,Electronics,5,3000,2000,COMPLETED,Hyderabad,Telangana,UPI
102075,2026-08-09,101,Ravi,506,Headphones,Electronics,5,5000,1000,COMPLETED,Hyderabad,Telangana,NET_BANKING
102076,2026-08-05,102,Anil,508,Mobile,Electronics,1,25000,1000,RETURNED,Hyderabad,Telangana,COD
102077,2026-08-19,103,Sita,503,Chair,Furniture,3,8000,200,COMPLETED,Chennai,Tamil Nadu,UPI
102078,2026-08-11,108,Arjun,504,Keyboard,Electronics,5,3000,500,COMPLETED,Hyderabad,Telangana,NET_BANKING
102079,2026-08-25,101,Ravi,503,Chair,Furniture,1,8000,1000,COMPLETED,Hyderabad,Telangana,COD
102080,2026-08-11,104,Kumar,503,Chair,Furniture,4,8000,200,COMPLETED,Bangalore,Karnataka,NET_BANKING
102081,2026-08-22,106,Ramesh,504,Keyboard,Electronics,3,3000,500,COMPLETED,Pune,Maharashtra,UPI
102082,2026-08-21,103,Sita,502,Mouse,Electronics,4,1000,2000,COMPLETED,Chennai,Tamil Nadu,COD
102083,2026-08-02,101,Ravi,509,Monitor,Electronics,5,20000,1000,COMPLETED,Hyderabad,Telangana,COD
102084,2026-08-28,101,Ravi,509,Monitor,Electronics,3,20000,5000,COMPLETED,Hyderabad,Telangana,NET_BANKING
102085,2026-08-19,102,Anil,502,Mouse,Electronics,1,1000,0,COMPLETED,Hyderabad,Telangana,CARD
102086,2026-08-19,109,Sneha,502,Mouse,Electronics,4,1000,200,RETURNED,Delhi,Delhi,UPI
102087,2026-08-15,107,Lakshmi,505,Table,Furniture,4,10000,100,COMPLETED,Chennai,Tamil Nadu,NET_BANKING
102088,2026-08-21,102,Anil,503,Chair,Furniture,5,8000,1000,COMPLETED,Hyderabad,Telangana,COD
102089,2026-08-19,101,Ravi,507,Desk,Furniture,3,15000,0,COMPLETED,Hyderabad,Telangana,COD
102090,2026-08-08,101,Ravi,501,Laptop,Electronics,3,60000,2000,COMPLETED,Hyderabad,Telangana,NET_BANKING
102091,2026-08-22,104,Kumar,510,Bookshelf,Furniture,3,12000,5000,COMPLETED,Bangalore,Karnataka,CARD
102092,2026-08-29,110,Vikram,506,Headphones,Electronics,5,5000,100,COMPLETED,Kolkata,West Bengal,CARD
102093,2026-08-06,104,Kumar,505,Table,Furniture,1,10000,0,COMPLETED,Bangalore,Karnataka,UPI
102094,2026-08-12,103,Sita,509,Monitor,Electronics,1,20000,1000,COMPLETED,Chennai,Tamil Nadu,CARD
102095,2026-08-10,104,Kumar,504,Keyboard,Electronics,2,3000,2000,COMPLETED,Bangalore,Karnataka,CARD
102096,2026-08-01,104,Kumar,506,Headphones,Electronics,2,5000,5000,COMPLETED,Bangalore,Karnataka,COD
102097,2026-08-28,101,Ravi,508,Mobile,Electronics,2,25000,2000,COMPLETED,Hyderabad,Telangana,COD
102098,2026-08-07,108,Arjun,507,Desk,Furniture,2,15000,2000,COMPLETED,Hyderabad,Telangana,UPI
102099,2026-08-17,102,Anil,503,Chair,Furniture,5,8000,0,COMPLETED,Hyderabad,Telangana,CARD
102100,2026-08-24,102,Anil,508,Mobile,Electronics,5,25000,1000,RETURNED,Hyderabad,Telangana,NET_BANKING
102101,2026-08-07,107,Lakshmi,504,Keyboard,Electronics,1,3000,1000,COMPLETED,Chennai,Tamil Nadu,NET_BANKING
102102,2026-08-31,109,Sneha,502,Mouse,Electronics,4,1000,0,COMPLETED,Delhi,Delhi,COD
102103,2026-08-31,107,Lakshmi,507,Desk,Furniture,1,15000,1000,COMPLETED,Chennai,Tamil Nadu,NET_BANKING
102104,2026-08-31,102,Anil,507,Desk,Furniture,3,15000,200,CANCELLED,Hyderabad,Telangana,UPI
102105,2026-08-01,107,Lakshmi,508,Mobile,Electronics,3,25000,1000,COMPLETED,Chennai,Tamil Nadu,CARD
102106,2026-08-19,104,Kumar,503,Chair,Furniture,1,8000,100,COMPLETED,Bangalore,Karnataka,CARD
102107,2026-08-25,103,Sita,508,Mobile,Electronics,1,25000,0,COMPLETED,Chennai,Tamil Nadu,CARD
102108,2026-08-20,105,Priya,506,Headphones,Electronics,4,5000,100,COMPLETED,Mumbai,Maharashtra,CARD
102109,2026-08-31,103,Sita,509,Monitor,Electronics,2,20000,100,COMPLETED,Chennai,Tamil Nadu,UPI
102110,2026-08-16,103,Sita,501,Laptop,Electronics,2,60000,500,COMPLETED,Chennai,Tamil Nadu,NET_BANKING
102111,2026-08-11,105,Priya,510,Bookshelf,Furniture,1,12000,0,COMPLETED,Mumbai,Maharashtra,UPI
102112,2026-08-24,108,Arjun,501,Laptop,Electronics,2,60000,2000,COMPLETED,Hyderabad,Telangana,COD
102113,2026-08-06,110,Vikram,509,Monitor,Electronics,2,20000,0,COMPLETED,Kolkata,West Bengal,NET_BANKING
102114,2026-08-14,104,Kumar,502,Mouse,Electronics,1,1000,0,COMPLETED,Bangalore,Karnataka,COD
102115,2026-08-15,107,Lakshmi,509,Monitor,Electronics,2,20000,0,COMPLETED,Chennai,Tamil Nadu,COD
102116,2026-08-05,108,Arjun,505,Table,Furniture,3,10000,1000,COMPLETED,Hyderabad,Telangana,UPI
102117,2026-08-24,108,Arjun,508,Mobile,Electronics,5,25000,200,COMPLETED,Hyderabad,Telangana,CARD
102118,2026-08-26,109,Sneha,503,Chair,Furniture,2,8000,200,COMPLETED,Delhi,Delhi,UPI
102119,2026-08-10,102,Anil,507,Desk,Furniture,5,15000,0,COMPLETED,Hyderabad,Telangana,CARD
102120,2026-08-24,105,Priya,503,Chair,Furniture,3,8000,1000,CANCELLED,Mumbai,Maharashtra,COD
102121,2026-08-17,110,Vikram,509,Monitor,Electronics,5,20000,500,RETURNED,Kolkata,West Bengal,CARD
102122,2026-08-12,106,Ramesh,507,Desk,Furniture,2,15000,0,RETURNED,Pune,Maharashtra,COD
102123,2026-08-06,101,Ravi,504,Keyboard,Electronics,1,3000,100,COMPLETED,Hyderabad,Telangana,UPI
102124,2026-08-13,104,Kumar,503,Chair,Furniture,3,8000,0,COMPLETED,Bangalore,Karnataka,COD
102125,2026-08-07,108,Arjun,506,Headphones,Electronics,5,5000,2000,COMPLETED,Hyderabad,Telangana,CARD
102126,2026-08-09,108,Arjun,510,Bookshelf,Furniture,5,12000,5000,COMPLETED,Hyderabad,Telangana,NET_BANKING
102127,2026-08-11,109,Sneha,506,Headphones,Electronics,2,5000,500,COMPLETED,Delhi,Delhi,COD
102128,2026-08-22,109,Sneha,508,Mobile,Electronics,1,25000,1000,RETURNED,Delhi,Delhi,NET_BANKING
102129,2026-08-14,102,Anil,506,Headphones,Electronics,1,5000,100,COMPLETED,Hyderabad,Telangana,CARD
102130,2026-08-04,108,Arjun,502,Mouse,Electronics,5,1000,500,COMPLETED,Hyderabad,Telangana,NET_BANKING
102131,2026-08-14,105,Priya,508,Mobile,Electronics,5,25000,0,COMPLETED,Mumbai,Maharashtra,CARD
102132,2026-08-07,107,Lakshmi,509,Monitor,Electronics,2,20000,200,RETURNED,Chennai,Tamil Nadu,UPI
102133,2026-08-17,104,Kumar,506,Headphones,Electronics,5,5000,100,COMPLETED,Bangalore,Karnataka,UPI
102134,2026-08-18,109,Sneha,506,Headphones,Electronics,2,5000,100,COMPLETED,Delhi,Delhi,CARD
102135,2026-08-21,102,Anil,503,Chair,Furniture,5,8000,200,RETURNED,Hyderabad,Telangana,CARD
102136,2026-08-14,109,Sneha,510,Bookshelf,Furniture,2,12000,500,COMPLETED,Delhi,Delhi,COD
102137,2026-08-29,105,Priya,507,Desk,Furniture,5,15000,2000,COMPLETED,Mumbai,Maharashtra,COD
102138,2026-08-24,106,Ramesh,503,Chair,Furniture,3,8000,0,COMPLETED,Pune,Maharashtra,NET_BANKING
102139,2026-08-07,109,Sneha,505,Table,Furniture,5,10000,0,COMPLETED,Delhi,Delhi,COD
102140,2026-08-16,103,Sita,503,Chair,Furniture,2,8000,200,COMPLETED,Chennai,Tamil Nadu,CARD
102141,2026-08-19,107,Lakshmi,507,Desk,Furniture,2,15000,200,COMPLETED,Chennai,Tamil Nadu,UPI
102142,2026-08-05,104,Kumar,505,Table,Furniture,4,10000,0,CANCELLED,Bangalore,Karnataka,CARD
102143,2026-08-05,104,Kumar,508,Mobile,Electronics,3,25000,1000,COMPLETED,Bangalore,Karnataka,UPI
102144,2026-08-17,109,Sneha,505,Table,Furniture,1,10000,5000,COMPLETED,Delhi,Delhi,COD
102145,2026-08-18,105,Priya,502,Mouse,Electronics,5,1000,5000,COMPLETED,Mumbai,Maharashtra,UPI
102146,2026-08-31,106,Ramesh,505,Table,Furniture,1,10000,2000,COMPLETED,Pune,Maharashtra,UPI
102147,2026-08-19,108,Arjun,507,Desk,Furniture,2,15000,5000,RETURNED,Hyderabad,Telangana,NET_BANKING
102148,2026-08-04,104,Kumar,509,Monitor,Electronics,1,20000,1000,COMPLETED,Bangalore,Karnataka,COD
102149,2026-08-02,107,Lakshmi,507,Desk,Furniture,1,15000,500,CANCELLED,Chennai,Tamil Nadu,NET_BANKING
102150,2026-08-11,105,Priya,509,Monitor,Electronics,4,20000,500,COMPLETED,Mumbai,Maharashtra,UPI
102151,2026-08-23,101,Ravi,502,Mouse,Electronics,4,1000,200,COMPLETED,Hyderabad,Telangana,COD
102152,2026-08-14,104,Kumar,510,Bookshelf,Furniture,3,12000,0,RETURNED,Bangalore,Karnataka,COD
102153,2026-08-27,109,Sneha,510,Bookshelf,Furniture,5,12000,2000,COMPLETED,Delhi,Delhi,COD
102154,2026-08-04,101,Ravi,510,Bookshelf,Furniture,5,12000,0,COMPLETED,Hyderabad,Telangana,UPI
102155,2026-08-12,102,Anil,504,Keyboard,Electronics,5,3000,2000,COMPLETED,Hyderabad,Telangana,UPI
102156,2026-08-28,106,Ramesh,508,Mobile,Electronics,4,25000,0,COMPLETED,Pune,Maharashtra,COD
102157,2026-08-19,101,Ravi,504,Keyboard,Electronics,2,3000,0,COMPLETED,Hyderabad,Telangana,NET_BANKING
102158,2026-08-30,102,Anil,505,Table,Furniture,4,10000,0,CANCELLED,Hyderabad,Telangana,COD
102159,2026-08-27,105,Priya,506,Headphones,Electronics,3,5000,1000,COMPLETED,Mumbai,Maharashtra,NET_BANKING
102160,2026-08-11,108,Arjun,501,Laptop,Electronics,4,60000,500,RETURNED,Hyderabad,Telangana,CARD
102161,2026-08-25,104,Kumar,509,Monitor,Electronics,5,20000,1000,CANCELLED,Bangalore,Karnataka,COD
102162,2026-08-28,106,Ramesh,503,Chair,Furniture,4,8000,0,COMPLETED,Pune,Maharashtra,NET_BANKING
102163,2026-08-24,110,Vikram,509,Monitor,Electronics,2,20000,1000,COMPLETED,Kolkata,West Bengal,UPI
102164,2026-08-11,102,Anil,507,Desk,Furniture,5,15000,5000,COMPLETED,Hyderabad,Telangana,CARD
102165,2026-08-09,107,Lakshmi,504,Keyboard,Electronics,4,3000,1000,COMPLETED,Chennai,Tamil Nadu,COD
102166,2026-08-31,106,Ramesh,503,Chair,Furniture,2,8000,1000,COMPLETED,Pune,Maharashtra,UPI
102167,2026-08-10,104,Kumar,510,Bookshelf,Furniture,5,12000,500,RETURNED,Bangalore,Karnataka,CARD
102168,2026-08-23,107,Lakshmi,510,Bookshelf,Furniture,1,12000,200,COMPLETED,Chennai,Tamil Nadu,UPI
102169,2026-08-28,110,Vikram,507,Desk,Furniture,3,15000,100,CANCELLED,Kolkata,West Bengal,NET_BANKING
102170,2026-08-13,109,Sneha,506,Headphones,Electronics,2,5000,2000,COMPLETED,Delhi,Delhi,NET_BANKING
102171,2026-08-03,110,Vikram,510,Bookshelf,Furniture,3,12000,200,COMPLETED,Kolkata,West Bengal,UPI
102172,2026-08-05,104,Kumar,509,Monitor,Electronics,3,20000,0,COMPLETED,Bangalore,Karnataka,CARD
102173,2026-08-29,104,Kumar,504,Keyboard,Electronics,2,3000,5000,COMPLETED,Bangalore,Karnataka,CARD
102174,2026-08-10,103,Sita,501,Laptop,Electronics,2,60000,0,COMPLETED,Chennai,Tamil Nadu,COD
102175,2026-08-18,108,Arjun,507,Desk,Furniture,5,15000,200,COMPLETED,Hyderabad,Telangana,CARD
102176,2026-08-13,109,Sneha,510,Bookshelf,Furniture,5,12000,2000,RETURNED,Delhi,Delhi,NET_BANKING
102177,2026-08-14,106,Ramesh,505,Table,Furniture,3,10000,1000,COMPLETED,Pune,Maharashtra,NET_BANKING
102178,2026-08-03,109,Sneha,506,Headphones,Electronics,2,5000,1000,CANCELLED,Delhi,Delhi,CARD
102179,2026-08-05,109,Sneha,510,Bookshelf,Furniture,1,12000,5000,COMPLETED,Delhi,Delhi,NET_BANKING
102180,2026-08-08,102,Anil,510,Bookshelf,Furniture,3,12000,200,COMPLETED,Hyderabad,Telangana,NET_BANKING
102181,2026-08-15,110,Vikram,501,Laptop,Electronics,5,60000,5000,COMPLETED,Kolkata,West Bengal,COD
102182,2026-08-01,102,Anil,503,Chair,Furniture,5,8000,5000,COMPLETED,Hyderabad,Telangana,UPI
102183,2026-08-28,106,Ramesh,508,Mobile,Electronics,2,25000,0,CANCELLED,Pune,Maharashtra,NET_BANKING
102184,2026-08-19,102,Anil,505,Table,Furniture,3,10000,0,CANCELLED,Hyderabad,Telangana,COD
102185,2026-08-13,107,Lakshmi,503,Chair,Furniture,2,8000,5000,COMPLETED,Chennai,Tamil Nadu,NET_BANKING
102186,2026-08-19,106,Ramesh,504,Keyboard,Electronics,5,3000,2000,COMPLETED,Pune,Maharashtra,NET_BANKING
102187,2026-08-02,101,Ravi,510,Bookshelf,Furniture,3,12000,0,RETURNED,Hyderabad,Telangana,UPI
102188,2026-08-17,110,Vikram,502,Mouse,Electronics,4,1000,100,CANCELLED,Kolkata,West Bengal,CARD
102189,2026-08-25,104,Kumar,510,Bookshelf,Furniture,2,12000,100,COMPLETED,Bangalore,Karnataka,COD
102190,2026-08-03,102,Anil,506,Headphones,Electronics,1,5000,2000,COMPLETED,Hyderabad,Telangana,COD
102191,2026-08-23,107,Lakshmi,507,Desk,Furniture,4,15000,100,COMPLETED,Chennai,Tamil Nadu,CARD
102192,2026-08-12,102,Anil,505,Table,Furniture,2,10000,2000,COMPLETED,Hyderabad,Telangana,COD
102193,2026-08-09,102,Anil,503,Chair,Furniture,4,8000,200,COMPLETED,Hyderabad,Telangana,NET_BANKING
102194,2026-08-15,102,Anil,506,Headphones,Electronics,1,5000,500,COMPLETED,Hyderabad,Telangana,UPI
102195,2026-08-22,109,Sneha,501,Laptop,Electronics,3,60000,0,COMPLETED,Delhi,Delhi,UPI
102196,2026-08-01,109,Sneha,501,Laptop,Electronics,3,60000,2000,COMPLETED,Delhi,Delhi,UPI
102197,2026-08-12,110,Vikram,510,Bookshelf,Furniture,1,12000,100,COMPLETED,Kolkata,West Bengal,COD
102198,2026-08-07,103,Sita,509,Monitor,Electronics,3,20000,0,CANCELLED,Chennai,Tamil Nadu,CARD
102199,2026-08-19,110,Vikram,506,Headphones,Electronics,2,5000,5000,CANCELLED,Kolkata,West Bengal,CARD
102200,2026-08-27,109,Sneha,503,Chair,Furniture,4,8000,0,COMPLETED,Delhi,Delhi,UPI
102201,2026-08-26,109,Sneha,502,Mouse,Electronics,3,1000,500,COMPLETED,Delhi,Delhi,NET_BANKING
102202,2026-08-17,103,Sita,510,Bookshelf,Furniture,2,12000,0,COMPLETED,Chennai,Tamil Nadu,CARD
102203,2026-08-20,110,Vikram,503,Chair,Furniture,3,8000,5000,COMPLETED,Kolkata,West Bengal,COD
102204,2026-08-22,108,Arjun,502,Mouse,Electronics,5,1000,0,COMPLETED,Hyderabad,Telangana,CARD
102205,2026-08-08,106,Ramesh,503,Chair,Furniture,4,8000,200,COMPLETED,Pune,Maharashtra,UPI
102206,2026-08-30,106,Ramesh,501,Laptop,Electronics,4,60000,0,COMPLETED,Pune,Maharashtra,UPI
102207,2026-08-19,106,Ramesh,509,Monitor,Electronics,5,20000,2000,RETURNED,Pune,Maharashtra,CARD
102208,2026-08-05,105,Priya,506,Headphones,Electronics,4,5000,200,COMPLETED,Mumbai,Maharashtra,COD
102209,2026-08-13,107,Lakshmi,507,Desk,Furniture,1,15000,5000,COMPLETED,Chennai,Tamil Nadu,COD
102210,2026-08-18,102,Anil,506,Headphones,Electronics,4,5000,2000,COMPLETED,Hyderabad,Telangana,COD
102211,2026-08-17,105,Priya,501,Laptop,Electronics,1,60000,200,COMPLETED,Mumbai,Maharashtra,NET_BANKING
102212,2026-08-18,110,Vikram,510,Bookshelf,Furniture,2,12000,1000,CANCELLED,Kolkata,West Bengal,UPI
102213,2026-08-02,109,Sneha,501,Laptop,Electronics,3,60000,2000,COMPLETED,Delhi,Delhi,NET_BANKING
102214,2026-08-27,109,Sneha,501,Laptop,Electronics,4,60000,100,COMPLETED,Delhi,Delhi,NET_BANKING
102215,2026-08-04,101,Ravi,504,Keyboard,Electronics,4,3000,100,COMPLETED,Hyderabad,Telangana,NET_BANKING
102216,2026-08-16,102,Anil,504,Keyboard,Electronics,2,3000,0,COMPLETED,Hyderabad,Telangana,COD
102217,2026-08-30,104,Kumar,502,Mouse,Electronics,3,1000,0,COMPLETED,Bangalore,Karnataka,NET_BANKING
102218,2026-08-27,103,Sita,507,Desk,Furniture,2,15000,1000,COMPLETED,Chennai,Tamil Nadu,UPI
102219,2026-08-20,103,Sita,503,Chair,Furniture,2,8000,500,COMPLETED,Chennai,Tamil Nadu,NET_BANKING
102220,2026-08-14,104,Kumar,505,Table,Furniture,1,10000,2000,COMPLETED,Bangalore,Karnataka,COD
102221,2026-08-27,105,Priya,504,Keyboard,Electronics,4,3000,500,COMPLETED,Mumbai,Maharashtra,UPI
102222,2026-08-23,107,Lakshmi,501,Laptop,Electronics,4,60000,100,COMPLETED,Chennai,Tamil Nadu,CARD
102223,2026-08-04,102,Anil,502,Mouse,Electronics,2,1000,5000,COMPLETED,Hyderabad,Telangana,CARD
102224,2026-08-06,109,Sneha,506,Headphones,Electronics,3,5000,2000,COMPLETED,Delhi,Delhi,NET_BANKING
102225,2026-08-09,105,Priya,510,Bookshelf,Furniture,1,12000,0,COMPLETED,Mumbai,Maharashtra,CARD
102226,2026-08-28,102,Anil,509,Monitor,Electronics,4,20000,200,COMPLETED,Hyderabad,Telangana,UPI
102227,2026-08-04,108,Arjun,508,Mobile,Electronics,1,25000,200,COMPLETED,Hyderabad,Telangana,COD
102228,2026-08-25,103,Sita,502,Mouse,Electronics,1,1000,200,COMPLETED,Chennai,Tamil Nadu,NET_BANKING
102229,2026-08-15,108,Arjun,503,Chair,Furniture,5,8000,0,COMPLETED,Hyderabad,Telangana,CARD
102230,2026-08-02,104,Kumar,506,Headphones,Electronics,5,5000,0,COMPLETED,Bangalore,Karnataka,NET_BANKING
102231,2026-08-12,105,Priya,503,Chair,Furniture,4,8000,200,COMPLETED,Mumbai,Maharashtra,UPI
102232,2026-08-05,107,Lakshmi,507,Desk,Furniture,3,15000,0,COMPLETED,Chennai,Tamil Nadu,CARD
102233,2026-08-22,104,Kumar,506,Headphones,Electronics,4,5000,0,COMPLETED,Bangalore,Karnataka,UPI
102234,2026-08-17,104,Kumar,510,Bookshelf,Furniture,3,12000,100,COMPLETED,Bangalore,Karnataka,NET_BANKING
102235,2026-08-22,101,Ravi,502,Mouse,Electronics,1,1000,2000,COMPLETED,Hyderabad,Telangana,UPI
102236,2026-08-24,110,Vikram,503,Chair,Furniture,3,8000,1000,COMPLETED,Kolkata,West Bengal,CARD
102237,2026-08-01,102,Anil,504,Keyboard,Electronics,4,3000,0,COMPLETED,Hyderabad,Telangana,UPI
102238,2026-08-04,107,Lakshmi,510,Bookshelf,Furniture,2,12000,0,COMPLETED,Chennai,Tamil Nadu,UPI
102239,2026-08-30,101,Ravi,508,Mobile,Electronics,5,25000,2000,COMPLETED,Hyderabad,Telangana,COD
102240,2026-08-22,108,Arjun,504,Keyboard,Electronics,4,3000,500,COMPLETED,Hyderabad,Telangana,COD
102241,2026-08-15,108,Arjun,503,Chair,Furniture,5,8000,1000,COMPLETED,Hyderabad,Telangana,CARD
102242,2026-08-31,105,Priya,503,Chair,Furniture,4,8000,500,COMPLETED,Mumbai,Maharashtra,NET_BANKING
102243,2026-08-26,101,Ravi,507,Desk,Furniture,3,15000,100,COMPLETED,Hyderabad,Telangana,COD
102244,2026-08-28,107,Lakshmi,509,Monitor,Electronics,2,20000,2000,COMPLETED,Chennai,Tamil Nadu,NET_BANKING
102245,2026-08-14,104,Kumar,507,Desk,Furniture,4,15000,5000,CANCELLED,Bangalore,Karnataka,COD
102246,2026-08-15,108,Arjun,507,Desk,Furniture,3,15000,1000,COMPLETED,Hyderabad,Telangana,COD
102247,2026-08-07,103,Sita,509,Monitor,Electronics,2,20000,200,CANCELLED,Chennai,Tamil Nadu,CARD
102248,2026-08-31,110,Vikram,504,Keyboard,Electronics,5,3000,1000,COMPLETED,Kolkata,West Bengal,COD
102249,2026-08-07,106,Ramesh,505,Table,Furniture,4,10000,100,COMPLETED,Pune,Maharashtra,UPI
102250,2026-08-10,109,Sneha,508,Mobile,Electronics,5,25000,2000,COMPLETED,Delhi,Delhi,CARD
102251,2026-08-18,104,Kumar,506,Headphones,Electronics,2,5000,2000,COMPLETED,Bangalore,Karnataka,COD
102252,2026-08-01,103,Sita,508,Mobile,Electronics,2,25000,2000,COMPLETED,Chennai,Tamil Nadu,CARD
102253,2026-08-25,105,Priya,510,Bookshelf,Furniture,2,12000,2000,COMPLETED,Mumbai,Maharashtra,CARD
102254,2026-08-11,103,Sita,507,Desk,Furniture,4,15000,200,CANCELLED,Chennai,Tamil Nadu,CARD
102255,2026-08-20,108,Arjun,506,Headphones,Electronics,5,5000,0,CANCELLED,Hyderabad,Telangana,UPI
102256,2026-08-01,102,Anil,502,Mouse,Electronics,1,1000,0,COMPLETED,Hyderabad,Telangana,UPI
102257,2026-08-07,106,Ramesh,506,Headphones,Electronics,2,5000,200,COMPLETED,Pune,Maharashtra,UPI
102258,2026-08-30,106,Ramesh,510,Bookshelf,Furniture,3,12000,5000,COMPLETED,Pune,Maharashtra,NET_BANKING
102259,2026-08-10,103,Sita,505,Table,Furniture,1,10000,100,COMPLETED,Chennai,Tamil Nadu,CARD
102260,2026-08-18,107,Lakshmi,502,Mouse,Electronics,5,1000,2000,COMPLETED,Chennai,Tamil Nadu,COD
102261,2026-08-04,105,Priya,504,Keyboard,Electronics,2,3000,5000,COMPLETED,Mumbai,Maharashtra,UPI
102262,2026-08-16,103,Sita,507,Desk,Furniture,4,15000,5000,COMPLETED,Chennai,Tamil Nadu,UPI
102263,2026-08-30,110,Vikram,506,Headphones,Electronics,4,5000,100,COMPLETED,Kolkata,West Bengal,UPI
102264,2026-08-12,108,Arjun,510,Bookshelf,Furniture,3,12000,0,COMPLETED,Hyderabad,Telangana,UPI
102265,2026-08-20,103,Sita,503,Chair,Furniture,3,8000,2000,COMPLETED,Chennai,Tamil Nadu,UPI
102266,2026-08-10,104,Kumar,506,Headphones,Electronics,1,5000,1000,COMPLETED,Bangalore,Karnataka,COD
102267,2026-08-29,101,Ravi,510,Bookshelf,Furniture,5,12000,2000,COMPLETED,Hyderabad,Telangana,NET_BANKING
102268,2026-08-17,105,Priya,504,Keyboard,Electronics,3,3000,0,COMPLETED,Mumbai,Maharashtra,NET_BANKING
102269,2026-08-21,103,Sita,501,Laptop,Electronics,2,60000,500,COMPLETED,Chennai,Tamil Nadu,COD
102270,2026-08-02,107,Lakshmi,506,Headphones,Electronics,3,5000,5000,COMPLETED,Chennai,Tamil Nadu,UPI
102271,2026-08-02,106,Ramesh,509,Monitor,Electronics,2,20000,0,CANCELLED,Pune,Maharashtra,UPI
102272,2026-08-07,105,Priya,507,Desk,Furniture,4,15000,2000,COMPLETED,Mumbai,Maharashtra,UPI
102273,2026-08-11,105,Priya,507,Desk,Furniture,3,15000,2000,COMPLETED,Mumbai,Maharashtra,NET_BANKING
102274,2026-08-24,103,Sita,506,Headphones,Electronics,3,5000,200,COMPLETED,Chennai,Tamil Nadu,NET_BANKING
102275,2026-08-30,105,Priya,502,Mouse,Electronics,4,1000,0,CANCELLED,Mumbai,Maharashtra,NET_BANKING
102276,2026-08-01,109,Sneha,502,Mouse,Electronics,2,1000,0,COMPLETED,Delhi,Delhi,UPI
102277,2026-08-03,103,Sita,506,Headphones,Electronics,2,5000,200,RETURNED,Chennai,Tamil Nadu,UPI
102278,2026-08-24,102,Anil,501,Laptop,Electronics,1,60000,1000,COMPLETED,Hyderabad,Telangana,UPI
102279,2026-08-21,103,Sita,510,Bookshelf,Furniture,4,12000,1000,CANCELLED,Chennai,Tamil Nadu,UPI
102280,2026-08-02,110,Vikram,502,Mouse,Electronics,2,1000,200,RETURNED,Kolkata,West Bengal,UPI
102281,2026-08-23,103,Sita,502,Mouse,Electronics,1,1000,0,COMPLETED,Chennai,Tamil Nadu,CARD
102282,2026-08-23,104,Kumar,501,Laptop,Electronics,1,60000,2000,COMPLETED,Bangalore,Karnataka,CARD
102283,2026-08-23,108,Arjun,504,Keyboard,Electronics,4,3000,100,COMPLETED,Hyderabad,Telangana,NET_BANKING
102284,2026-08-15,110,Vikram,501,Laptop,Electronics,2,60000,0,COMPLETED,Kolkata,West Bengal,CARD
102285,2026-08-05,104,Kumar,505,Table,Furniture,5,10000,200,CANCELLED,Bangalore,Karnataka,UPI
102286,2026-08-06,102,Anil,504,Keyboard,Electronics,3,3000,200,COMPLETED,Hyderabad,Telangana,COD
102287,2026-08-20,110,Vikram,505,Table,Furniture,4,10000,500,COMPLETED,Kolkata,West Bengal,COD
102288,2026-08-24,105,Priya,506,Headphones,Electronics,2,5000,0,COMPLETED,Mumbai,Maharashtra,NET_BANKING
102289,2026-08-03,105,Priya,503,Chair,Furniture,1,8000,0,COMPLETED,Mumbai,Maharashtra,NET_BANKING
102290,2026-08-25,101,Ravi,510,Bookshelf,Furniture,4,12000,0,CANCELLED,Hyderabad,Telangana,COD
102291,2026-08-11,101,Ravi,502,Mouse,Electronics,5,1000,1000,CANCELLED,Hyderabad,Telangana,UPI
102292,2026-08-24,110,Vikram,505,Table,Furniture,3,10000,5000,COMPLETED,Kolkata,West Bengal,COD
102293,2026-08-10,106,Ramesh,508,Mobile,Electronics,4,25000,1000,COMPLETED,Pune,Maharashtra,CARD
102294,2026-08-06,104,Kumar,510,Bookshelf,Furniture,1,12000,1000,COMPLETED,Bangalore,Karnataka,COD
102295,2026-08-30,108,Arjun,506,Headphones,Electronics,4,5000,5000,COMPLETED,Hyderabad,Telangana,COD
102296,2026-08-24,103,Sita,503,Chair,Furniture,4,8000,2000,COMPLETED,Chennai,Tamil Nadu,CARD
102297,2026-08-28,106,Ramesh,507,Desk,Furniture,2,15000,2000,COMPLETED,Pune,Maharashtra,UPI
102298,2026-08-05,107,Lakshmi,503,Chair,Furniture,5,8000,100,COMPLETED,Chennai,Tamil Nadu,UPI
102299,2026-08-16,101,Ravi,507,Desk,Furniture,2,15000,500,COMPLETED,Hyderabad,Telangana,CARD
102300,2026-08-13,101,Ravi,508,Mobile,Electronics,2,25000,500,COMPLETED,Hyderabad,Telangana,NET_BANKING
102301,2026-08-16,104,Kumar,504,Keyboard,Electronics,5,3000,5000,COMPLETED,Bangalore,Karnataka,COD
102302,2026-08-22,103,Sita,508,Mobile,Electronics,1,25000,1000,COMPLETED,Chennai,Tamil Nadu,UPI
102303,2026-08-20,106,Ramesh,508,Mobile,Electronics,3,25000,100,COMPLETED,Pune,Maharashtra,COD
102304,2026-08-16,104,Kumar,507,Desk,Furniture,1,15000,500,COMPLETED,Bangalore,Karnataka,CARD
102305,2026-08-22,106,Ramesh,505,Table,Furniture,5,10000,2000,COMPLETED,Pune,Maharashtra,UPI
102306,2026-08-17,110,Vikram,503,Chair,Furniture,3,8000,1000,CANCELLED,Kolkata,West Bengal,NET_BANKING
102307,2026-08-19,103,Sita,506,Headphones,Electronics,4,5000,0,COMPLETED,Chennai,Tamil Nadu,COD
102308,2026-08-08,106,Ramesh,507,Desk,Furniture,2,15000,1000,CANCELLED,Pune,Maharashtra,CARD
102309,2026-08-26,106,Ramesh,508,Mobile,Electronics,3,25000,1000,COMPLETED,Pune,Maharashtra,NET_BANKING
102310,2026-08-31,104,Kumar,503,Chair,Furniture,3,8000,200,CANCELLED,Bangalore,Karnataka,CARD
102311,2026-08-19,104,Kumar,508,Mobile,Electronics,4,25000,0,COMPLETED,Bangalore,Karnataka,UPI
102312,2026-08-20,107,Lakshmi,503,Chair,Furniture,3,8000,0,COMPLETED,Chennai,Tamil Nadu,COD
102313,2026-08-29,108,Arjun,510,Bookshelf,Furniture,3,12000,0,COMPLETED,Hyderabad,Telangana,COD
102314,2026-08-23,104,Kumar,505,Table,Furniture,2,10000,1000,RETURNED,Bangalore,Karnataka,UPI
102315,2026-08-08,108,Arjun,504,Keyboard,Electronics,1,3000,1000,COMPLETED,Hyderabad,Telangana,COD
102316,2026-08-26,109,Sneha,503,Chair,Furniture,3,8000,1000,COMPLETED,Delhi,Delhi,NET_BANKING
102317,2026-08-07,110,Vikram,509,Monitor,Electronics,2,20000,0,COMPLETED,Kolkata,West Bengal,UPI
102318,2026-08-26,104,Kumar,509,Monitor,Electronics,5,20000,500,COMPLETED,Bangalore,Karnataka,COD
102319,2026-08-10,107,Lakshmi,501,Laptop,Electronics,3,60000,200,COMPLETED,Chennai,Tamil Nadu,NET_BANKING
102320,2026-08-21,101,Ravi,501,Laptop,Electronics,4,60000,0,COMPLETED,Hyderabad,Telangana,COD
102321,2026-08-21,103,Sita,508,Mobile,Electronics,4,25000,100,COMPLETED,Chennai,Tamil Nadu,COD
102322,2026-08-30,106,Ramesh,502,Mouse,Electronics,3,1000,5000,COMPLETED,Pune,Maharashtra,CARD
102323,2026-08-10,110,Vikram,508,Mobile,Electronics,2,25000,100,COMPLETED,Kolkata,West Bengal,UPI
102324,2026-08-28,102,Anil,501,Laptop,Electronics,3,60000,5000,COMPLETED,Hyderabad,Telangana,CARD
102325,2026-08-18,106,Ramesh,507,Desk,Furniture,1,15000,2000,COMPLETED,Pune,Maharashtra,NET_BANKING
102326,2026-08-11,107,Lakshmi,503,Chair,Furniture,5,8000,0,COMPLETED,Chennai,Tamil Nadu,NET_BANKING
102327,2026-08-25,106,Ramesh,510,Bookshelf,Furniture,5,12000,0,COMPLETED,Pune,Maharashtra,UPI
102328,2026-08-03,103,Sita,508,Mobile,Electronics,1,25000,100,COMPLETED,Chennai,Tamil Nadu,UPI
102329,2026-08-31,109,Sneha,503,Chair,Furniture,2,8000,0,RETURNED,Delhi,Delhi,NET_BANKING
102330,2026-08-03,106,Ramesh,506,Headphones,Electronics,4,5000,1000,RETURNED,Pune,Maharashtra,UPI
102331,2026-08-18,108,Arjun,507,Desk,Furniture,1,15000,2000,COMPLETED,Hyderabad,Telangana,COD
102332,2026-08-27,103,Sita,509,Monitor,Electronics,1,20000,200,COMPLETED,Chennai,Tamil Nadu,CARD
102333,2026-08-08,102,Anil,505,Table,Furniture,2,10000,0,COMPLETED,Hyderabad,Telangana,UPI
102334,2026-08-16,101,Ravi,504,Keyboard,Electronics,1,3000,0,COMPLETED,Hyderabad,Telangana,CARD
102335,2026-08-17,103,Sita,503,Chair,Furniture,3,8000,1000,COMPLETED,Chennai,Tamil Nadu,COD
102336,2026-08-25,101,Ravi,509,Monitor,Electronics,3,20000,5000,COMPLETED,Hyderabad,Telangana,COD
102337,2026-08-02,109,Sneha,502,Mouse,Electronics,2,1000,0,COMPLETED,Delhi,Delhi,CARD
102338,2026-08-01,110,Vikram,508,Mobile,Electronics,3,25000,0,COMPLETED,Kolkata,West Bengal,NET_BANKING
102339,2026-08-13,109,Sneha,503,Chair,Furniture,2,8000,100,COMPLETED,Delhi,Delhi,UPI
102340,2026-08-09,110,Vikram,505,Table,Furniture,5,10000,1000,COMPLETED,Kolkata,West Bengal,COD
102341,2026-08-25,103,Sita,504,Keyboard,Electronics,5,3000,500,COMPLETED,Chennai,Tamil Nadu,CARD
102342,2026-08-13,106,Ramesh,505,Table,Furniture,1,10000,500,COMPLETED,Pune,Maharashtra,UPI
102343,2026-08-31,108,Arjun,510,Bookshelf,Furniture,5,12000,2000,COMPLETED,Hyderabad,Telangana,CARD
102344,2026-08-13,102,Anil,501,Laptop,Electronics,1,60000,200,COMPLETED,Hyderabad,Telangana,NET_BANKING
102345,2026-08-27,104,Kumar,510,Bookshelf,Furniture,3,12000,1000,COMPLETED,Bangalore,Karnataka,UPI
102346,2026-08-29,104,Kumar,510,Bookshelf,Furniture,3,12000,200,COMPLETED,Bangalore,Karnataka,UPI
102347,2026-08-07,105,Priya,501,Laptop,Electronics,2,60000,1000,COMPLETED,Mumbai,Maharashtra,COD
102348,2026-08-15,107,Lakshmi,506,Headphones,Electronics,4,5000,100,COMPLETED,Chennai,Tamil Nadu,COD
102349,2026-08-10,109,Sneha,510,Bookshelf,Furniture,2,12000,0,COMPLETED,Delhi,Delhi,UPI
102350,2026-08-20,101,Ravi,501,Laptop,Electronics,1,60000,0,COMPLETED,Hyderabad,Telangana,UPI
102351,2026-08-13,105,Priya,508,Mobile,Electronics,5,25000,100,COMPLETED,Mumbai,Maharashtra,UPI
102352,2026-08-21,106,Ramesh,504,Keyboard,Electronics,2,3000,2000,CANCELLED,Pune,Maharashtra,NET_BANKING
102353,2026-08-14,102,Anil,505,Table,Furniture,1,10000,500,RETURNED,Hyderabad,Telangana,UPI
102354,2026-08-05,102,Anil,505,Table,Furniture,3,10000,5000,COMPLETED,Hyderabad,Telangana,UPI
102355,2026-08-06,101,Ravi,508,Mobile,Electronics,1,25000,0,COMPLETED,Hyderabad,Telangana,CARD
102356,2026-08-23,108,Arjun,510,Bookshelf,Furniture,5,12000,500,COMPLETED,Hyderabad,Telangana,UPI
102357,2026-08-03,110,Vikram,508,Mobile,Electronics,2,25000,200,COMPLETED,Kolkata,West Bengal,COD
102358,2026-08-02,107,Lakshmi,501,Laptop,Electronics,4,60000,2000,COMPLETED,Chennai,Tamil Nadu,COD
102359,2026-08-19,103,Sita,501,Laptop,Electronics,1,60000,0,RETURNED,Chennai,Tamil Nadu,NET_BANKING
102360,2026-08-07,105,Priya,508,Mobile,Electronics,3,25000,0,CANCELLED,Mumbai,Maharashtra,NET_BANKING
102361,2026-08-23,104,Kumar,504,Keyboard,Electronics,4,3000,0,COMPLETED,Bangalore,Karnataka,UPI
102362,2026-08-18,110,Vikram,507,Desk,Furniture,4,15000,200,CANCELLED,Kolkata,West Bengal,UPI
102363,2026-08-03,105,Priya,506,Headphones,Electronics,5,5000,1000,COMPLETED,Mumbai,Maharashtra,COD
102364,2026-08-12,109,Sneha,503,Chair,Furniture,3,8000,100,COMPLETED,Delhi,Delhi,NET_BANKING
102365,2026-08-19,107,Lakshmi,503,Chair,Furniture,4,8000,1000,COMPLETED,Chennai,Tamil Nadu,NET_BANKING
102366,2026-08-27,105,Priya,503,Chair,Furniture,4,8000,2000,COMPLETED,Mumbai,Maharashtra,COD
102367,2026-08-09,102,Anil,510,Bookshelf,Furniture,2,12000,1000,COMPLETED,Hyderabad,Telangana,COD
102368,2026-08-28,108,Arjun,509,Monitor,Electronics,2,20000,0,COMPLETED,Hyderabad,Telangana,CARD
102369,2026-08-18,110,Vikram,506,Headphones,Electronics,2,5000,100,COMPLETED,Kolkata,West Bengal,COD
102370,2026-08-29,102,Anil,507,Desk,Furniture,1,15000,0,COMPLETED,Hyderabad,Telangana,UPI
102371,2026-08-09,110,Vikram,501,Laptop,Electronics,5,60000,100,CANCELLED,Kolkata,West Bengal,CARD
102372,2026-08-04,106,Ramesh,508,Mobile,Electronics,3,25000,1000,COMPLETED,Pune,Maharashtra,COD
102373,2026-08-08,109,Sneha,507,Desk,Furniture,5,15000,1000,RETURNED,Delhi,Delhi,COD
102374,2026-08-21,102,Anil,504,Keyboard,Electronics,4,3000,100,CANCELLED,Hyderabad,Telangana,CARD
102375,2026-08-26,101,Ravi,509,Monitor,Electronics,1,20000,5000,COMPLETED,Hyderabad,Telangana,UPI
102376,2026-08-25,105,Priya,504,Keyboard,Electronics,4,3000,500,COMPLETED,Mumbai,Maharashtra,UPI
102377,2026-08-01,104,Kumar,501,Laptop,Electronics,1,60000,500,COMPLETED,Bangalore,Karnataka,CARD
102378,2026-08-03,103,Sita,502,Mouse,Electronics,3,1000,5000,COMPLETED,Chennai,Tamil Nadu,COD
102379,2026-08-01,106,Ramesh,507,Desk,Furniture,5,15000,500,COMPLETED,Pune,Maharashtra,COD
102380,2026-08-10,106,Ramesh,504,Keyboard,Electronics,4,3000,5000,COMPLETED,Pune,Maharashtra,UPI
102381,2026-08-16,108,Arjun,501,Laptop,Electronics,3,60000,1000,COMPLETED,Hyderabad,Telangana,NET_BANKING
102382,2026-08-25,108,Arjun,507,Desk,Furniture,5,15000,0,COMPLETED,Hyderabad,Telangana,NET_BANKING
102383,2026-08-13,108,Arjun,501,Laptop,Electronics,1,60000,5000,RETURNED,Hyderabad,Telangana,UPI
102384,2026-08-18,108,Arjun,505,Table,Furniture,1,10000,0,COMPLETED,Hyderabad,Telangana,UPI
102385,2026-08-24,108,Arjun,507,Desk,Furniture,3,15000,200,COMPLETED,Hyderabad,Telangana,COD
102386,2026-08-10,101,Ravi,506,Headphones,Electronics,5,5000,5000,COMPLETED,Hyderabad,Telangana,COD
102387,2026-08-22,102,Anil,501,Laptop,Electronics,2,60000,0,COMPLETED,Hyderabad,Telangana,COD
102388,2026-08-06,102,Anil,509,Monitor,Electronics,4,20000,500,CANCELLED,Hyderabad,Telangana,COD
102389,2026-08-09,109,Sneha,501,Laptop,Electronics,5,60000,0,CANCELLED,Delhi,Delhi,COD
102390,2026-08-10,103,Sita,508,Mobile,Electronics,2,25000,0,COMPLETED,Chennai,Tamil Nadu,NET_BANKING
102391,2026-08-22,107,Lakshmi,502,Mouse,Electronics,2,1000,0,COMPLETED,Chennai,Tamil Nadu,COD
102392,2026-08-01,108,Arjun,504,Keyboard,Electronics,4,3000,100,RETURNED,Hyderabad,Telangana,COD
102393,2026-08-06,101,Ravi,505,Table,Furniture,2,10000,1000,CANCELLED,Hyderabad,Telangana,COD
102394,2026-08-26,104,Kumar,508,Mobile,Electronics,1,25000,0,COMPLETED,Bangalore,Karnataka,CARD
102395,2026-08-19,103,Sita,510,Bookshelf,Furniture,1,12000,5000,COMPLETED,Chennai,Tamil Nadu,NET_BANKING
102396,2026-08-23,107,Lakshmi,501,Laptop,Electronics,5,60000,1000,COMPLETED,Chennai,Tamil Nadu,UPI
102397,2026-08-02,107,Lakshmi,508,Mobile,Electronics,3,25000,2000,COMPLETED,Chennai,Tamil Nadu,COD
102398,2026-08-03,102,Anil,502,Mouse,Electronics,3,1000,1000,COMPLETED,Hyderabad,Telangana,COD
102399,2026-08-30,109,Sneha,504,Keyboard,Electronics,2,3000,0,COMPLETED,Delhi,Delhi,CARD
102400,2026-08-06,102,Anil,510,Bookshelf,Furniture,2,12000,5000,COMPLETED,Hyderabad,Telangana,NET_BANKING
102401,2026-08-16,109,Sneha,505,Table,Furniture,1,10000,100,COMPLETED,Delhi,Delhi,COD
102402,2026-08-02,102,Anil,509,Monitor,Electronics,2,20000,200,COMPLETED,Hyderabad,Telangana,NET_BANKING
102403,2026-08-01,103,Sita,507,Desk,Furniture,3,15000,0,COMPLETED,Chennai,Tamil Nadu,UPI
102404,2026-08-22,102,Anil,509,Monitor,Electronics,3,20000,0,COMPLETED,Hyderabad,Telangana,CARD
102405,2026-08-28,106,Ramesh,504,Keyboard,Electronics,4,3000,200,COMPLETED,Pune,Maharashtra,COD
102406,2026-08-07,108,Arjun,508,Mobile,Electronics,1,25000,100,COMPLETED,Hyderabad,Telangana,UPI
102407,2026-08-28,103,Sita,503,Chair,Furniture,5,8000,100,RETURNED,Chennai,Tamil Nadu,UPI
102408,2026-08-03,108,Arjun,509,Monitor,Electronics,5,20000,100,COMPLETED,Hyderabad,Telangana,COD
102409,2026-08-27,106,Ramesh,504,Keyboard,Electronics,3,3000,2000,COMPLETED,Pune,Maharashtra,COD
102410,2026-08-25,101,Ravi,506,Headphones,Electronics,4,5000,0,COMPLETED,Hyderabad,Telangana,NET_BANKING
102411,2026-08-20,107,Lakshmi,508,Mobile,Electronics,2,25000,100,COMPLETED,Chennai,Tamil Nadu,COD
102412,2026-08-20,103,Sita,504,Keyboard,Electronics,5,3000,500,COMPLETED,Chennai,Tamil Nadu,UPI
102413,2026-08-01,107,Lakshmi,510,Bookshelf,Furniture,4,12000,0,COMPLETED,Chennai,Tamil Nadu,UPI
102414,2026-08-12,103,Sita,501,Laptop,Electronics,3,60000,2000,COMPLETED,Chennai,Tamil Nadu,COD
102415,2026-08-27,106,Ramesh,505,Table,Furniture,5,10000,1000,COMPLETED,Pune,Maharashtra,COD
102416,2026-08-13,109,Sneha,508,Mobile,Electronics,5,25000,100,COMPLETED,Delhi,Delhi,NET_BANKING
102417,2026-08-11,102,Anil,508,Mobile,Electronics,5,25000,0,COMPLETED,Hyderabad,Telangana,NET_BANKING
102418,2026-08-20,105,Priya,505,Table,Furniture,5,10000,200,COMPLETED,Mumbai,Maharashtra,NET_BANKING
102419,2026-08-07,104,Kumar,510,Bookshelf,Furniture,3,12000,500,COMPLETED,Bangalore,Karnataka,NET_BANKING
102420,2026-08-09,109,Sneha,507,Desk,Furniture,3,15000,2000,CANCELLED,Delhi,Delhi,CARD
102421,2026-08-26,110,Vikram,503,Chair,Furniture,3,8000,200,CANCELLED,Kolkata,West Bengal,NET_BANKING
102422,2026-08-11,109,Sneha,509,Monitor,Electronics,2,20000,5000,COMPLETED,Delhi,Delhi,CARD
102423,2026-08-21,102,Anil,505,Table,Furniture,2,10000,200,COMPLETED,Hyderabad,Telangana,NET_BANKING
102424,2026-08-12,103,Sita,508,Mobile,Electronics,2,25000,2000,COMPLETED,Chennai,Tamil Nadu,NET_BANKING
102425,2026-08-18,110,Vikram,508,Mobile,Electronics,3,25000,100,COMPLETED,Kolkata,West Bengal,UPI
102426,2026-08-31,105,Priya,502,Mouse,Electronics,4,1000,2000,COMPLETED,Mumbai,Maharashtra,UPI
102427,2026-08-30,104,Kumar,505,Table,Furniture,4,10000,5000,COMPLETED,Bangalore,Karnataka,NET_BANKING
102428,2026-08-14,109,Sneha,510,Bookshelf,Furniture,2,12000,500,COMPLETED,Delhi,Delhi,COD
102429,2026-08-04,108,Arjun,510,Bookshelf,Furniture,4,12000,2000,COMPLETED,Hyderabad,Telangana,NET_BANKING
102430,2026-08-06,102,Anil,503,Chair,Furniture,1,8000,1000,RETURNED,Hyderabad,Telangana,UPI
102431,2026-08-09,101,Ravi,502,Mouse,Electronics,1,1000,500,COMPLETED,Hyderabad,Telangana,UPI
102432,2026-08-02,107,Lakshmi,504,Keyboard,Electronics,5,3000,0,COMPLETED,Chennai,Tamil Nadu,UPI
102433,2026-08-24,106,Ramesh,510,Bookshelf,Furniture,3,12000,500,COMPLETED,Pune,Maharashtra,CARD
102434,2026-08-20,104,Kumar,504,Keyboard,Electronics,5,3000,500,COMPLETED,Bangalore,Karnataka,NET_BANKING
102435,2026-08-01,104,Kumar,503,Chair,Furniture,5,8000,1000,RETURNED,Bangalore,Karnataka,CARD
102436,2026-08-07,103,Sita,507,Desk,Furniture,5,15000,0,COMPLETED,Chennai,Tamil Nadu,UPI
102437,2026-08-09,110,Vikram,510,Bookshelf,Furniture,4,12000,0,COMPLETED,Kolkata,West Bengal,CARD
102438,2026-08-08,107,Lakshmi,504,Keyboard,Electronics,4,3000,100,COMPLETED,Chennai,Tamil Nadu,CARD
102439,2026-08-01,105,Priya,502,Mouse,Electronics,2,1000,500,COMPLETED,Mumbai,Maharashtra,COD
102440,2026-08-08,108,Arjun,504,Keyboard,Electronics,1,3000,0,COMPLETED,Hyderabad,Telangana,COD
102441,2026-08-24,108,Arjun,503,Chair,Furniture,4,8000,2000,COMPLETED,Hyderabad,Telangana,NET_BANKING
102442,2026-08-14,104,Kumar,508,Mobile,Electronics,5,25000,1000,COMPLETED,Bangalore,Karnataka,UPI
102443,2026-08-20,108,Arjun,509,Monitor,Electronics,4,20000,5000,COMPLETED,Hyderabad,Telangana,CARD
102444,2026-08-23,106,Ramesh,503,Chair,Furniture,1,8000,2000,COMPLETED,Pune,Maharashtra,COD
102445,2026-08-11,104,Kumar,504,Keyboard,Electronics,3,3000,2000,COMPLETED,Bangalore,Karnataka,CARD
102446,2026-08-13,105,Priya,504,Keyboard,Electronics,5,3000,5000,COMPLETED,Mumbai,Maharashtra,CARD
102447,2026-08-23,102,Anil,508,Mobile,Electronics,1,25000,2000,COMPLETED,Hyderabad,Telangana,NET_BANKING
102448,2026-08-01,106,Ramesh,507,Desk,Furniture,4,15000,2000,CANCELLED,Pune,Maharashtra,COD
102449,2026-08-14,107,Lakshmi,502,Mouse,Electronics,3,1000,1000,COMPLETED,Chennai,Tamil Nadu,NET_BANKING
102450,2026-08-16,106,Ramesh,505,Table,Furniture,2,10000,100,COMPLETED,Pune,Maharashtra,CARD
102451,2026-08-12,101,Ravi,507,Desk,Furniture,1,15000,200,COMPLETED,Hyderabad,Telangana,CARD
102452,2026-08-23,102,Anil,510,Bookshelf,Furniture,5,12000,0,COMPLETED,Hyderabad,Telangana,UPI
102453,2026-08-15,109,Sneha,505,Table,Furniture,2,10000,500,COMPLETED,Delhi,Delhi,COD
102454,2026-08-08,105,Priya,503,Chair,Furniture,4,8000,500,COMPLETED,Mumbai,Maharashtra,UPI
102455,2026-08-20,104,Kumar,502,Mouse,Electronics,1,1000,100,COMPLETED,Bangalore,Karnataka,COD
102456,2026-08-08,107,Lakshmi,503,Chair,Furniture,1,8000,200,COMPLETED,Chennai,Tamil Nadu,UPI
102457,2026-08-09,102,Anil,502,Mouse,Electronics,2,1000,0,RETURNED,Hyderabad,Telangana,COD
102458,2026-08-24,109,Sneha,506,Headphones,Electronics,2,5000,100,COMPLETED,Delhi,Delhi,CARD
102459,2026-08-11,104,Kumar,501,Laptop,Electronics,2,60000,500,COMPLETED,Bangalore,Karnataka,UPI
102460,2026-08-29,109,Sneha,509,Monitor,Electronics,1,20000,2000,COMPLETED,Delhi,Delhi,CARD
102461,2026-08-05,101,Ravi,508,Mobile,Electronics,2,25000,200,COMPLETED,Hyderabad,Telangana,NET_BANKING
102462,2026-08-15,110,Vikram,505,Table,Furniture,2,10000,5000,COMPLETED,Kolkata,West Bengal,UPI
102463,2026-08-21,104,Kumar,503,Chair,Furniture,5,8000,0,COMPLETED,Bangalore,Karnataka,COD
102464,2026-08-10,103,Sita,501,Laptop,Electronics,4,60000,5000,CANCELLED,Chennai,Tamil Nadu,COD
102465,2026-08-24,109,Sneha,509,Monitor,Electronics,4,20000,5000,COMPLETED,Delhi,Delhi,NET_BANKING
102466,2026-08-23,110,Vikram,510,Bookshelf,Furniture,4,12000,500,COMPLETED,Kolkata,West Bengal,COD
102467,2026-08-28,103,Sita,509,Monitor,Electronics,4,20000,100,COMPLETED,Chennai,Tamil Nadu,CARD
102468,2026-08-12,102,Anil,510,Bookshelf,Furniture,3,12000,0,COMPLETED,Hyderabad,Telangana,COD
102469,2026-08-10,107,Lakshmi,507,Desk,Furniture,3,15000,0,COMPLETED,Chennai,Tamil Nadu,COD
102470,2026-08-07,104,Kumar,501,Laptop,Electronics,4,60000,100,COMPLETED,Bangalore,Karnataka,CARD
102471,2026-08-08,105,Priya,507,Desk,Furniture,2,15000,0,COMPLETED,Mumbai,Maharashtra,COD
102472,2026-08-13,105,Priya,508,Mobile,Electronics,4,25000,5000,COMPLETED,Mumbai,Maharashtra,CARD
102473,2026-08-14,108,Arjun,503,Chair,Furniture,1,8000,200,COMPLETED,Hyderabad,Telangana,UPI
102474,2026-08-02,105,Priya,506,Headphones,Electronics,3,5000,5000,COMPLETED,Mumbai,Maharashtra,COD
102475,2026-08-10,102,Anil,510,Bookshelf,Furniture,3,12000,5000,COMPLETED,Hyderabad,Telangana,COD
102476,2026-08-11,102,Anil,506,Headphones,Electronics,2,5000,500,COMPLETED,Hyderabad,Telangana,CARD
102477,2026-08-05,101,Ravi,502,Mouse,Electronics,5,1000,500,COMPLETED,Hyderabad,Telangana,UPI
102478,2026-08-21,109,Sneha,504,Keyboard,Electronics,5,3000,1000,COMPLETED,Delhi,Delhi,COD
102479,2026-08-26,107,Lakshmi,506,Headphones,Electronics,5,5000,5000,COMPLETED,Chennai,Tamil Nadu,NET_BANKING
102480,2026-08-02,105,Priya,506,Headphones,Electronics,5,5000,0,COMPLETED,Mumbai,Maharashtra,COD
102481,2026-08-02,107,Lakshmi,509,Monitor,Electronics,5,20000,0,COMPLETED,Chennai,Tamil Nadu,COD
102482,2026-08-24,106,Ramesh,508,Mobile,Electronics,3,25000,100,COMPLETED,Pune,Maharashtra,CARD
102483,2026-08-13,102,Anil,510,Bookshelf,Furniture,3,12000,2000,COMPLETED,Hyderabad,Telangana,UPI
102484,2026-08-01,101,Ravi,505,Table,Furniture,2,10000,200,COMPLETED,Hyderabad,Telangana,CARD
102485,2026-08-14,107,Lakshmi,503,Chair,Furniture,5,8000,500,COMPLETED,Chennai,Tamil Nadu,UPI
102486,2026-08-28,102,Anil,503,Chair,Furniture,1,8000,500,CANCELLED,Hyderabad,Telangana,COD
102487,2026-08-15,102,Anil,504,Keyboard,Electronics,2,3000,5000,COMPLETED,Hyderabad,Telangana,UPI
102488,2026-08-20,108,Arjun,506,Headphones,Electronics,3,5000,5000,COMPLETED,Hyderabad,Telangana,NET_BANKING
102489,2026-08-05,106,Ramesh,509,Monitor,Electronics,5,20000,500,COMPLETED,Pune,Maharashtra,CARD
102490,2026-08-14,104,Kumar,501,Laptop,Electronics,4,60000,500,COMPLETED,Bangalore,Karnataka,NET_BANKING
102491,2026-08-02,108,Arjun,507,Desk,Furniture,5,15000,500,COMPLETED,Hyderabad,Telangana,UPI
102492,2026-08-08,103,Sita,509,Monitor,Electronics,2,20000,200,COMPLETED,Chennai,Tamil Nadu,CARD
102493,2026-08-17,102,Anil,509,Monitor,Electronics,3,20000,2000,RETURNED,Hyderabad,Telangana,COD
102494,2026-08-11,107,Lakshmi,510,Bookshelf,Furniture,3,12000,0,COMPLETED,Chennai,Tamil Nadu,CARD
102495,2026-08-31,110,Vikram,508,Mobile,Electronics,1,25000,1000,COMPLETED,Kolkata,West Bengal,COD
102496,2026-08-05,107,Lakshmi,507,Desk,Furniture,4,15000,5000,COMPLETED,Chennai,Tamil Nadu,NET_BANKING
102497,2026-08-10,106,Ramesh,502,Mouse,Electronics,2,1000,5000,COMPLETED,Pune,Maharashtra,COD
102498,2026-08-13,110,Vikram,504,Keyboard,Electronics,4,3000,200,COMPLETED,Kolkata,West Bengal,CARD
102499,2026-08-11,110,Vikram,503,Chair,Furniture,2,8000,1000,COMPLETED,Kolkata,West Bengal,COD
102500,2026-08-03,102,Anil,502,Mouse,Electronics,1,1000,0,COMPLETED,Hyderabad,Telangana,COD
102501,2026-08-30,108,Arjun,502,Mouse,Electronics,2,1000,0,COMPLETED,Hyderabad,Telangana,COD
102502,2026-08-05,103,Sita,501,Laptop,Electronics,3,60000,1000,CANCELLED,Chennai,Tamil Nadu,NET_BANKING
102503,2026-08-02,110,Vikram,502,Mouse,Electronics,2,1000,500,COMPLETED,Kolkata,West Bengal,UPI
102504,2026-08-03,101,Ravi,510,Bookshelf,Furniture,1,12000,0,COMPLETED,Hyderabad,Telangana,CARD
102505,2026-08-04,107,Lakshmi,508,Mobile,Electronics,3,25000,500,COMPLETED,Chennai,Tamil Nadu,UPI
102506,2026-08-05,110,Vikram,505,Table,Furniture,1,10000,5000,COMPLETED,Kolkata,West Bengal,NET_BANKING
102507,2026-08-04,103,Sita,509,Monitor,Electronics,4,20000,200,CANCELLED,Chennai,Tamil Nadu,NET_BANKING
102508,2026-08-28,101,Ravi,507,Desk,Furniture,3,15000,100,CANCELLED,Hyderabad,Telangana,COD
102509,2026-08-31,108,Arjun,506,Headphones,Electronics,5,5000,500,COMPLETED,Hyderabad,Telangana,COD
102510,2026-08-26,107,Lakshmi,504,Keyboard,Electronics,3,3000,1000,COMPLETED,Chennai,Tamil Nadu,CARD
102511,2026-08-23,108,Arjun,503,Chair,Furniture,2,8000,0,COMPLETED,Hyderabad,Telangana,UPI
102512,2026-08-05,110,Vikram,502,Mouse,Electronics,1,1000,5000,COMPLETED,Kolkata,West Bengal,CARD
102513,2026-08-25,102,Anil,505,Table,Furniture,3,10000,1000,COMPLETED,Hyderabad,Telangana,CARD
102514,2026-08-14,108,Arjun,507,Desk,Furniture,1,15000,500,CANCELLED,Hyderabad,Telangana,CARD
102515,2026-08-12,108,Arjun,501,Laptop,Electronics,2,60000,2000,COMPLETED,Hyderabad,Telangana,NET_BANKING
102516,2026-08-02,102,Anil,501,Laptop,Electronics,3,60000,2000,COMPLETED,Hyderabad,Telangana,COD
102517,2026-08-26,108,Arjun,507,Desk,Furniture,3,15000,5000,COMPLETED,Hyderabad,Telangana,NET_BANKING
102518,2026-08-31,107,Lakshmi,506,Headphones,Electronics,5,5000,100,COMPLETED,Chennai,Tamil Nadu,CARD
102519,2026-08-03,105,Priya,507,Desk,Furniture,4,15000,1000,COMPLETED,Mumbai,Maharashtra,UPI
102520,2026-08-17,103,Sita,504,Keyboard,Electronics,5,3000,5000,COMPLETED,Chennai,Tamil Nadu,CARD
102521,2026-08-02,103,Sita,507,Desk,Furniture,1,15000,1000,CANCELLED,Chennai,Tamil Nadu,NET_BANKING
102522,2026-08-11,110,Vikram,506,Headphones,Electronics,1,5000,0,COMPLETED,Kolkata,West Bengal,CARD
102523,2026-08-11,104,Kumar,503,Chair,Furniture,5,8000,500,COMPLETED,Bangalore,Karnataka,COD
102524,2026-08-20,109,Sneha,510,Bookshelf,Furniture,5,12000,200,COMPLETED,Delhi,Delhi,UPI
102525,2026-08-18,108,Arjun,510,Bookshelf,Furniture,3,12000,5000,COMPLETED,Hyderabad,Telangana,NET_BANKING
102526,2026-08-14,106,Ramesh,501,Laptop,Electronics,5,60000,0,COMPLETED,Pune,Maharashtra,COD
102527,2026-08-19,108,Arjun,510,Bookshelf,Furniture,2,12000,1000,COMPLETED,Hyderabad,Telangana,CARD
102528,2026-08-10,108,Arjun,505,Table,Furniture,1,10000,200,CANCELLED,Hyderabad,Telangana,NET_BANKING
102529,2026-08-01,107,Lakshmi,505,Table,Furniture,5,10000,200,COMPLETED,Chennai,Tamil Nadu,CARD
102530,2026-08-13,108,Arjun,504,Keyboard,Electronics,1,3000,2000,COMPLETED,Hyderabad,Telangana,UPI
102531,2026-08-27,105,Priya,509,Monitor,Electronics,5,20000,2000,COMPLETED,Mumbai,Maharashtra,NET_BANKING
102532,2026-08-16,110,Vikram,501,Laptop,Electronics,5,60000,200,COMPLETED,Kolkata,West Bengal,NET_BANKING
102533,2026-08-30,102,Anil,504,Keyboard,Electronics,4,3000,1000,COMPLETED,Hyderabad,Telangana,CARD
102534,2026-08-03,101,Ravi,507,Desk,Furniture,3,15000,200,COMPLETED,Hyderabad,Telangana,UPI
102535,2026-08-30,102,Anil,503,Chair,Furniture,3,8000,100,COMPLETED,Hyderabad,Telangana,NET_BANKING
102536,2026-08-06,105,Priya,507,Desk,Furniture,4,15000,200,CANCELLED,Mumbai,Maharashtra,CARD
102537,2026-08-25,106,Ramesh,502,Mouse,Electronics,3,1000,500,COMPLETED,Pune,Maharashtra,UPI
102538,2026-08-28,102,Anil,503,Chair,Furniture,1,8000,0,COMPLETED,Hyderabad,Telangana,UPI
102539,2026-08-04,105,Priya,503,Chair,Furniture,4,8000,1000,COMPLETED,Mumbai,Maharashtra,COD
102540,2026-08-16,109,Sneha,502,Mouse,Electronics,5,1000,500,COMPLETED,Delhi,Delhi,NET_BANKING
102541,2026-08-06,102,Anil,506,Headphones,Electronics,4,5000,200,COMPLETED,Hyderabad,Telangana,NET_BANKING
102542,2026-08-26,101,Ravi,510,Bookshelf,Furniture,1,12000,0,COMPLETED,Hyderabad,Telangana,CARD
102543,2026-08-17,106,Ramesh,503,Chair,Furniture,5,8000,200,COMPLETED,Pune,Maharashtra,NET_BANKING
102544,2026-08-28,101,Ravi,506,Headphones,Electronics,4,5000,2000,COMPLETED,Hyderabad,Telangana,COD
102545,2026-08-07,104,Kumar,503,Chair,Furniture,5,8000,5000,RETURNED,Bangalore,Karnataka,UPI
102546,2026-08-18,104,Kumar,508,Mobile,Electronics,4,25000,2000,COMPLETED,Bangalore,Karnataka,NET_BANKING
102547,2026-08-02,104,Kumar,501,Laptop,Electronics,4,60000,200,COMPLETED,Bangalore,Karnataka,NET_BANKING
102548,2026-08-21,101,Ravi,506,Headphones,Electronics,3,5000,2000,RETURNED,Hyderabad,Telangana,UPI
102549,2026-08-03,106,Ramesh,508,Mobile,Electronics,2,25000,0,COMPLETED,Pune,Maharashtra,UPI
102550,2026-08-16,110,Vikram,503,Chair,Furniture,4,8000,1000,COMPLETED,Kolkata,West Bengal,UPI
102551,2026-08-10,106,Ramesh,504,Keyboard,Electronics,5,3000,2000,COMPLETED,Pune,Maharashtra,UPI
102552,2026-08-31,102,Anil,501,Laptop,Electronics,3,60000,100,CANCELLED,Hyderabad,Telangana,NET_BANKING
102553,2026-08-09,107,Lakshmi,503,Chair,Furniture,3,8000,2000,COMPLETED,Chennai,Tamil Nadu,NET_BANKING
102554,2026-08-10,102,Anil,508,Mobile,Electronics,3,25000,2000,COMPLETED,Hyderabad,Telangana,UPI
102555,2026-08-06,105,Priya,506,Headphones,Electronics,1,5000,100,COMPLETED,Mumbai,Maharashtra,UPI
102556,2026-08-04,106,Ramesh,502,Mouse,Electronics,3,1000,1000,COMPLETED,Pune,Maharashtra,UPI
102557,2026-08-07,103,Sita,510,Bookshelf,Furniture,5,12000,0,COMPLETED,Chennai,Tamil Nadu,UPI
102558,2026-08-27,105,Priya,505,Table,Furniture,5,10000,0,CANCELLED,Mumbai,Maharashtra,NET_BANKING
102559,2026-08-04,109,Sneha,505,Table,Furniture,4,10000,0,COMPLETED,Delhi,Delhi,COD
102560,2026-08-09,102,Anil,506,Headphones,Electronics,1,5000,100,COMPLETED,Hyderabad,Telangana,UPI
102561,2026-08-04,110,Vikram,501,Laptop,Electronics,4,60000,0,COMPLETED,Kolkata,West Bengal,NET_BANKING
102562,2026-08-04,107,Lakshmi,509,Monitor,Electronics,3,20000,100,COMPLETED,Chennai,Tamil Nadu,CARD
102563,2026-08-06,102,Anil,506,Headphones,Electronics,2,5000,0,COMPLETED,Hyderabad,Telangana,UPI
102564,2026-08-24,108,Arjun,504,Keyboard,Electronics,2,3000,100,CANCELLED,Hyderabad,Telangana,CARD
102565,2026-08-22,107,Lakshmi,501,Laptop,Electronics,5,60000,500,COMPLETED,Chennai,Tamil Nadu,CARD
102566,2026-08-08,108,Arjun,509,Monitor,Electronics,1,20000,2000,COMPLETED,Hyderabad,Telangana,COD
102567,2026-08-10,104,Kumar,509,Monitor,Electronics,3,20000,100,COMPLETED,Bangalore,Karnataka,COD
102568,2026-08-09,110,Vikram,505,Table,Furniture,2,10000,0,CANCELLED,Kolkata,West Bengal,COD
102569,2026-08-16,105,Priya,510,Bookshelf,Furniture,1,12000,0,COMPLETED,Mumbai,Maharashtra,CARD
102570,2026-08-19,105,Priya,503,Chair,Furniture,2,8000,0,CANCELLED,Mumbai,Maharashtra,CARD
102571,2026-08-08,103,Sita,501,Laptop,Electronics,2,60000,0,CANCELLED,Chennai,Tamil Nadu,UPI
102572,2026-08-31,107,Lakshmi,503,Chair,Furniture,2,8000,500,COMPLETED,Chennai,Tamil Nadu,UPI
102573,2026-08-27,104,Kumar,502,Mouse,Electronics,1,1000,2000,COMPLETED,Bangalore,Karnataka,NET_BANKING
102574,2026-08-05,104,Kumar,508,Mobile,Electronics,2,25000,0,COMPLETED,Bangalore,Karnataka,NET_BANKING
102575,2026-08-22,107,Lakshmi,507,Desk,Furniture,5,15000,500,COMPLETED,Chennai,Tamil Nadu,CARD
102576,2026-08-13,103,Sita,504,Keyboard,Electronics,3,3000,200,CANCELLED,Chennai,Tamil Nadu,CARD
102577,2026-08-31,108,Arjun,508,Mobile,Electronics,3,25000,2000,COMPLETED,Hyderabad,Telangana,NET_BANKING
102578,2026-08-15,101,Ravi,507,Desk,Furniture,2,15000,0,COMPLETED,Hyderabad,Telangana,COD
102579,2026-08-07,109,Sneha,505,Table,Furniture,4,10000,0,COMPLETED,Delhi,Delhi,CARD
102580,2026-08-06,105,Priya,505,Table,Furniture,4,10000,0,COMPLETED,Mumbai,Maharashtra,UPI
102581,2026-08-12,110,Vikram,508,Mobile,Electronics,3,25000,200,COMPLETED,Kolkata,West Bengal,CARD
102582,2026-08-31,105,Priya,508,Mobile,Electronics,4,25000,500,COMPLETED,Mumbai,Maharashtra,COD
102583,2026-08-29,104,Kumar,508,Mobile,Electronics,2,25000,0,RETURNED,Bangalore,Karnataka,CARD
102584,2026-08-08,108,Arjun,507,Desk,Furniture,5,15000,100,COMPLETED,Hyderabad,Telangana,NET_BANKING
102585,2026-08-09,106,Ramesh,509,Monitor,Electronics,1,20000,500,COMPLETED,Pune,Maharashtra,NET_BANKING
102586,2026-08-03,107,Lakshmi,501,Laptop,Electronics,5,60000,0,COMPLETED,Chennai,Tamil Nadu,NET_BANKING
102587,2026-08-25,105,Priya,504,Keyboard,Electronics,5,3000,100,COMPLETED,Mumbai,Maharashtra,COD
102588,2026-08-05,109,Sneha,501,Laptop,Electronics,1,60000,1000,RETURNED,Delhi,Delhi,COD
102589,2026-08-01,110,Vikram,506,Headphones,Electronics,4,5000,200,COMPLETED,Kolkata,West Bengal,UPI
102590,2026-08-09,105,Priya,507,Desk,Furniture,3,15000,200,COMPLETED,Mumbai,Maharashtra,COD
102591,2026-08-19,110,Vikram,510,Bookshelf,Furniture,3,12000,0,COMPLETED,Kolkata,West Bengal,COD
102592,2026-08-29,110,Vikram,504,Keyboard,Electronics,2,3000,1000,COMPLETED,Kolkata,West Bengal,NET_BANKING
102593,2026-08-25,106,Ramesh,508,Mobile,Electronics,2,25000,1000,COMPLETED,Pune,Maharashtra,CARD
102594,2026-08-01,107,Lakshmi,509,Monitor,Electronics,1,20000,0,COMPLETED,Chennai,Tamil Nadu,CARD
102595,2026-08-28,104,Kumar,507,Desk,Furniture,1,15000,200,COMPLETED,Bangalore,Karnataka,COD
102596,2026-08-04,109,Sneha,502,Mouse,Electronics,5,1000,5000,CANCELLED,Delhi,Delhi,CARD
102597,2026-08-07,104,Kumar,504,Keyboard,Electronics,3,3000,0,COMPLETED,Bangalore,Karnataka,NET_BANKING
102598,2026-08-14,101,Ravi,510,Bookshelf,Furniture,1,12000,500,COMPLETED,Hyderabad,Telangana,COD
102599,2026-08-11,104,Kumar,502,Mouse,Electronics,2,1000,0,COMPLETED,Bangalore,Karnataka,NET_BANKING
102600,2026-08-24,110,Vikram,509,Monitor,Electronics,2,20000,0,COMPLETED,Kolkata,West Bengal,NET_BANKING
102601,2026-08-22,109,Sneha,503,Chair,Furniture,1,8000,5000,COMPLETED,Delhi,Delhi,COD
102602,2026-08-03,106,Ramesh,502,Mouse,Electronics,5,1000,200,COMPLETED,Pune,Maharashtra,NET_BANKING
102603,2026-08-23,101,Ravi,507,Desk,Furniture,3,15000,1000,RETURNED,Hyderabad,Telangana,COD
102604,2026-08-01,109,Sneha,503,Chair,Furniture,1,8000,0,CANCELLED,Delhi,Delhi,NET_BANKING
102605,2026-08-27,104,Kumar,503,Chair,Furniture,2,8000,200,CANCELLED,Bangalore,Karnataka,UPI
102606,2026-08-27,103,Sita,504,Keyboard,Electronics,2,3000,200,COMPLETED,Chennai,Tamil Nadu,NET_BANKING
102607,2026-08-22,108,Arjun,501,Laptop,Electronics,4,60000,200,COMPLETED,Hyderabad,Telangana,CARD
102608,2026-08-24,101,Ravi,502,Mouse,Electronics,2,1000,1000,COMPLETED,Hyderabad,Telangana,NET_BANKING
102609,2026-08-23,107,Lakshmi,503,Chair,Furniture,1,8000,100,COMPLETED,Chennai,Tamil Nadu,COD
102610,2026-08-12,101,Ravi,503,Chair,Furniture,1,8000,100,CANCELLED,Hyderabad,Telangana,COD
102611,2026-08-25,102,Anil,502,Mouse,Electronics,2,1000,200,COMPLETED,Hyderabad,Telangana,CARD
102612,2026-08-14,107,Lakshmi,502,Mouse,Electronics,2,1000,100,COMPLETED,Chennai,Tamil Nadu,NET_BANKING
102613,2026-08-27,108,Arjun,503,Chair,Furniture,5,8000,200,COMPLETED,Hyderabad,Telangana,COD
102614,2026-08-27,103,Sita,510,Bookshelf,Furniture,4,12000,500,COMPLETED,Chennai,Tamil Nadu,NET_BANKING
102615,2026-08-30,110,Vikram,504,Keyboard,Electronics,1,3000,200,COMPLETED,Kolkata,West Bengal,NET_BANKING
102616,2026-08-15,107,Lakshmi,509,Monitor,Electronics,1,20000,0,CANCELLED,Chennai,Tamil Nadu,CARD
102617,2026-08-24,101,Ravi,504,Keyboard,Electronics,5,3000,0,COMPLETED,Hyderabad,Telangana,COD
102618,2026-08-23,107,Lakshmi,510,Bookshelf,Furniture,2,12000,0,COMPLETED,Chennai,Tamil Nadu,CARD
102619,2026-08-26,109,Sneha,504,Keyboard,Electronics,2,3000,200,COMPLETED,Delhi,Delhi,UPI
102620,2026-08-18,104,Kumar,509,Monitor,Electronics,1,20000,1000,COMPLETED,Bangalore,Karnataka,UPI
102621,2026-08-11,105,Priya,505,Table,Furniture,5,10000,100,COMPLETED,Mumbai,Maharashtra,UPI
102622,2026-08-28,107,Lakshmi,508,Mobile,Electronics,2,25000,100,COMPLETED,Chennai,Tamil Nadu,UPI
102623,2026-08-20,109,Sneha,503,Chair,Furniture,4,8000,0,COMPLETED,Delhi,Delhi,UPI
102624,2026-08-06,106,Ramesh,508,Mobile,Electronics,3,25000,1000,COMPLETED,Pune,Maharashtra,UPI
102625,2026-08-25,101,Ravi,501,Laptop,Electronics,1,60000,0,COMPLETED,Hyderabad,Telangana,NET_BANKING
102626,2026-08-03,103,Sita,510,Bookshelf,Furniture,1,12000,200,COMPLETED,Chennai,Tamil Nadu,UPI
102627,2026-08-21,108,Arjun,509,Monitor,Electronics,3,20000,0,COMPLETED,Hyderabad,Telangana,UPI
102628,2026-08-11,103,Sita,506,Headphones,Electronics,4,5000,0,COMPLETED,Chennai,Tamil Nadu,NET_BANKING
102629,2026-08-06,105,Priya,505,Table,Furniture,1,10000,100,COMPLETED,Mumbai,Maharashtra,COD
102630,2026-08-17,105,Priya,508,Mobile,Electronics,1,25000,100,COMPLETED,Mumbai,Maharashtra,NET_BANKING
102631,2026-08-26,109,Sneha,510,Bookshelf,Furniture,1,12000,1000,COMPLETED,Delhi,Delhi,COD
102632,2026-08-14,101,Ravi,509,Monitor,Electronics,4,20000,0,COMPLETED,Hyderabad,Telangana,UPI
102633,2026-08-29,101,Ravi,505,Table,Furniture,2,10000,2000,COMPLETED,Hyderabad,Telangana,NET_BANKING
102634,2026-08-24,102,Anil,506,Headphones,Electronics,5,5000,500,COMPLETED,Hyderabad,Telangana,CARD
102635,2026-08-19,107,Lakshmi,507,Desk,Furniture,1,15000,200,COMPLETED,Chennai,Tamil Nadu,CARD
102636,2026-08-08,105,Priya,509,Monitor,Electronics,3,20000,1000,COMPLETED,Mumbai,Maharashtra,UPI
102637,2026-08-27,106,Ramesh,505,Table,Furniture,2,10000,2000,CANCELLED,Pune,Maharashtra,UPI
102638,2026-08-21,109,Sneha,501,Laptop,Electronics,4,60000,0,COMPLETED,Delhi,Delhi,CARD
102639,2026-08-20,104,Kumar,507,Desk,Furniture,5,15000,5000,COMPLETED,Bangalore,Karnataka,NET_BANKING
102640,2026-08-25,101,Ravi,510,Bookshelf,Furniture,5,12000,100,COMPLETED,Hyderabad,Telangana,UPI
102641,2026-08-26,101,Ravi,505,Table,Furniture,1,10000,0,COMPLETED,Hyderabad,Telangana,NET_BANKING
102642,2026-08-29,109,Sneha,502,Mouse,Electronics,5,1000,0,COMPLETED,Delhi,Delhi,NET_BANKING
102643,2026-08-31,103,Sita,509,Monitor,Electronics,4,20000,5000,COMPLETED,Chennai,Tamil Nadu,CARD
102644,2026-08-17,107,Lakshmi,504,Keyboard,Electronics,1,3000,2000,COMPLETED,Chennai,Tamil Nadu,CARD
102645,2026-08-05,103,Sita,502,Mouse,Electronics,4,1000,500,CANCELLED,Chennai,Tamil Nadu,CARD
102646,2026-08-21,109,Sneha,510,Bookshelf,Furniture,3,12000,2000,COMPLETED,Delhi,Delhi,CARD
102647,2026-08-29,101,Ravi,504,Keyboard,Electronics,4,3000,100,COMPLETED,Hyderabad,Telangana,COD
102648,2026-08-10,104,Kumar,502,Mouse,Electronics,3,1000,0,COMPLETED,Bangalore,Karnataka,UPI
102649,2026-08-31,107,Lakshmi,505,Table,Furniture,4,10000,100,COMPLETED,Chennai,Tamil Nadu,NET_BANKING
102650,2026-08-06,105,Priya,501,Laptop,Electronics,4,60000,200,CANCELLED,Mumbai,Maharashtra,NET_BANKING
102651,2026-08-22,106,Ramesh,509,Monitor,Electronics,2,20000,500,COMPLETED,Pune,Maharashtra,UPI
102652,2026-08-13,102,Anil,508,Mobile,Electronics,3,25000,2000,COMPLETED,Hyderabad,Telangana,NET_BANKING
102653,2026-08-31,109,Sneha,510,Bookshelf,Furniture,5,12000,0,RETURNED,Delhi,Delhi,CARD
102654,2026-08-08,102,Anil,506,Headphones,Electronics,5,5000,100,COMPLETED,Hyderabad,Telangana,NET_BANKING
102655,2026-08-20,103,Sita,508,Mobile,Electronics,1,25000,1000,COMPLETED,Chennai,Tamil Nadu,NET_BANKING
102656,2026-08-08,101,Ravi,505,Table,Furniture,2,10000,200,COMPLETED,Hyderabad,Telangana,NET_BANKING
102657,2026-08-09,104,Kumar,509,Monitor,Electronics,5,20000,1000,CANCELLED,Bangalore,Karnataka,UPI
102658,2026-08-26,107,Lakshmi,504,Keyboard,Electronics,2,3000,0,COMPLETED,Chennai,Tamil Nadu,UPI
102659,2026-08-17,110,Vikram,508,Mobile,Electronics,4,25000,0,COMPLETED,Kolkata,West Bengal,UPI
102660,2026-08-08,110,Vikram,504,Keyboard,Electronics,5,3000,0,COMPLETED,Kolkata,West Bengal,CARD
102661,2026-08-05,108,Arjun,504,Keyboard,Electronics,4,3000,1000,COMPLETED,Hyderabad,Telangana,UPI
102662,2026-08-24,107,Lakshmi,501,Laptop,Electronics,1,60000,0,RETURNED,Chennai,Tamil Nadu,COD
102663,2026-08-04,106,Ramesh,507,Desk,Furniture,4,15000,2000,RETURNED,Pune,Maharashtra,UPI
102664,2026-08-07,101,Ravi,503,Chair,Furniture,1,8000,0,COMPLETED,Hyderabad,Telangana,UPI
102665,2026-08-04,106,Ramesh,507,Desk,Furniture,5,15000,100,COMPLETED,Pune,Maharashtra,UPI
102666,2026-08-11,104,Kumar,507,Desk,Furniture,4,15000,5000,COMPLETED,Bangalore,Karnataka,NET_BANKING
102667,2026-08-31,110,Vikram,502,Mouse,Electronics,4,1000,0,COMPLETED,Kolkata,West Bengal,CARD
102668,2026-08-20,107,Lakshmi,506,Headphones,Electronics,3,5000,100,COMPLETED,Chennai,Tamil Nadu,UPI
102669,2026-08-03,105,Priya,510,Bookshelf,Furniture,1,12000,500,COMPLETED,Mumbai,Maharashtra,NET_BANKING
102670,2026-08-13,104,Kumar,504,Keyboard,Electronics,5,3000,5000,COMPLETED,Bangalore,Karnataka,UPI
102671,2026-08-25,110,Vikram,503,Chair,Furniture,4,8000,200,COMPLETED,Kolkata,West Bengal,CARD
102672,2026-08-20,104,Kumar,510,Bookshelf,Furniture,5,12000,100,COMPLETED,Bangalore,Karnataka,CARD
102673,2026-08-11,108,Arjun,505,Table,Furniture,3,10000,2000,COMPLETED,Hyderabad,Telangana,UPI
102674,2026-08-23,105,Priya,501,Laptop,Electronics,3,60000,100,COMPLETED,Mumbai,Maharashtra,COD
102675,2026-08-21,101,Ravi,506,Headphones,Electronics,1,5000,1000,COMPLETED,Hyderabad,Telangana,COD
102676,2026-08-14,107,Lakshmi,507,Desk,Furniture,1,15000,0,COMPLETED,Chennai,Tamil Nadu,CARD
102677,2026-08-31,107,Lakshmi,501,Laptop,Electronics,1,60000,200,COMPLETED,Chennai,Tamil Nadu,CARD
102678,2026-08-13,106,Ramesh,507,Desk,Furniture,5,15000,0,RETURNED,Pune,Maharashtra,UPI
102679,2026-08-22,107,Lakshmi,503,Chair,Furniture,4,8000,0,COMPLETED,Chennai,Tamil Nadu,CARD
102680,2026-08-25,102,Anil,503,Chair,Furniture,2,8000,500,COMPLETED,Hyderabad,Telangana,NET_BANKING
102681,2026-08-17,101,Ravi,507,Desk,Furniture,5,15000,100,COMPLETED,Hyderabad,Telangana,UPI
102682,2026-08-14,108,Arjun,508,Mobile,Electronics,5,25000,100,COMPLETED,Hyderabad,Telangana,CARD
102683,2026-08-10,109,Sneha,505,Table,Furniture,1,10000,0,COMPLETED,Delhi,Delhi,NET_BANKING
102684,2026-08-26,109,Sneha,501,Laptop,Electronics,5,60000,5000,RETURNED,Delhi,Delhi,CARD
102685,2026-08-08,106,Ramesh,505,Table,Furniture,4,10000,100,COMPLETED,Pune,Maharashtra,UPI
102686,2026-08-21,104,Kumar,504,Keyboard,Electronics,3,3000,0,COMPLETED,Bangalore,Karnataka,UPI
102687,2026-08-23,106,Ramesh,508,Mobile,Electronics,1,25000,0,COMPLETED,Pune,Maharashtra,NET_BANKING
102688,2026-08-23,110,Vikram,510,Bookshelf,Furniture,1,12000,500,COMPLETED,Kolkata,West Bengal,CARD
102689,2026-08-09,101,Ravi,508,Mobile,Electronics,5,25000,100,COMPLETED,Hyderabad,Telangana,COD
102690,2026-08-26,110,Vikram,510,Bookshelf,Furniture,4,12000,500,COMPLETED,Kolkata,West Bengal,COD
102691,2026-08-10,102,Anil,509,Monitor,Electronics,2,20000,1000,COMPLETED,Hyderabad,Telangana,COD
102692,2026-08-05,110,Vikram,504,Keyboard,Electronics,3,3000,0,COMPLETED,Kolkata,West Bengal,UPI
102693,2026-08-19,109,Sneha,505,Table,Furniture,5,10000,200,COMPLETED,Delhi,Delhi,CARD
102694,2026-08-27,102,Anil,503,Chair,Furniture,2,8000,500,RETURNED,Hyderabad,Telangana,CARD
102695,2026-08-19,107,Lakshmi,507,Desk,Furniture,5,15000,0,COMPLETED,Chennai,Tamil Nadu,UPI
102696,2026-08-05,109,Sneha,508,Mobile,Electronics,4,25000,0,COMPLETED,Delhi,Delhi,COD
102697,2026-08-06,101,Ravi,508,Mobile,Electronics,2,25000,500,COMPLETED,Hyderabad,Telangana,CARD
102698,2026-08-08,109,Sneha,510,Bookshelf,Furniture,3,12000,1000,COMPLETED,Delhi,Delhi,CARD
102699,2026-08-22,109,Sneha,503,Chair,Furniture,5,8000,0,COMPLETED,Delhi,Delhi,UPI
102700,2026-08-29,106,Ramesh,507,Desk,Furniture,1,15000,100,CANCELLED,Pune,Maharashtra,COD
102701,2026-08-18,106,Ramesh,501,Laptop,Electronics,2,60000,2000,COMPLETED,Pune,Maharashtra,NET_BANKING
102702,2026-08-14,109,Sneha,503,Chair,Furniture,3,8000,0,COMPLETED,Delhi,Delhi,COD
102703,2026-08-12,110,Vikram,507,Desk,Furniture,4,15000,0,COMPLETED,Kolkata,West Bengal,UPI
102704,2026-08-26,109,Sneha,508,Mobile,Electronics,4,25000,0,CANCELLED,Delhi,Delhi,CARD
102705,2026-08-11,104,Kumar,509,Monitor,Electronics,5,20000,1000,RETURNED,Bangalore,Karnataka,UPI
102706,2026-08-25,105,Priya,504,Keyboard,Electronics,3,3000,2000,COMPLETED,Mumbai,Maharashtra,CARD
102707,2026-08-26,104,Kumar,510,Bookshelf,Furniture,3,12000,500,COMPLETED,Bangalore,Karnataka,UPI
102708,2026-08-16,101,Ravi,503,Chair,Furniture,2,8000,0,COMPLETED,Hyderabad,Telangana,COD
102709,2026-08-30,110,Vikram,507,Desk,Furniture,4,15000,0,COMPLETED,Kolkata,West Bengal,UPI
102710,2026-08-07,107,Lakshmi,509,Monitor,Electronics,1,20000,0,CANCELLED,Chennai,Tamil Nadu,CARD
102711,2026-08-27,110,Vikram,506,Headphones,Electronics,1,5000,0,COMPLETED,Kolkata,West Bengal,COD
102712,2026-08-20,109,Sneha,501,Laptop,Electronics,3,60000,0,COMPLETED,Delhi,Delhi,UPI
102713,2026-08-15,106,Ramesh,501,Laptop,Electronics,4,60000,100,COMPLETED,Pune,Maharashtra,CARD
102714,2026-08-21,110,Vikram,508,Mobile,Electronics,4,25000,100,COMPLETED,Kolkata,West Bengal,NET_BANKING
102715,2026-08-09,104,Kumar,505,Table,Furniture,1,10000,5000,COMPLETED,Bangalore,Karnataka,COD
102716,2026-08-13,110,Vikram,505,Table,Furniture,2,10000,0,CANCELLED,Kolkata,West Bengal,COD
102717,2026-08-25,103,Sita,507,Desk,Furniture,4,15000,100,COMPLETED,Chennai,Tamil Nadu,CARD
102718,2026-08-18,106,Ramesh,501,Laptop,Electronics,1,60000,5000,CANCELLED,Pune,Maharashtra,COD
102719,2026-08-06,107,Lakshmi,501,Laptop,Electronics,5,60000,0,RETURNED,Chennai,Tamil Nadu,NET_BANKING
102720,2026-08-30,101,Ravi,507,Desk,Furniture,5,15000,500,COMPLETED,Hyderabad,Telangana,CARD
102721,2026-08-15,104,Kumar,504,Keyboard,Electronics,2,3000,0,COMPLETED,Bangalore,Karnataka,NET_BANKING
102722,2026-08-07,106,Ramesh,503,Chair,Furniture,3,8000,2000,COMPLETED,Pune,Maharashtra,COD
102723,2026-08-15,109,Sneha,502,Mouse,Electronics,1,1000,200,COMPLETED,Delhi,Delhi,UPI
102724,2026-08-06,102,Anil,510,Bookshelf,Furniture,1,12000,2000,COMPLETED,Hyderabad,Telangana,CARD
102725,2026-08-27,107,Lakshmi,504,Keyboard,Electronics,5,3000,1000,COMPLETED,Chennai,Tamil Nadu,COD
102726,2026-08-19,108,Arjun,509,Monitor,Electronics,3,20000,2000,COMPLETED,Hyderabad,Telangana,CARD
102727,2026-08-03,104,Kumar,508,Mobile,Electronics,5,25000,500,COMPLETED,Bangalore,Karnataka,NET_BANKING
102728,2026-08-24,110,Vikram,501,Laptop,Electronics,2,60000,1000,COMPLETED,Kolkata,West Bengal,CARD
102729,2026-08-17,107,Lakshmi,505,Table,Furniture,1,10000,0,COMPLETED,Chennai,Tamil Nadu,NET_BANKING
102730,2026-08-08,105,Priya,501,Laptop,Electronics,4,60000,200,CANCELLED,Mumbai,Maharashtra,NET_BANKING
102731,2026-08-16,102,Anil,507,Desk,Furniture,5,15000,0,COMPLETED,Hyderabad,Telangana,COD
102732,2026-08-06,108,Arjun,509,Monitor,Electronics,2,20000,0,COMPLETED,Hyderabad,Telangana,CARD
102733,2026-08-29,102,Anil,508,Mobile,Electronics,5,25000,100,COMPLETED,Hyderabad,Telangana,CARD
102734,2026-08-30,105,Priya,509,Monitor,Electronics,4,20000,100,COMPLETED,Mumbai,Maharashtra,NET_BANKING
102735,2026-08-15,108,Arjun,510,Bookshelf,Furniture,2,12000,2000,COMPLETED,Hyderabad,Telangana,CARD
102736,2026-08-06,102,Anil,509,Monitor,Electronics,5,20000,1000,COMPLETED,Hyderabad,Telangana,UPI
102737,2026-08-19,106,Ramesh,504,Keyboard,Electronics,4,3000,0,COMPLETED,Pune,Maharashtra,COD
102738,2026-08-15,107,Lakshmi,502,Mouse,Electronics,4,1000,0,COMPLETED,Chennai,Tamil Nadu,COD
102739,2026-08-17,104,Kumar,507,Desk,Furniture,2,15000,0,COMPLETED,Bangalore,Karnataka,UPI
102740,2026-08-05,107,Lakshmi,509,Monitor,Electronics,1,20000,100,COMPLETED,Chennai,Tamil Nadu,CARD
102741,2026-08-22,106,Ramesh,506,Headphones,Electronics,2,5000,0,COMPLETED,Pune,Maharashtra,NET_BANKING
102742,2026-08-18,101,Ravi,506,Headphones,Electronics,4,5000,0,CANCELLED,Hyderabad,Telangana,NET_BANKING
102743,2026-08-05,107,Lakshmi,510,Bookshelf,Furniture,1,12000,100,COMPLETED,Chennai,Tamil Nadu,CARD
102744,2026-08-13,106,Ramesh,510,Bookshelf,Furniture,4,12000,0,COMPLETED,Pune,Maharashtra,NET_BANKING
102745,2026-08-20,104,Kumar,507,Desk,Furniture,5,15000,500,COMPLETED,Bangalore,Karnataka,UPI
102746,2026-08-29,103,Sita,503,Chair,Furniture,1,8000,1000,COMPLETED,Chennai,Tamil Nadu,CARD
102747,2026-08-24,109,Sneha,507,Desk,Furniture,5,15000,500,COMPLETED,Delhi,Delhi,NET_BANKING
102748,2026-08-29,103,Sita,505,Table,Furniture,5,10000,1000,CANCELLED,Chennai,Tamil Nadu,UPI
102749,2026-08-12,102,Anil,505,Table,Furniture,4,10000,5000,RETURNED,Hyderabad,Telangana,UPI
102750,2026-08-12,108,Arjun,502,Mouse,Electronics,2,1000,200,COMPLETED,Hyderabad,Telangana,COD
102751,2026-08-16,108,Arjun,507,Desk,Furniture,2,15000,100,COMPLETED,Hyderabad,Telangana,COD
102752,2026-08-25,105,Priya,507,Desk,Furniture,1,15000,0,CANCELLED,Mumbai,Maharashtra,COD
102753,2026-08-18,108,Arjun,510,Bookshelf,Furniture,4,12000,2000,COMPLETED,Hyderabad,Telangana,CARD
102754,2026-08-30,110,Vikram,510,Bookshelf,Furniture,4,12000,5000,CANCELLED,Kolkata,West Bengal,CARD
102755,2026-08-17,103,Sita,506,Headphones,Electronics,5,5000,200,COMPLETED,Chennai,Tamil Nadu,UPI
102756,2026-08-22,109,Sneha,506,Headphones,Electronics,5,5000,0,COMPLETED,Delhi,Delhi,CARD
102757,2026-08-02,104,Kumar,506,Headphones,Electronics,3,5000,0,COMPLETED,Bangalore,Karnataka,NET_BANKING
102758,2026-08-24,107,Lakshmi,507,Desk,Furniture,5,15000,1000,CANCELLED,Chennai,Tamil Nadu,COD
102759,2026-08-01,110,Vikram,501,Laptop,Electronics,1,60000,100,COMPLETED,Kolkata,West Bengal,CARD
102760,2026-08-09,106,Ramesh,506,Headphones,Electronics,3,5000,100,COMPLETED,Pune,Maharashtra,COD
102761,2026-08-13,108,Arjun,510,Bookshelf,Furniture,2,12000,100,COMPLETED,Hyderabad,Telangana,NET_BANKING
102762,2026-08-21,103,Sita,504,Keyboard,Electronics,2,3000,500,COMPLETED,Chennai,Tamil Nadu,CARD
102763,2026-08-31,104,Kumar,509,Monitor,Electronics,5,20000,0,COMPLETED,Bangalore,Karnataka,COD
102764,2026-08-03,103,Sita,505,Table,Furniture,3,10000,100,COMPLETED,Chennai,Tamil Nadu,NET_BANKING
102765,2026-08-30,108,Arjun,503,Chair,Furniture,3,8000,2000,COMPLETED,Hyderabad,Telangana,CARD
102766,2026-08-08,107,Lakshmi,510,Bookshelf,Furniture,2,12000,1000,COMPLETED,Chennai,Tamil Nadu,NET_BANKING
102767,2026-08-28,102,Anil,504,Keyboard,Electronics,5,3000,0,COMPLETED,Hyderabad,Telangana,COD
102768,2026-08-01,106,Ramesh,506,Headphones,Electronics,4,5000,500,COMPLETED,Pune,Maharashtra,NET_BANKING
102769,2026-08-11,101,Ravi,510,Bookshelf,Furniture,4,12000,500,COMPLETED,Hyderabad,Telangana,CARD
102770,2026-08-10,101,Ravi,504,Keyboard,Electronics,5,3000,0,CANCELLED,Hyderabad,Telangana,UPI
102771,2026-08-20,102,Anil,508,Mobile,Electronics,4,25000,100,COMPLETED,Hyderabad,Telangana,CARD
102772,2026-08-19,109,Sneha,506,Headphones,Electronics,2,5000,500,COMPLETED,Delhi,Delhi,UPI
102773,2026-08-13,106,Ramesh,504,Keyboard,Electronics,3,3000,0,COMPLETED,Pune,Maharashtra,NET_BANKING
102774,2026-08-11,108,Arjun,502,Mouse,Electronics,3,1000,200,COMPLETED,Hyderabad,Telangana,CARD
102775,2026-08-20,103,Sita,506,Headphones,Electronics,2,5000,2000,COMPLETED,Chennai,Tamil Nadu,UPI
102776,2026-08-15,104,Kumar,507,Desk,Furniture,3,15000,0,COMPLETED,Bangalore,Karnataka,NET_BANKING
102777,2026-08-10,103,Sita,502,Mouse,Electronics,1,1000,0,RETURNED,Chennai,Tamil Nadu,NET_BANKING
102778,2026-08-13,103,Sita,508,Mobile,Electronics,5,25000,0,CANCELLED,Chennai,Tamil Nadu,COD
102779,2026-08-20,109,Sneha,501,Laptop,Electronics,2,60000,5000,COMPLETED,Delhi,Delhi,NET_BANKING
102780,2026-08-08,106,Ramesh,503,Chair,Furniture,5,8000,1000,COMPLETED,Pune,Maharashtra,CARD
102781,2026-08-18,103,Sita,506,Headphones,Electronics,4,5000,2000,COMPLETED,Chennai,Tamil Nadu,NET_BANKING
102782,2026-08-14,110,Vikram,509,Monitor,Electronics,4,20000,5000,COMPLETED,Kolkata,West Bengal,NET_BANKING
102783,2026-08-16,103,Sita,503,Chair,Furniture,3,8000,1000,CANCELLED,Chennai,Tamil Nadu,NET_BANKING
102784,2026-08-24,109,Sneha,506,Headphones,Electronics,5,5000,2000,COMPLETED,Delhi,Delhi,NET_BANKING
102785,2026-08-06,110,Vikram,505,Table,Furniture,5,10000,100,COMPLETED,Kolkata,West Bengal,UPI
102786,2026-08-11,102,Anil,507,Desk,Furniture,1,15000,100,COMPLETED,Hyderabad,Telangana,UPI
102787,2026-08-26,101,Ravi,503,Chair,Furniture,3,8000,1000,COMPLETED,Hyderabad,Telangana,CARD
102788,2026-08-03,110,Vikram,504,Keyboard,Electronics,2,3000,100,COMPLETED,Kolkata,West Bengal,UPI
102789,2026-08-03,106,Ramesh,506,Headphones,Electronics,2,5000,0,COMPLETED,Pune,Maharashtra,NET_BANKING
102790,2026-08-17,108,Arjun,501,Laptop,Electronics,2,60000,2000,COMPLETED,Hyderabad,Telangana,CARD
102791,2026-08-10,102,Anil,505,Table,Furniture,3,10000,2000,COMPLETED,Hyderabad,Telangana,COD
102792,2026-08-31,103,Sita,508,Mobile,Electronics,2,25000,2000,COMPLETED,Chennai,Tamil Nadu,COD
102793,2026-08-05,105,Priya,507,Desk,Furniture,1,15000,100,COMPLETED,Mumbai,Maharashtra,CARD
102794,2026-08-07,106,Ramesh,505,Table,Furniture,1,10000,200,COMPLETED,Pune,Maharashtra,UPI
102795,2026-08-27,103,Sita,504,Keyboard,Electronics,1,3000,100,COMPLETED,Chennai,Tamil Nadu,CARD
102796,2026-08-20,101,Ravi,505,Table,Furniture,1,10000,0,COMPLETED,Hyderabad,Telangana,UPI
102797,2026-08-08,102,Anil,509,Monitor,Electronics,4,20000,500,COMPLETED,Hyderabad,Telangana,CARD
102798,2026-08-15,104,Kumar,509,Monitor,Electronics,3,20000,0,COMPLETED,Bangalore,Karnataka,CARD
102799,2026-08-17,108,Arjun,507,Desk,Furniture,1,15000,5000,COMPLETED,Hyderabad,Telangana,CARD
102800,2026-08-15,106,Ramesh,508,Mobile,Electronics,3,25000,500,RETURNED,Pune,Maharashtra,NET_BANKING
102801,2026-08-16,109,Sneha,505,Table,Furniture,2,10000,2000,COMPLETED,Delhi,Delhi,UPI
102802,2026-08-20,106,Ramesh,503,Chair,Furniture,1,8000,5000,COMPLETED,Pune,Maharashtra,CARD
102803,2026-08-02,102,Anil,507,Desk,Furniture,5,15000,100,CANCELLED,Hyderabad,Telangana,COD
102804,2026-08-06,102,Anil,508,Mobile,Electronics,1,25000,5000,CANCELLED,Hyderabad,Telangana,CARD
102805,2026-08-26,104,Kumar,508,Mobile,Electronics,2,25000,100,COMPLETED,Bangalore,Karnataka,NET_BANKING
102806,2026-08-05,103,Sita,503,Chair,Furniture,5,8000,200,CANCELLED,Chennai,Tamil Nadu,COD
102807,2026-08-24,103,Sita,502,Mouse,Electronics,4,1000,1000,COMPLETED,Chennai,Tamil Nadu,UPI
102808,2026-08-18,105,Priya,504,Keyboard,Electronics,5,3000,100,COMPLETED,Mumbai,Maharashtra,CARD
102809,2026-08-23,106,Ramesh,506,Headphones,Electronics,2,5000,200,COMPLETED,Pune,Maharashtra,NET_BANKING
102810,2026-08-04,105,Priya,507,Desk,Furniture,4,15000,5000,CANCELLED,Mumbai,Maharashtra,COD
102811,2026-08-26,104,Kumar,503,Chair,Furniture,4,8000,500,COMPLETED,Bangalore,Karnataka,UPI
102812,2026-08-09,110,Vikram,506,Headphones,Electronics,3,5000,5000,COMPLETED,Kolkata,West Bengal,UPI
102813,2026-08-20,103,Sita,508,Mobile,Electronics,5,25000,5000,COMPLETED,Chennai,Tamil Nadu,CARD
102814,2026-08-15,110,Vikram,503,Chair,Furniture,1,8000,100,COMPLETED,Kolkata,West Bengal,NET_BANKING
102815,2026-08-15,104,Kumar,510,Bookshelf,Furniture,5,12000,5000,CANCELLED,Bangalore,Karnataka,UPI
102816,2026-08-23,104,Kumar,508,Mobile,Electronics,3,25000,100,COMPLETED,Bangalore,Karnataka,CARD
102817,2026-08-01,103,Sita,503,Chair,Furniture,1,8000,100,COMPLETED,Chennai,Tamil Nadu,COD
102818,2026-08-07,101,Ravi,509,Monitor,Electronics,2,20000,0,COMPLETED,Hyderabad,Telangana,NET_BANKING
102819,2026-08-20,109,Sneha,508,Mobile,Electronics,4,25000,5000,COMPLETED,Delhi,Delhi,CARD
102820,2026-08-12,106,Ramesh,509,Monitor,Electronics,2,20000,200,COMPLETED,Pune,Maharashtra,COD
102821,2026-08-07,101,Ravi,501,Laptop,Electronics,1,60000,500,COMPLETED,Hyderabad,Telangana,CARD
102822,2026-08-27,107,Lakshmi,502,Mouse,Electronics,5,1000,1000,COMPLETED,Chennai,Tamil Nadu,COD
102823,2026-08-27,102,Anil,506,Headphones,Electronics,2,5000,200,CANCELLED,Hyderabad,Telangana,UPI
102824,2026-08-21,101,Ravi,503,Chair,Furniture,5,8000,100,RETURNED,Hyderabad,Telangana,NET_BANKING
102825,2026-08-10,101,Ravi,502,Mouse,Electronics,2,1000,5000,COMPLETED,Hyderabad,Telangana,CARD
102826,2026-08-27,101,Ravi,510,Bookshelf,Furniture,2,12000,0,COMPLETED,Hyderabad,Telangana,COD
102827,2026-08-07,108,Arjun,502,Mouse,Electronics,5,1000,5000,COMPLETED,Hyderabad,Telangana,UPI
102828,2026-08-02,103,Sita,507,Desk,Furniture,2,15000,100,COMPLETED,Chennai,Tamil Nadu,CARD
102829,2026-08-28,103,Sita,502,Mouse,Electronics,4,1000,2000,COMPLETED,Chennai,Tamil Nadu,CARD
102830,2026-08-20,101,Ravi,502,Mouse,Electronics,1,1000,0,COMPLETED,Hyderabad,Telangana,COD
102831,2026-08-05,107,Lakshmi,502,Mouse,Electronics,2,1000,0,COMPLETED,Chennai,Tamil Nadu,UPI
102832,2026-08-24,108,Arjun,503,Chair,Furniture,3,8000,5000,COMPLETED,Hyderabad,Telangana,CARD
102833,2026-08-02,110,Vikram,504,Keyboard,Electronics,3,3000,200,COMPLETED,Kolkata,West Bengal,COD
102834,2026-08-18,106,Ramesh,504,Keyboard,Electronics,1,3000,100,COMPLETED,Pune,Maharashtra,NET_BANKING
102835,2026-08-05,109,Sneha,502,Mouse,Electronics,3,1000,100,COMPLETED,Delhi,Delhi,UPI
102836,2026-08-26,105,Priya,501,Laptop,Electronics,5,60000,2000,COMPLETED,Mumbai,Maharashtra,CARD
102837,2026-08-19,106,Ramesh,501,Laptop,Electronics,3,60000,100,COMPLETED,Pune,Maharashtra,NET_BANKING
102838,2026-08-01,107,Lakshmi,503,Chair,Furniture,5,8000,200,CANCELLED,Chennai,Tamil Nadu,NET_BANKING
102839,2026-08-27,106,Ramesh,507,Desk,Furniture,1,15000,0,COMPLETED,Pune,Maharashtra,NET_BANKING
102840,2026-08-16,103,Sita,510,Bookshelf,Furniture,1,12000,0,COMPLETED,Chennai,Tamil Nadu,COD
102841,2026-08-09,102,Anil,503,Chair,Furniture,2,8000,2000,COMPLETED,Hyderabad,Telangana,NET_BANKING
102842,2026-08-13,109,Sneha,506,Headphones,Electronics,3,5000,100,COMPLETED,Delhi,Delhi,UPI
102843,2026-08-29,105,Priya,502,Mouse,Electronics,2,1000,0,COMPLETED,Mumbai,Maharashtra,COD
102844,2026-08-04,101,Ravi,507,Desk,Furniture,3,15000,100,COMPLETED,Hyderabad,Telangana,CARD
102845,2026-08-09,109,Sneha,508,Mobile,Electronics,1,25000,100,COMPLETED,Delhi,Delhi,UPI
102846,2026-08-14,108,Arjun,502,Mouse,Electronics,4,1000,0,COMPLETED,Hyderabad,Telangana,CARD
102847,2026-08-28,103,Sita,503,Chair,Furniture,3,8000,0,COMPLETED,Chennai,Tamil Nadu,NET_BANKING
102848,2026-08-27,105,Priya,503,Chair,Furniture,1,8000,200,CANCELLED,Mumbai,Maharashtra,NET_BANKING
102849,2026-08-02,101,Ravi,504,Keyboard,Electronics,1,3000,0,COMPLETED,Hyderabad,Telangana,NET_BANKING
102850,2026-08-19,107,Lakshmi,508,Mobile,Electronics,4,25000,1000,COMPLETED,Chennai,Tamil Nadu,NET_BANKING
102851,2026-08-12,110,Vikram,502,Mouse,Electronics,4,1000,1000,COMPLETED,Kolkata,West Bengal,NET_BANKING
102852,2026-08-31,107,Lakshmi,503,Chair,Furniture,2,8000,500,COMPLETED,Chennai,Tamil Nadu,UPI
102853,2026-08-15,103,Sita,505,Table,Furniture,4,10000,0,COMPLETED,Chennai,Tamil Nadu,UPI
102854,2026-08-25,109,Sneha,501,Laptop,Electronics,1,60000,0,COMPLETED,Delhi,Delhi,CARD
102855,2026-08-18,101,Ravi,507,Desk,Furniture,2,15000,0,COMPLETED,Hyderabad,Telangana,COD
102856,2026-08-16,105,Priya,502,Mouse,Electronics,2,1000,2000,COMPLETED,Mumbai,Maharashtra,UPI
102857,2026-08-17,109,Sneha,501,Laptop,Electronics,1,60000,1000,COMPLETED,Delhi,Delhi,UPI
102858,2026-08-01,103,Sita,510,Bookshelf,Furniture,1,12000,1000,CANCELLED,Chennai,Tamil Nadu,UPI
102859,2026-08-07,108,Arjun,502,Mouse,Electronics,5,1000,0,COMPLETED,Hyderabad,Telangana,COD
102860,2026-08-02,102,Anil,504,Keyboard,Electronics,4,3000,200,COMPLETED,Hyderabad,Telangana,UPI
102861,2026-08-12,101,Ravi,505,Table,Furniture,5,10000,500,COMPLETED,Hyderabad,Telangana,NET_BANKING
102862,2026-08-06,104,Kumar,507,Desk,Furniture,1,15000,200,COMPLETED,Bangalore,Karnataka,UPI
102863,2026-08-06,110,Vikram,507,Desk,Furniture,3,15000,1000,COMPLETED,Kolkata,West Bengal,COD
102864,2026-08-09,107,Lakshmi,510,Bookshelf,Furniture,4,12000,0,COMPLETED,Chennai,Tamil Nadu,UPI
102865,2026-08-11,109,Sneha,501,Laptop,Electronics,2,60000,200,COMPLETED,Delhi,Delhi,COD
102866,2026-08-30,103,Sita,508,Mobile,Electronics,3,25000,2000,COMPLETED,Chennai,Tamil Nadu,COD
102867,2026-08-12,103,Sita,502,Mouse,Electronics,5,1000,0,COMPLETED,Chennai,Tamil Nadu,CARD
102868,2026-08-01,103,Sita,508,Mobile,Electronics,1,25000,0,COMPLETED,Chennai,Tamil Nadu,COD
102869,2026-08-04,107,Lakshmi,507,Desk,Furniture,3,15000,1000,COMPLETED,Chennai,Tamil Nadu,UPI
102870,2026-08-02,102,Anil,502,Mouse,Electronics,4,1000,5000,CANCELLED,Hyderabad,Telangana,COD
102871,2026-08-02,102,Anil,505,Table,Furniture,1,10000,500,COMPLETED,Hyderabad,Telangana,CARD
102872,2026-08-03,109,Sneha,509,Monitor,Electronics,5,20000,500,COMPLETED,Delhi,Delhi,UPI
102873,2026-08-22,106,Ramesh,504,Keyboard,Electronics,1,3000,1000,COMPLETED,Pune,Maharashtra,UPI
102874,2026-08-20,105,Priya,510,Bookshelf,Furniture,5,12000,0,COMPLETED,Mumbai,Maharashtra,NET_BANKING
102875,2026-08-30,110,Vikram,508,Mobile,Electronics,4,25000,5000,COMPLETED,Kolkata,West Bengal,CARD
102876,2026-08-15,102,Anil,504,Keyboard,Electronics,5,3000,5000,CANCELLED,Hyderabad,Telangana,UPI
102877,2026-08-20,107,Lakshmi,507,Desk,Furniture,5,15000,500,COMPLETED,Chennai,Tamil Nadu,COD
102878,2026-08-05,107,Lakshmi,502,Mouse,Electronics,2,1000,5000,COMPLETED,Chennai,Tamil Nadu,UPI
102879,2026-08-19,108,Arjun,508,Mobile,Electronics,3,25000,200,COMPLETED,Hyderabad,Telangana,CARD
102880,2026-08-06,106,Ramesh,507,Desk,Furniture,2,15000,500,COMPLETED,Pune,Maharashtra,UPI
102881,2026-08-26,110,Vikram,508,Mobile,Electronics,1,25000,0,CANCELLED,Kolkata,West Bengal,NET_BANKING
102882,2026-08-28,103,Sita,507,Desk,Furniture,2,15000,0,COMPLETED,Chennai,Tamil Nadu,COD
102883,2026-08-15,101,Ravi,509,Monitor,Electronics,5,20000,100,COMPLETED,Hyderabad,Telangana,UPI
102884,2026-08-27,107,Lakshmi,501,Laptop,Electronics,2,60000,0,COMPLETED,Chennai,Tamil Nadu,NET_BANKING
102885,2026-08-31,102,Anil,509,Monitor,Electronics,1,20000,200,COMPLETED,Hyderabad,Telangana,COD
102886,2026-08-03,103,Sita,502,Mouse,Electronics,4,1000,0,CANCELLED,Chennai,Tamil Nadu,NET_BANKING
102887,2026-08-27,109,Sneha,501,Laptop,Electronics,1,60000,2000,COMPLETED,Delhi,Delhi,NET_BANKING
102888,2026-08-06,109,Sneha,503,Chair,Furniture,1,8000,5000,COMPLETED,Delhi,Delhi,CARD
102889,2026-08-17,110,Vikram,508,Mobile,Electronics,3,25000,5000,COMPLETED,Kolkata,West Bengal,CARD
102890,2026-08-09,101,Ravi,501,Laptop,Electronics,5,60000,0,COMPLETED,Hyderabad,Telangana,COD
102891,2026-08-22,106,Ramesh,508,Mobile,Electronics,1,25000,100,COMPLETED,Pune,Maharashtra,COD
102892,2026-08-10,110,Vikram,502,Mouse,Electronics,5,1000,2000,COMPLETED,Kolkata,West Bengal,UPI
102893,2026-08-29,103,Sita,509,Monitor,Electronics,4,20000,500,COMPLETED,Chennai,Tamil Nadu,COD
102894,2026-08-05,109,Sneha,509,Monitor,Electronics,4,20000,2000,COMPLETED,Delhi,Delhi,COD
102895,2026-08-02,101,Ravi,505,Table,Furniture,5,10000,1000,COMPLETED,Hyderabad,Telangana,UPI
102896,2026-08-26,105,Priya,502,Mouse,Electronics,5,1000,2000,COMPLETED,Mumbai,Maharashtra,NET_BANKING
102897,2026-08-16,107,Lakshmi,501,Laptop,Electronics,5,60000,200,COMPLETED,Chennai,Tamil Nadu,COD
102898,2026-08-18,105,Priya,509,Monitor,Electronics,2,20000,1000,CANCELLED,Mumbai,Maharashtra,COD
102899,2026-08-25,106,Ramesh,502,Mouse,Electronics,4,1000,2000,COMPLETED,Pune,Maharashtra,NET_BANKING
102900,2026-08-30,101,Ravi,510,Bookshelf,Furniture,4,12000,500,COMPLETED,Hyderabad,Telangana,COD
102901,2026-08-08,107,Lakshmi,509,Monitor,Electronics,3,20000,2000,COMPLETED,Chennai,Tamil Nadu,NET_BANKING
102902,2026-08-10,108,Arjun,509,Monitor,Electronics,2,20000,0,COMPLETED,Hyderabad,Telangana,UPI
102903,2026-08-11,103,Sita,509,Monitor,Electronics,1,20000,2000,COMPLETED,Chennai,Tamil Nadu,CARD
102904,2026-08-25,106,Ramesh,510,Bookshelf,Furniture,2,12000,2000,COMPLETED,Pune,Maharashtra,CARD
102905,2026-08-31,101,Ravi,509,Monitor,Electronics,5,20000,200,COMPLETED,Hyderabad,Telangana,COD
102906,2026-08-08,109,Sneha,509,Monitor,Electronics,5,20000,0,COMPLETED,Delhi,Delhi,CARD
102907,2026-08-16,105,Priya,507,Desk,Furniture,2,15000,5000,COMPLETED,Mumbai,Maharashtra,UPI
102908,2026-08-20,107,Lakshmi,501,Laptop,Electronics,1,60000,0,COMPLETED,Chennai,Tamil Nadu,UPI
102909,2026-08-19,104,Kumar,502,Mouse,Electronics,2,1000,1000,COMPLETED,Bangalore,Karnataka,CARD
102910,2026-08-04,104,Kumar,507,Desk,Furniture,2,15000,200,COMPLETED,Bangalore,Karnataka,COD
102911,2026-08-06,101,Ravi,506,Headphones,Electronics,2,5000,0,COMPLETED,Hyderabad,Telangana,NET_BANKING
102912,2026-08-04,109,Sneha,509,Monitor,Electronics,4,20000,1000,RETURNED,Delhi,Delhi,UPI
102913,2026-08-30,103,Sita,506,Headphones,Electronics,3,5000,500,COMPLETED,Chennai,Tamil Nadu,CARD
102914,2026-08-20,105,Priya,502,Mouse,Electronics,1,1000,2000,COMPLETED,Mumbai,Maharashtra,UPI
102915,2026-08-09,104,Kumar,505,Table,Furniture,1,10000,2000,COMPLETED,Bangalore,Karnataka,UPI
102916,2026-08-29,108,Arjun,508,Mobile,Electronics,1,25000,100,CANCELLED,Hyderabad,Telangana,NET_BANKING
102917,2026-08-19,110,Vikram,509,Monitor,Electronics,5,20000,0,COMPLETED,Kolkata,West Bengal,UPI
102918,2026-08-27,107,Lakshmi,508,Mobile,Electronics,5,25000,100,COMPLETED,Chennai,Tamil Nadu,NET_BANKING
102919,2026-08-09,102,Anil,508,Mobile,Electronics,4,25000,0,COMPLETED,Hyderabad,Telangana,NET_BANKING
102920,2026-08-30,110,Vikram,503,Chair,Furniture,4,8000,2000,COMPLETED,Kolkata,West Bengal,COD
102921,2026-08-20,110,Vikram,509,Monitor,Electronics,2,20000,2000,CANCELLED,Kolkata,West Bengal,COD
102922,2026-08-13,105,Priya,509,Monitor,Electronics,5,20000,500,CANCELLED,Mumbai,Maharashtra,UPI
102923,2026-08-19,106,Ramesh,506,Headphones,Electronics,3,5000,1000,COMPLETED,Pune,Maharashtra,UPI
102924,2026-08-20,102,Anil,502,Mouse,Electronics,2,1000,100,COMPLETED,Hyderabad,Telangana,COD
102925,2026-08-23,106,Ramesh,504,Keyboard,Electronics,4,3000,0,COMPLETED,Pune,Maharashtra,UPI
102926,2026-08-03,102,Anil,508,Mobile,Electronics,4,25000,0,COMPLETED,Hyderabad,Telangana,COD
102927,2026-08-11,104,Kumar,507,Desk,Furniture,2,15000,2000,CANCELLED,Bangalore,Karnataka,CARD
102928,2026-08-19,102,Anil,509,Monitor,Electronics,3,20000,1000,COMPLETED,Hyderabad,Telangana,UPI
102929,2026-08-01,107,Lakshmi,508,Mobile,Electronics,1,25000,0,COMPLETED,Chennai,Tamil Nadu,NET_BANKING
102930,2026-08-17,103,Sita,505,Table,Furniture,5,10000,500,COMPLETED,Chennai,Tamil Nadu,UPI
102931,2026-08-13,105,Priya,507,Desk,Furniture,3,15000,2000,COMPLETED,Mumbai,Maharashtra,COD
102932,2026-08-11,107,Lakshmi,501,Laptop,Electronics,4,60000,500,COMPLETED,Chennai,Tamil Nadu,UPI
102933,2026-08-14,105,Priya,506,Headphones,Electronics,3,5000,5000,RETURNED,Mumbai,Maharashtra,COD
102934,2026-08-29,106,Ramesh,509,Monitor,Electronics,1,20000,5000,COMPLETED,Pune,Maharashtra,NET_BANKING
102935,2026-08-26,104,Kumar,504,Keyboard,Electronics,5,3000,0,COMPLETED,Bangalore,Karnataka,CARD
102936,2026-08-09,104,Kumar,506,Headphones,Electronics,4,5000,2000,COMPLETED,Bangalore,Karnataka,CARD
102937,2026-08-23,107,Lakshmi,506,Headphones,Electronics,3,5000,0,COMPLETED,Chennai,Tamil Nadu,COD
102938,2026-08-20,106,Ramesh,510,Bookshelf,Furniture,3,12000,200,COMPLETED,Pune,Maharashtra,UPI
102939,2026-08-28,107,Lakshmi,503,Chair,Furniture,2,8000,0,COMPLETED,Chennai,Tamil Nadu,CARD
102940,2026-08-31,105,Priya,503,Chair,Furniture,4,8000,2000,COMPLETED,Mumbai,Maharashtra,COD
102941,2026-08-05,105,Priya,507,Desk,Furniture,3,15000,0,COMPLETED,Mumbai,Maharashtra,UPI
102942,2026-08-06,102,Anil,502,Mouse,Electronics,3,1000,0,COMPLETED,Hyderabad,Telangana,NET_BANKING
102943,2026-08-18,109,Sneha,505,Table,Furniture,5,10000,2000,COMPLETED,Delhi,Delhi,UPI
102944,2026-08-04,109,Sneha,501,Laptop,Electronics,4,60000,2000,COMPLETED,Delhi,Delhi,COD
102945,2026-08-07,109,Sneha,503,Chair,Furniture,1,8000,100,COMPLETED,Delhi,Delhi,NET_BANKING
102946,2026-08-30,108,Arjun,501,Laptop,Electronics,3,60000,5000,COMPLETED,Hyderabad,Telangana,COD
102947,2026-08-21,105,Priya,503,Chair,Furniture,4,8000,0,COMPLETED,Mumbai,Maharashtra,UPI
102948,2026-08-07,103,Sita,501,Laptop,Electronics,5,60000,500,COMPLETED,Chennai,Tamil Nadu,COD
102949,2026-08-14,106,Ramesh,504,Keyboard,Electronics,3,3000,2000,RETURNED,Pune,Maharashtra,UPI
102950,2026-08-12,108,Arjun,509,Monitor,Electronics,2,20000,1000,COMPLETED,Hyderabad,Telangana,CARD
102951,2026-08-04,105,Priya,503,Chair,Furniture,5,8000,200,COMPLETED,Mumbai,Maharashtra,NET_BANKING
102952,2026-08-26,105,Priya,506,Headphones,Electronics,3,5000,0,COMPLETED,Mumbai,Maharashtra,COD
102953,2026-08-21,105,Priya,505,Table,Furniture,3,10000,500,COMPLETED,Mumbai,Maharashtra,COD
102954,2026-08-28,106,Ramesh,503,Chair,Furniture,2,8000,0,COMPLETED,Pune,Maharashtra,CARD
102955,2026-08-30,104,Kumar,503,Chair,Furniture,4,8000,500,RETURNED,Bangalore,Karnataka,COD
102956,2026-08-15,110,Vikram,502,Mouse,Electronics,4,1000,2000,RETURNED,Kolkata,West Bengal,CARD
102957,2026-08-21,104,Kumar,505,Table,Furniture,2,10000,5000,COMPLETED,Bangalore,Karnataka,UPI
102958,2026-08-18,104,Kumar,509,Monitor,Electronics,4,20000,100,COMPLETED,Bangalore,Karnataka,COD
102959,2026-08-21,106,Ramesh,501,Laptop,Electronics,5,60000,0,COMPLETED,Pune,Maharashtra,COD
102960,2026-08-09,104,Kumar,501,Laptop,Electronics,3,60000,200,COMPLETED,Bangalore,Karnataka,COD
102961,2026-08-11,110,Vikram,504,Keyboard,Electronics,5,3000,100,COMPLETED,Kolkata,West Bengal,CARD
102962,2026-08-29,106,Ramesh,504,Keyboard,Electronics,3,3000,0,COMPLETED,Pune,Maharashtra,UPI
102963,2026-08-23,109,Sneha,502,Mouse,Electronics,4,1000,5000,COMPLETED,Delhi,Delhi,NET_BANKING
102964,2026-08-27,109,Sneha,502,Mouse,Electronics,4,1000,1000,COMPLETED,Delhi,Delhi,NET_BANKING
102965,2026-08-30,105,Priya,505,Table,Furniture,3,10000,500,COMPLETED,Mumbai,Maharashtra,COD
102966,2026-08-07,101,Ravi,509,Monitor,Electronics,5,20000,1000,CANCELLED,Hyderabad,Telangana,UPI
102967,2026-08-20,108,Arjun,510,Bookshelf,Furniture,2,12000,5000,CANCELLED,Hyderabad,Telangana,UPI
102968,2026-08-08,101,Ravi,506,Headphones,Electronics,5,5000,0,COMPLETED,Hyderabad,Telangana,COD
102969,2026-08-22,109,Sneha,509,Monitor,Electronics,3,20000,2000,COMPLETED,Delhi,Delhi,COD
102970,2026-08-17,110,Vikram,509,Monitor,Electronics,2,20000,0,COMPLETED,Kolkata,West Bengal,NET_BANKING
102971,2026-08-23,108,Arjun,510,Bookshelf,Furniture,2,12000,5000,COMPLETED,Hyderabad,Telangana,NET_BANKING
102972,2026-08-09,108,Arjun,503,Chair,Furniture,4,8000,200,COMPLETED,Hyderabad,Telangana,UPI
102973,2026-08-24,110,Vikram,509,Monitor,Electronics,4,20000,500,COMPLETED,Kolkata,West Bengal,NET_BANKING
102974,2026-08-27,103,Sita,504,Keyboard,Electronics,5,3000,200,COMPLETED,Chennai,Tamil Nadu,COD
102975,2026-08-08,103,Sita,509,Monitor,Electronics,2,20000,0,COMPLETED,Chennai,Tamil Nadu,UPI
102976,2026-08-01,109,Sneha,508,Mobile,Electronics,4,25000,100,COMPLETED,Delhi,Delhi,CARD
102977,2026-08-28,103,Sita,509,Monitor,Electronics,5,20000,0,CANCELLED,Chennai,Tamil Nadu,CARD
102978,2026-08-04,103,Sita,503,Chair,Furniture,1,8000,0,COMPLETED,Chennai,Tamil Nadu,CARD
102979,2026-08-29,104,Kumar,503,Chair,Furniture,1,8000,0,COMPLETED,Bangalore,Karnataka,COD
102980,2026-08-13,108,Arjun,507,Desk,Furniture,1,15000,0,COMPLETED,Hyderabad,Telangana,COD
102981,2026-08-01,107,Lakshmi,502,Mouse,Electronics,5,1000,0,COMPLETED,Chennai,Tamil Nadu,CARD
102982,2026-08-26,106,Ramesh,507,Desk,Furniture,1,15000,500,COMPLETED,Pune,Maharashtra,CARD
102983,2026-08-30,109,Sneha,505,Table,Furniture,3,10000,200,COMPLETED,Delhi,Delhi,UPI
102984,2026-08-25,110,Vikram,509,Monitor,Electronics,1,20000,5000,COMPLETED,Kolkata,West Bengal,COD
102985,2026-08-07,109,Sneha,503,Chair,Furniture,3,8000,500,COMPLETED,Delhi,Delhi,NET_BANKING
102986,2026-08-01,102,Anil,501,Laptop,Electronics,2,60000,0,COMPLETED,Hyderabad,Telangana,COD
102987,2026-08-12,103,Sita,501,Laptop,Electronics,3,60000,1000,RETURNED,Chennai,Tamil Nadu,COD
102988,2026-08-11,108,Arjun,502,Mouse,Electronics,1,1000,0,COMPLETED,Hyderabad,Telangana,COD
102989,2026-08-09,107,Lakshmi,507,Desk,Furniture,1,15000,0,COMPLETED,Chennai,Tamil Nadu,COD
102990,2026-08-28,106,Ramesh,505,Table,Furniture,1,10000,0,CANCELLED,Pune,Maharashtra,CARD
102991,2026-08-26,105,Priya,501,Laptop,Electronics,4,60000,1000,COMPLETED,Mumbai,Maharashtra,COD
102992,2026-08-09,110,Vikram,510,Bookshelf,Furniture,5,12000,5000,COMPLETED,Kolkata,West Bengal,UPI
102993,2026-08-25,106,Ramesh,509,Monitor,Electronics,2,20000,2000,COMPLETED,Pune,Maharashtra,CARD
102994,2026-08-05,105,Priya,509,Monitor,Electronics,4,20000,2000,COMPLETED,Mumbai,Maharashtra,COD
102995,2026-08-26,110,Vikram,508,Mobile,Electronics,1,25000,200,COMPLETED,Kolkata,West Bengal,COD
102996,2026-08-17,109,Sneha,509,Monitor,Electronics,5,20000,0,COMPLETED,Delhi,Delhi,COD
102997,2026-08-12,110,Vikram,502,Mouse,Electronics,1,1000,1000,COMPLETED,Kolkata,West Bengal,COD
102998,2026-08-15,103,Sita,506,Headphones,Electronics,1,5000,5000,COMPLETED,Chennai,Tamil Nadu,UPI
102999,2026-08-05,110,Vikram,504,Keyboard,Electronics,1,3000,0,COMPLETED,Kolkata,West Bengal,COD
103000,2026-08-28,106,Ramesh,508,Mobile,Electronics,5,25000,100,COMPLETED,Pune,Maharashtra,UPI
103001,2026-08-18,105,Priya,502,Mouse,Electronics,1,1000,1000,COMPLETED,Mumbai,Maharashtra,UPI
103002,2026-08-11,108,Arjun,506,Headphones,Electronics,5,5000,1000,COMPLETED,Hyderabad,Telangana,COD
103003,2026-08-10,108,Arjun,508,Mobile,Electronics,1,25000,100,COMPLETED,Hyderabad,Telangana,NET_BANKING
103004,2026-08-06,107,Lakshmi,510,Bookshelf,Furniture,1,12000,0,COMPLETED,Chennai,Tamil Nadu,CARD
103005,2026-08-20,105,Priya,502,Mouse,Electronics,5,1000,2000,COMPLETED,Mumbai,Maharashtra,COD
103006,2026-08-06,105,Priya,503,Chair,Furniture,2,8000,5000,COMPLETED,Mumbai,Maharashtra,UPI
103007,2026-08-26,108,Arjun,501,Laptop,Electronics,3,60000,1000,COMPLETED,Hyderabad,Telangana,CARD
103008,2026-08-12,102,Anil,509,Monitor,Electronics,3,20000,1000,COMPLETED,Hyderabad,Telangana,UPI
103009,2026-08-25,106,Ramesh,507,Desk,Furniture,5,15000,100,COMPLETED,Pune,Maharashtra,CARD
103010,2026-08-16,103,Sita,506,Headphones,Electronics,1,5000,0,CANCELLED,Chennai,Tamil Nadu,UPI
103011,2026-08-08,102,Anil,507,Desk,Furniture,3,15000,2000,COMPLETED,Hyderabad,Telangana,UPI
103012,2026-08-07,108,Arjun,503,Chair,Furniture,2,8000,500,COMPLETED,Hyderabad,Telangana,CARD
103013,2026-08-30,109,Sneha,503,Chair,Furniture,5,8000,1000,CANCELLED,Delhi,Delhi,NET_BANKING
103014,2026-08-03,101,Ravi,501,Laptop,Electronics,4,60000,100,COMPLETED,Hyderabad,Telangana,NET_BANKING
103015,2026-08-03,108,Arjun,504,Keyboard,Electronics,2,3000,2000,COMPLETED,Hyderabad,Telangana,COD
103016,2026-08-01,109,Sneha,506,Headphones,Electronics,4,5000,0,COMPLETED,Delhi,Delhi,NET_BANKING
103017,2026-08-03,109,Sneha,501,Laptop,Electronics,1,60000,1000,COMPLETED,Delhi,Delhi,CARD
103018,2026-08-27,108,Arjun,502,Mouse,Electronics,1,1000,1000,COMPLETED,Hyderabad,Telangana,COD
103019,2026-08-24,102,Anil,501,Laptop,Electronics,3,60000,200,COMPLETED,Hyderabad,Telangana,UPI
103020,2026-08-07,110,Vikram,503,Chair,Furniture,1,8000,0,COMPLETED,Kolkata,West Bengal,UPI
103021,2026-08-11,107,Lakshmi,510,Bookshelf,Furniture,1,12000,0,COMPLETED,Chennai,Tamil Nadu,NET_BANKING
103022,2026-08-19,102,Anil,509,Monitor,Electronics,3,20000,1000,CANCELLED,Hyderabad,Telangana,NET_BANKING
103023,2026-08-26,104,Kumar,503,Chair,Furniture,5,8000,5000,COMPLETED,Bangalore,Karnataka,CARD
103024,2026-08-05,107,Lakshmi,506,Headphones,Electronics,5,5000,500,COMPLETED,Chennai,Tamil Nadu,COD
103025,2026-08-27,102,Anil,507,Desk,Furniture,1,15000,100,COMPLETED,Hyderabad,Telangana,CARD
103026,2026-08-03,105,Priya,509,Monitor,Electronics,2,20000,0,COMPLETED,Mumbai,Maharashtra,NET_BANKING
103027,2026-08-05,106,Ramesh,501,Laptop,Electronics,3,60000,2000,COMPLETED,Pune,Maharashtra,CARD
103028,2026-08-29,102,Anil,508,Mobile,Electronics,3,25000,200,CANCELLED,Hyderabad,Telangana,NET_BANKING
103029,2026-08-17,108,Arjun,505,Table,Furniture,2,10000,1000,COMPLETED,Hyderabad,Telangana,COD
103030,2026-08-13,109,Sneha,501,Laptop,Electronics,3,60000,2000,COMPLETED,Delhi,Delhi,COD
103031,2026-08-19,108,Arjun,504,Keyboard,Electronics,5,3000,200,CANCELLED,Hyderabad,Telangana,NET_BANKING
103032,2026-08-17,105,Priya,509,Monitor,Electronics,2,20000,500,COMPLETED,Mumbai,Maharashtra,NET_BANKING
103033,2026-08-30,104,Kumar,507,Desk,Furniture,3,15000,2000,COMPLETED,Bangalore,Karnataka,UPI
103034,2026-08-02,106,Ramesh,506,Headphones,Electronics,4,5000,5000,COMPLETED,Pune,Maharashtra,UPI
103035,2026-08-15,107,Lakshmi,506,Headphones,Electronics,5,5000,1000,COMPLETED,Chennai,Tamil Nadu,UPI
103036,2026-08-06,106,Ramesh,507,Desk,Furniture,2,15000,100,CANCELLED,Pune,Maharashtra,UPI
103037,2026-08-18,110,Vikram,501,Laptop,Electronics,3,60000,1000,COMPLETED,Kolkata,West Bengal,UPI
103038,2026-08-24,108,Arjun,505,Table,Furniture,1,10000,0,COMPLETED,Hyderabad,Telangana,UPI
103039,2026-08-15,102,Anil,502,Mouse,Electronics,5,1000,2000,COMPLETED,Hyderabad,Telangana,UPI
103040,2026-08-26,103,Sita,506,Headphones,Electronics,3,5000,5000,CANCELLED,Chennai,Tamil Nadu,COD
103041,2026-08-06,101,Ravi,503,Chair,Furniture,1,8000,2000,CANCELLED,Hyderabad,Telangana,NET_BANKING
103042,2026-08-27,104,Kumar,506,Headphones,Electronics,3,5000,0,CANCELLED,Bangalore,Karnataka,CARD
103043,2026-08-22,101,Ravi,502,Mouse,Electronics,2,1000,100,COMPLETED,Hyderabad,Telangana,NET_BANKING
103044,2026-08-28,110,Vikram,506,Headphones,Electronics,1,5000,0,COMPLETED,Kolkata,West Bengal,COD
103045,2026-08-11,101,Ravi,502,Mouse,Electronics,1,1000,1000,COMPLETED,Hyderabad,Telangana,CARD
103046,2026-08-09,106,Ramesh,510,Bookshelf,Furniture,4,12000,1000,COMPLETED,Pune,Maharashtra,COD
103047,2026-08-31,105,Priya,501,Laptop,Electronics,4,60000,0,RETURNED,Mumbai,Maharashtra,COD
103048,2026-08-15,104,Kumar,503,Chair,Furniture,5,8000,0,COMPLETED,Bangalore,Karnataka,NET_BANKING
103049,2026-08-22,101,Ravi,504,Keyboard,Electronics,1,3000,0,COMPLETED,Hyderabad,Telangana,COD
103050,2026-08-07,105,Priya,510,Bookshelf,Furniture,3,12000,0,COMPLETED,Mumbai,Maharashtra,UPI
103051,2026-08-12,101,Ravi,505,Table,Furniture,2,10000,0,COMPLETED,Hyderabad,Telangana,COD
103052,2026-08-20,101,Ravi,509,Monitor,Electronics,3,20000,0,COMPLETED,Hyderabad,Telangana,NET_BANKING
103053,2026-08-31,110,Vikram,502,Mouse,Electronics,2,1000,1000,COMPLETED,Kolkata,West Bengal,CARD
103054,2026-08-12,109,Sneha,506,Headphones,Electronics,2,5000,1000,CANCELLED,Delhi,Delhi,NET_BANKING
103055,2026-08-12,103,Sita,501,Laptop,Electronics,4,60000,0,COMPLETED,Chennai,Tamil Nadu,UPI
103056,2026-08-19,107,Lakshmi,508,Mobile,Electronics,5,25000,0,COMPLETED,Chennai,Tamil Nadu,UPI
103057,2026-08-14,107,Lakshmi,510,Bookshelf,Furniture,5,12000,0,COMPLETED,Chennai,Tamil Nadu,COD
103058,2026-08-09,108,Arjun,508,Mobile,Electronics,1,25000,200,COMPLETED,Hyderabad,Telangana,NET_BANKING
103059,2026-08-22,103,Sita,504,Keyboard,Electronics,2,3000,500,COMPLETED,Chennai,Tamil Nadu,NET_BANKING
103060,2026-08-01,104,Kumar,501,Laptop,Electronics,4,60000,5000,COMPLETED,Bangalore,Karnataka,COD
103061,2026-08-11,103,Sita,506,Headphones,Electronics,1,5000,200,COMPLETED,Chennai,Tamil Nadu,NET_BANKING
103062,2026-08-16,101,Ravi,502,Mouse,Electronics,2,1000,2000,COMPLETED,Hyderabad,Telangana,NET_BANKING
103063,2026-08-06,103,Sita,507,Desk,Furniture,3,15000,0,COMPLETED,Chennai,Tamil Nadu,NET_BANKING
103064,2026-08-02,103,Sita,510,Bookshelf,Furniture,2,12000,100,COMPLETED,Chennai,Tamil Nadu,CARD
103065,2026-08-28,105,Priya,506,Headphones,Electronics,1,5000,0,COMPLETED,Mumbai,Maharashtra,UPI
103066,2026-08-21,110,Vikram,501,Laptop,Electronics,4,60000,0,COMPLETED,Kolkata,West Bengal,CARD
103067,2026-08-18,101,Ravi,509,Monitor,Electronics,4,20000,500,COMPLETED,Hyderabad,Telangana,UPI
103068,2026-08-03,103,Sita,502,Mouse,Electronics,4,1000,2000,COMPLETED,Chennai,Tamil Nadu,CARD
103069,2026-08-30,103,Sita,510,Bookshelf,Furniture,1,12000,500,CANCELLED,Chennai,Tamil Nadu,NET_BANKING
103070,2026-08-25,108,Arjun,506,Headphones,Electronics,5,5000,5000,COMPLETED,Hyderabad,Telangana,CARD
103071,2026-08-19,102,Anil,503,Chair,Furniture,5,8000,2000,COMPLETED,Hyderabad,Telangana,CARD
103072,2026-08-08,107,Lakshmi,501,Laptop,Electronics,2,60000,2000,CANCELLED,Chennai,Tamil Nadu,CARD
103073,2026-08-15,101,Ravi,503,Chair,Furniture,3,8000,1000,COMPLETED,Hyderabad,Telangana,CARD
103074,2026-08-15,102,Anil,505,Table,Furniture,4,10000,0,CANCELLED,Hyderabad,Telangana,CARD
103075,2026-08-04,101,Ravi,508,Mobile,Electronics,1,25000,1000,COMPLETED,Hyderabad,Telangana,CARD
103076,2026-08-06,109,Sneha,501,Laptop,Electronics,2,60000,2000,CANCELLED,Delhi,Delhi,CARD
103077,2026-08-24,102,Anil,510,Bookshelf,Furniture,2,12000,0,COMPLETED,Hyderabad,Telangana,UPI
103078,2026-08-30,109,Sneha,510,Bookshelf,Furniture,4,12000,0,CANCELLED,Delhi,Delhi,NET_BANKING
103079,2026-08-14,110,Vikram,502,Mouse,Electronics,1,1000,0,COMPLETED,Kolkata,West Bengal,COD
103080,2026-08-12,104,Kumar,509,Monitor,Electronics,3,20000,0,CANCELLED,Bangalore,Karnataka,NET_BANKING
103081,2026-08-23,110,Vikram,508,Mobile,Electronics,4,25000,100,CANCELLED,Kolkata,West Bengal,UPI
103082,2026-08-17,107,Lakshmi,509,Monitor,Electronics,1,20000,0,RETURNED,Chennai,Tamil Nadu,NET_BANKING
103083,2026-08-18,104,Kumar,508,Mobile,Electronics,5,25000,200,COMPLETED,Bangalore,Karnataka,COD
103084,2026-08-17,110,Vikram,503,Chair,Furniture,5,8000,5000,COMPLETED,Kolkata,West Bengal,NET_BANKING
103085,2026-08-28,106,Ramesh,505,Table,Furniture,1,10000,0,COMPLETED,Pune,Maharashtra,CARD
103086,2026-08-06,103,Sita,508,Mobile,Electronics,1,25000,0,COMPLETED,Chennai,Tamil Nadu,CARD
103087,2026-08-18,110,Vikram,505,Table,Furniture,2,10000,200,COMPLETED,Kolkata,West Bengal,CARD
103088,2026-08-03,101,Ravi,505,Table,Furniture,3,10000,500,COMPLETED,Hyderabad,Telangana,NET_BANKING
103089,2026-08-30,104,Kumar,503,Chair,Furniture,5,8000,0,COMPLETED,Bangalore,Karnataka,COD
103090,2026-08-20,106,Ramesh,510,Bookshelf,Furniture,2,12000,0,CANCELLED,Pune,Maharashtra,CARD
103091,2026-08-02,101,Ravi,503,Chair,Furniture,2,8000,0,COMPLETED,Hyderabad,Telangana,CARD
103092,2026-08-05,104,Kumar,503,Chair,Furniture,4,8000,5000,COMPLETED,Bangalore,Karnataka,CARD
103093,2026-08-12,102,Anil,504,Keyboard,Electronics,2,3000,0,RETURNED,Hyderabad,Telangana,CARD
103094,2026-08-14,109,Sneha,502,Mouse,Electronics,3,1000,0,COMPLETED,Delhi,Delhi,NET_BANKING
103095,2026-08-01,107,Lakshmi,504,Keyboard,Electronics,1,3000,1000,CANCELLED,Chennai,Tamil Nadu,CARD
103096,2026-08-15,108,Arjun,508,Mobile,Electronics,3,25000,2000,COMPLETED,Hyderabad,Telangana,UPI
103097,2026-08-08,110,Vikram,509,Monitor,Electronics,2,20000,0,CANCELLED,Kolkata,West Bengal,UPI
103098,2026-08-03,103,Sita,510,Bookshelf,Furniture,4,12000,0,COMPLETED,Chennai,Tamil Nadu,NET_BANKING
103099,2026-08-02,107,Lakshmi,510,Bookshelf,Furniture,2,12000,200,COMPLETED,Chennai,Tamil Nadu,UPI
103100,2026-08-27,105,Priya,504,Keyboard,Electronics,5,3000,500,COMPLETED,Mumbai,Maharashtra,COD
103101,2026-08-05,107,Lakshmi,503,Chair,Furniture,5,8000,0,COMPLETED,Chennai,Tamil Nadu,UPI
103102,2026-08-01,107,Lakshmi,508,Mobile,Electronics,5,25000,0,COMPLETED,Chennai,Tamil Nadu,COD
103103,2026-08-27,109,Sneha,506,Headphones,Electronics,4,5000,2000,COMPLETED,Delhi,Delhi,UPI
103104,2026-08-23,107,Lakshmi,504,Keyboard,Electronics,4,3000,100,COMPLETED,Chennai,Tamil Nadu,COD
103105,2026-08-02,106,Ramesh,506,Headphones,Electronics,3,5000,500,RETURNED,Pune,Maharashtra,NET_BANKING
103106,2026-08-15,105,Priya,501,Laptop,Electronics,4,60000,2000,COMPLETED,Mumbai,Maharashtra,NET_BANKING
103107,2026-08-23,110,Vikram,504,Keyboard,Electronics,2,3000,2000,COMPLETED,Kolkata,West Bengal,UPI
103108,2026-08-13,105,Priya,510,Bookshelf,Furniture,2,12000,5000,COMPLETED,Mumbai,Maharashtra,CARD
103109,2026-08-05,103,Sita,507,Desk,Furniture,4,15000,0,COMPLETED,Chennai,Tamil Nadu,NET_BANKING
103110,2026-08-07,103,Sita,505,Table,Furniture,4,10000,100,CANCELLED,Chennai,Tamil Nadu,NET_BANKING
103111,2026-08-09,109,Sneha,506,Headphones,Electronics,2,5000,0,CANCELLED,Delhi,Delhi,UPI
103112,2026-08-31,109,Sneha,508,Mobile,Electronics,5,25000,0,CANCELLED,Delhi,Delhi,COD
103113,2026-08-24,103,Sita,504,Keyboard,Electronics,3,3000,0,COMPLETED,Chennai,Tamil Nadu,COD
103114,2026-08-07,105,Priya,504,Keyboard,Electronics,5,3000,1000,COMPLETED,Mumbai,Maharashtra,CARD
103115,2026-08-31,105,Priya,508,Mobile,Electronics,2,25000,1000,CANCELLED,Mumbai,Maharashtra,UPI
103116,2026-08-08,106,Ramesh,509,Monitor,Electronics,2,20000,200,COMPLETED,Pune,Maharashtra,CARD
103117,2026-08-03,101,Ravi,504,Keyboard,Electronics,1,3000,1000,CANCELLED,Hyderabad,Telangana,COD
103118,2026-08-12,107,Lakshmi,501,Laptop,Electronics,3,60000,1000,COMPLETED,Chennai,Tamil Nadu,COD
103119,2026-08-16,110,Vikram,505,Table,Furniture,3,10000,5000,COMPLETED,Kolkata,West Bengal,NET_BANKING
103120,2026-08-12,106,Ramesh,504,Keyboard,Electronics,2,3000,2000,COMPLETED,Pune,Maharashtra,COD
103121,2026-08-13,105,Priya,507,Desk,Furniture,5,15000,2000,COMPLETED,Mumbai,Maharashtra,COD
103122,2026-08-05,104,Kumar,505,Table,Furniture,1,10000,100,COMPLETED,Bangalore,Karnataka,NET_BANKING
103123,2026-08-18,106,Ramesh,501,Laptop,Electronics,1,60000,1000,COMPLETED,Pune,Maharashtra,NET_BANKING
103124,2026-08-27,109,Sneha,502,Mouse,Electronics,3,1000,100,RETURNED,Delhi,Delhi,COD
103125,2026-08-11,110,Vikram,503,Chair,Furniture,3,8000,2000,COMPLETED,Kolkata,West Bengal,NET_BANKING
103126,2026-08-04,108,Arjun,503,Chair,Furniture,2,8000,0,COMPLETED,Hyderabad,Telangana,NET_BANKING
103127,2026-08-12,103,Sita,504,Keyboard,Electronics,5,3000,0,COMPLETED,Chennai,Tamil Nadu,CARD
103128,2026-08-30,107,Lakshmi,502,Mouse,Electronics,3,1000,0,CANCELLED,Chennai,Tamil Nadu,NET_BANKING
103129,2026-08-07,109,Sneha,510,Bookshelf,Furniture,2,12000,100,COMPLETED,Delhi,Delhi,UPI
103130,2026-08-29,105,Priya,506,Headphones,Electronics,3,5000,200,CANCELLED,Mumbai,Maharashtra,UPI
103131,2026-08-14,108,Arjun,510,Bookshelf,Furniture,2,12000,5000,COMPLETED,Hyderabad,Telangana,UPI
103132,2026-08-18,101,Ravi,501,Laptop,Electronics,1,60000,5000,COMPLETED,Hyderabad,Telangana,NET_BANKING
103133,2026-08-30,103,Sita,503,Chair,Furniture,1,8000,0,COMPLETED,Chennai,Tamil Nadu,COD
103134,2026-08-09,102,Anil,509,Monitor,Electronics,3,20000,100,COMPLETED,Hyderabad,Telangana,NET_BANKING
103135,2026-08-14,105,Priya,503,Chair,Furniture,5,8000,5000,COMPLETED,Mumbai,Maharashtra,NET_BANKING
103136,2026-08-04,108,Arjun,501,Laptop,Electronics,4,60000,200,COMPLETED,Hyderabad,Telangana,CARD
103137,2026-08-14,101,Ravi,509,Monitor,Electronics,3,20000,100,COMPLETED,Hyderabad,Telangana,COD
103138,2026-08-05,108,Arjun,508,Mobile,Electronics,5,25000,2000,COMPLETED,Hyderabad,Telangana,NET_BANKING
103139,2026-08-07,107,Lakshmi,504,Keyboard,Electronics,4,3000,0,COMPLETED,Chennai,Tamil Nadu,NET_BANKING
103140,2026-08-30,101,Ravi,501,Laptop,Electronics,3,60000,100,COMPLETED,Hyderabad,Telangana,UPI
103141,2026-08-11,101,Ravi,506,Headphones,Electronics,5,5000,0,COMPLETED,Hyderabad,Telangana,UPI
103142,2026-08-28,103,Sita,508,Mobile,Electronics,2,25000,100,COMPLETED,Chennai,Tamil Nadu,NET_BANKING
103143,2026-08-15,103,Sita,506,Headphones,Electronics,2,5000,0,COMPLETED,Chennai,Tamil Nadu,UPI
103144,2026-08-08,110,Vikram,505,Table,Furniture,5,10000,0,RETURNED,Kolkata,West Bengal,CARD
103145,2026-08-26,107,Lakshmi,509,Monitor,Electronics,1,20000,5000,COMPLETED,Chennai,Tamil Nadu,UPI
103146,2026-08-07,104,Kumar,502,Mouse,Electronics,4,1000,1000,COMPLETED,Bangalore,Karnataka,CARD
103147,2026-08-06,109,Sneha,507,Desk,Furniture,1,15000,100,COMPLETED,Delhi,Delhi,COD
103148,2026-08-05,104,Kumar,506,Headphones,Electronics,3,5000,1000,COMPLETED,Bangalore,Karnataka,CARD
103149,2026-08-06,104,Kumar,503,Chair,Furniture,2,8000,5000,COMPLETED,Bangalore,Karnataka,CARD
103150,2026-08-20,109,Sneha,510,Bookshelf,Furniture,2,12000,0,COMPLETED,Delhi,Delhi,NET_BANKING
103151,2026-08-26,108,Arjun,504,Keyboard,Electronics,3,3000,200,COMPLETED,Hyderabad,Telangana,CARD
103152,2026-08-03,107,Lakshmi,507,Desk,Furniture,5,15000,1000,COMPLETED,Chennai,Tamil Nadu,COD
103153,2026-08-30,107,Lakshmi,502,Mouse,Electronics,1,1000,5000,COMPLETED,Chennai,Tamil Nadu,CARD
103154,2026-08-16,107,Lakshmi,510,Bookshelf,Furniture,1,12000,100,COMPLETED,Chennai,Tamil Nadu,COD
103155,2026-08-01,101,Ravi,502,Mouse,Electronics,4,1000,0,COMPLETED,Hyderabad,Telangana,COD
103156,2026-08-21,102,Anil,506,Headphones,Electronics,5,5000,200,COMPLETED,Hyderabad,Telangana,CARD
103157,2026-08-22,102,Anil,508,Mobile,Electronics,4,25000,500,COMPLETED,Hyderabad,Telangana,NET_BANKING
103158,2026-08-07,107,Lakshmi,508,Mobile,Electronics,3,25000,5000,RETURNED,Chennai,Tamil Nadu,NET_BANKING
103159,2026-08-07,103,Sita,503,Chair,Furniture,2,8000,100,COMPLETED,Chennai,Tamil Nadu,CARD
103160,2026-08-21,109,Sneha,501,Laptop,Electronics,1,60000,500,COMPLETED,Delhi,Delhi,CARD
103161,2026-08-22,106,Ramesh,509,Monitor,Electronics,5,20000,100,CANCELLED,Pune,Maharashtra,CARD
103162,2026-08-13,103,Sita,506,Headphones,Electronics,1,5000,2000,COMPLETED,Chennai,Tamil Nadu,NET_BANKING
103163,2026-08-21,104,Kumar,506,Headphones,Electronics,1,5000,2000,COMPLETED,Bangalore,Karnataka,COD
103164,2026-08-28,104,Kumar,502,Mouse,Electronics,1,1000,0,COMPLETED,Bangalore,Karnataka,COD
103165,2026-08-04,108,Arjun,505,Table,Furniture,2,10000,0,COMPLETED,Hyderabad,Telangana,NET_BANKING
103166,2026-08-31,104,Kumar,509,Monitor,Electronics,3,20000,0,COMPLETED,Bangalore,Karnataka,NET_BANKING
103167,2026-08-29,103,Sita,501,Laptop,Electronics,1,60000,200,RETURNED,Chennai,Tamil Nadu,COD
103168,2026-08-22,103,Sita,507,Desk,Furniture,1,15000,500,COMPLETED,Chennai,Tamil Nadu,COD
103169,2026-08-27,104,Kumar,510,Bookshelf,Furniture,4,12000,1000,COMPLETED,Bangalore,Karnataka,UPI
103170,2026-08-26,106,Ramesh,505,Table,Furniture,4,10000,0,COMPLETED,Pune,Maharashtra,NET_BANKING
103171,2026-08-03,105,Priya,510,Bookshelf,Furniture,2,12000,0,COMPLETED,Mumbai,Maharashtra,UPI
103172,2026-08-03,107,Lakshmi,505,Table,Furniture,1,10000,1000,COMPLETED,Chennai,Tamil Nadu,COD
103173,2026-08-19,105,Priya,501,Laptop,Electronics,1,60000,2000,COMPLETED,Mumbai,Maharashtra,CARD
103174,2026-08-15,110,Vikram,506,Headphones,Electronics,5,5000,5000,COMPLETED,Kolkata,West Bengal,CARD
103175,2026-08-26,101,Ravi,508,Mobile,Electronics,1,25000,100,COMPLETED,Hyderabad,Telangana,NET_BANKING
103176,2026-08-06,103,Sita,507,Desk,Furniture,1,15000,0,COMPLETED,Chennai,Tamil Nadu,COD
103177,2026-08-24,102,Anil,503,Chair,Furniture,1,8000,100,COMPLETED,Hyderabad,Telangana,UPI
103178,2026-08-08,104,Kumar,510,Bookshelf,Furniture,4,12000,2000,COMPLETED,Bangalore,Karnataka,COD
103179,2026-08-19,107,Lakshmi,501,Laptop,Electronics,5,60000,5000,COMPLETED,Chennai,Tamil Nadu,UPI
103180,2026-08-16,103,Sita,507,Desk,Furniture,4,15000,200,COMPLETED,Chennai,Tamil Nadu,CARD
103181,2026-08-21,103,Sita,508,Mobile,Electronics,4,25000,0,COMPLETED,Chennai,Tamil Nadu,NET_BANKING
103182,2026-08-18,110,Vikram,509,Monitor,Electronics,5,20000,5000,COMPLETED,Kolkata,West Bengal,COD
103183,2026-08-27,106,Ramesh,504,Keyboard,Electronics,2,3000,500,COMPLETED,Pune,Maharashtra,UPI
103184,2026-08-21,110,Vikram,502,Mouse,Electronics,4,1000,1000,COMPLETED,Kolkata,West Bengal,CARD
103185,2026-08-22,101,Ravi,509,Monitor,Electronics,5,20000,1000,COMPLETED,Hyderabad,Telangana,CARD
103186,2026-08-02,102,Anil,503,Chair,Furniture,2,8000,0,COMPLETED,Hyderabad,Telangana,UPI
103187,2026-08-25,106,Ramesh,501,Laptop,Electronics,3,60000,5000,COMPLETED,Pune,Maharashtra,NET_BANKING
103188,2026-08-21,105,Priya,510,Bookshelf,Furniture,4,12000,500,COMPLETED,Mumbai,Maharashtra,UPI
103189,2026-08-05,101,Ravi,501,Laptop,Electronics,4,60000,5000,COMPLETED,Hyderabad,Telangana,NET_BANKING
103190,2026-08-22,105,Priya,509,Monitor,Electronics,4,20000,5000,COMPLETED,Mumbai,Maharashtra,NET_BANKING
103191,2026-08-19,110,Vikram,508,Mobile,Electronics,4,25000,500,COMPLETED,Kolkata,West Bengal,COD
103192,2026-08-29,104,Kumar,507,Desk,Furniture,3,15000,2000,CANCELLED,Bangalore,Karnataka,UPI
103193,2026-08-02,105,Priya,506,Headphones,Electronics,1,5000,2000,COMPLETED,Mumbai,Maharashtra,NET_BANKING
103194,2026-08-16,106,Ramesh,504,Keyboard,Electronics,2,3000,0,COMPLETED,Pune,Maharashtra,COD
103195,2026-08-14,105,Priya,510,Bookshelf,Furniture,5,12000,100,COMPLETED,Mumbai,Maharashtra,COD
103196,2026-08-29,102,Anil,502,Mouse,Electronics,5,1000,1000,COMPLETED,Hyderabad,Telangana,COD
103197,2026-08-07,104,Kumar,506,Headphones,Electronics,1,5000,1000,COMPLETED,Bangalore,Karnataka,COD
103198,2026-08-12,101,Ravi,503,Chair,Furniture,3,8000,0,COMPLETED,Hyderabad,Telangana,CARD
103199,2026-08-22,108,Arjun,507,Desk,Furniture,2,15000,2000,COMPLETED,Hyderabad,Telangana,CARD
103200,2026-08-20,102,Anil,506,Headphones,Electronics,3,5000,1000,COMPLETED,Hyderabad,Telangana,COD
103201,2026-08-14,106,Ramesh,505,Table,Furniture,4,10000,200,COMPLETED,Pune,Maharashtra,NET_BANKING
103202,2026-08-24,105,Priya,505,Table,Furniture,2,10000,500,CANCELLED,Mumbai,Maharashtra,NET_BANKING
103203,2026-08-20,102,Anil,505,Table,Furniture,1,10000,2000,COMPLETED,Hyderabad,Telangana,CARD
103204,2026-08-27,110,Vikram,504,Keyboard,Electronics,3,3000,500,COMPLETED,Kolkata,West Bengal,COD
103205,2026-08-19,105,Priya,504,Keyboard,Electronics,3,3000,2000,COMPLETED,Mumbai,Maharashtra,UPI
103206,2026-08-06,109,Sneha,509,Monitor,Electronics,2,20000,200,COMPLETED,Delhi,Delhi,NET_BANKING
103207,2026-08-05,109,Sneha,507,Desk,Furniture,5,15000,5000,CANCELLED,Delhi,Delhi,CARD
103208,2026-08-21,110,Vikram,509,Monitor,Electronics,5,20000,500,COMPLETED,Kolkata,West Bengal,CARD
103209,2026-08-31,103,Sita,502,Mouse,Electronics,1,1000,5000,COMPLETED,Chennai,Tamil Nadu,UPI
103210,2026-08-28,103,Sita,502,Mouse,Electronics,4,1000,0,COMPLETED,Chennai,Tamil Nadu,NET_BANKING
103211,2026-08-12,105,Priya,509,Monitor,Electronics,2,20000,500,COMPLETED,Mumbai,Maharashtra,COD
103212,2026-08-16,106,Ramesh,506,Headphones,Electronics,5,5000,100,RETURNED,Pune,Maharashtra,CARD
103213,2026-08-01,101,Ravi,504,Keyboard,Electronics,1,3000,500,COMPLETED,Hyderabad,Telangana,COD
103214,2026-08-30,105,Priya,507,Desk,Furniture,1,15000,100,CANCELLED,Mumbai,Maharashtra,CARD
103215,2026-08-27,110,Vikram,501,Laptop,Electronics,1,60000,100,CANCELLED,Kolkata,West Bengal,NET_BANKING
103216,2026-08-25,102,Anil,503,Chair,Furniture,1,8000,200,CANCELLED,Hyderabad,Telangana,COD
103217,2026-08-28,106,Ramesh,507,Desk,Furniture,3,15000,2000,COMPLETED,Pune,Maharashtra,NET_BANKING
103218,2026-08-21,110,Vikram,506,Headphones,Electronics,4,5000,0,COMPLETED,Kolkata,West Bengal,COD
103219,2026-08-20,102,Anil,510,Bookshelf,Furniture,2,12000,0,COMPLETED,Hyderabad,Telangana,NET_BANKING
103220,2026-08-07,109,Sneha,505,Table,Furniture,3,10000,1000,COMPLETED,Delhi,Delhi,COD
103221,2026-08-03,104,Kumar,502,Mouse,Electronics,2,1000,1000,COMPLETED,Bangalore,Karnataka,CARD
103222,2026-08-07,105,Priya,503,Chair,Furniture,4,8000,100,CANCELLED,Mumbai,Maharashtra,CARD
103223,2026-08-07,101,Ravi,504,Keyboard,Electronics,3,3000,5000,COMPLETED,Hyderabad,Telangana,CARD
103224,2026-08-07,105,Priya,507,Desk,Furniture,1,15000,0,COMPLETED,Mumbai,Maharashtra,CARD
103225,2026-08-14,108,Arjun,510,Bookshelf,Furniture,5,12000,2000,COMPLETED,Hyderabad,Telangana,UPI
103226,2026-08-26,101,Ravi,509,Monitor,Electronics,3,20000,100,COMPLETED,Hyderabad,Telangana,NET_BANKING
103227,2026-08-31,107,Lakshmi,510,Bookshelf,Furniture,1,12000,100,COMPLETED,Chennai,Tamil Nadu,UPI
103228,2026-08-29,108,Arjun,508,Mobile,Electronics,3,25000,0,COMPLETED,Hyderabad,Telangana,NET_BANKING
103229,2026-08-10,104,Kumar,501,Laptop,Electronics,2,60000,1000,COMPLETED,Bangalore,Karnataka,CARD
103230,2026-08-26,104,Kumar,509,Monitor,Electronics,3,20000,0,COMPLETED,Bangalore,Karnataka,CARD
103231,2026-08-31,109,Sneha,510,Bookshelf,Furniture,3,12000,2000,COMPLETED,Delhi,Delhi,NET_BANKING
103232,2026-08-25,103,Sita,508,Mobile,Electronics,3,25000,100,COMPLETED,Chennai,Tamil Nadu,CARD
103233,2026-08-05,103,Sita,509,Monitor,Electronics,5,20000,200,COMPLETED,Chennai,Tamil Nadu,CARD
103234,2026-08-11,101,Ravi,503,Chair,Furniture,4,8000,0,COMPLETED,Hyderabad,Telangana,CARD
103235,2026-08-01,101,Ravi,504,Keyboard,Electronics,2,3000,200,COMPLETED,Hyderabad,Telangana,COD
103236,2026-08-03,108,Arjun,508,Mobile,Electronics,1,25000,2000,COMPLETED,Hyderabad,Telangana,NET_BANKING
103237,2026-08-28,101,Ravi,508,Mobile,Electronics,4,25000,100,RETURNED,Hyderabad,Telangana,COD
103238,2026-08-12,110,Vikram,510,Bookshelf,Furniture,3,12000,200,RETURNED,Kolkata,West Bengal,UPI
103239,2026-08-21,103,Sita,505,Table,Furniture,3,10000,200,COMPLETED,Chennai,Tamil Nadu,UPI
103240,2026-08-24,103,Sita,504,Keyboard,Electronics,5,3000,500,COMPLETED,Chennai,Tamil Nadu,CARD
103241,2026-08-07,104,Kumar,501,Laptop,Electronics,3,60000,100,COMPLETED,Bangalore,Karnataka,CARD
103242,2026-08-15,109,Sneha,505,Table,Furniture,1,10000,0,COMPLETED,Delhi,Delhi,COD
103243,2026-08-22,103,Sita,503,Chair,Furniture,2,8000,500,COMPLETED,Chennai,Tamil Nadu,NET_BANKING
103244,2026-08-27,101,Ravi,508,Mobile,Electronics,4,25000,500,COMPLETED,Hyderabad,Telangana,COD
103245,2026-08-21,102,Anil,508,Mobile,Electronics,4,25000,1000,COMPLETED,Hyderabad,Telangana,COD
103246,2026-08-26,102,Anil,510,Bookshelf,Furniture,5,12000,100,COMPLETED,Hyderabad,Telangana,UPI
103247,2026-08-21,107,Lakshmi,506,Headphones,Electronics,5,5000,200,COMPLETED,Chennai,Tamil Nadu,COD
103248,2026-08-21,103,Sita,508,Mobile,Electronics,2,25000,1000,COMPLETED,Chennai,Tamil Nadu,UPI
103249,2026-08-11,103,Sita,503,Chair,Furniture,5,8000,0,COMPLETED,Chennai,Tamil Nadu,NET_BANKING
103250,2026-08-25,107,Lakshmi,507,Desk,Furniture,5,15000,500,CANCELLED,Chennai,Tamil Nadu,NET_BANKING
103251,2026-08-31,109,Sneha,503,Chair,Furniture,2,8000,5000,COMPLETED,Delhi,Delhi,CARD
103252,2026-08-25,108,Arjun,510,Bookshelf,Furniture,1,12000,100,COMPLETED,Hyderabad,Telangana,CARD
103253,2026-08-02,102,Anil,502,Mouse,Electronics,1,1000,5000,COMPLETED,Hyderabad,Telangana,UPI
103254,2026-08-23,104,Kumar,506,Headphones,Electronics,5,5000,2000,RETURNED,Bangalore,Karnataka,UPI
103255,2026-08-28,102,Anil,508,Mobile,Electronics,1,25000,5000,COMPLETED,Hyderabad,Telangana,UPI
103256,2026-08-05,104,Kumar,510,Bookshelf,Furniture,3,12000,0,COMPLETED,Bangalore,Karnataka,NET_BANKING
103257,2026-08-20,106,Ramesh,503,Chair,Furniture,3,8000,0,COMPLETED,Pune,Maharashtra,UPI
103258,2026-08-05,103,Sita,503,Chair,Furniture,4,8000,2000,RETURNED,Chennai,Tamil Nadu,NET_BANKING
103259,2026-08-18,104,Kumar,504,Keyboard,Electronics,4,3000,100,COMPLETED,Bangalore,Karnataka,UPI
103260,2026-08-05,106,Ramesh,505,Table,Furniture,2,10000,0,COMPLETED,Pune,Maharashtra,CARD
103261,2026-08-22,107,Lakshmi,506,Headphones,Electronics,3,5000,2000,COMPLETED,Chennai,Tamil Nadu,CARD
103262,2026-08-27,101,Ravi,509,Monitor,Electronics,2,20000,200,COMPLETED,Hyderabad,Telangana,NET_BANKING
103263,2026-08-29,105,Priya,508,Mobile,Electronics,1,25000,500,COMPLETED,Mumbai,Maharashtra,COD
103264,2026-08-19,109,Sneha,510,Bookshelf,Furniture,3,12000,0,COMPLETED,Delhi,Delhi,COD
103265,2026-08-01,101,Ravi,503,Chair,Furniture,3,8000,2000,RETURNED,Hyderabad,Telangana,NET_BANKING
103266,2026-08-25,102,Anil,510,Bookshelf,Furniture,3,12000,200,CANCELLED,Hyderabad,Telangana,COD
103267,2026-08-20,108,Arjun,505,Table,Furniture,2,10000,2000,COMPLETED,Hyderabad,Telangana,CARD
103268,2026-08-24,103,Sita,510,Bookshelf,Furniture,3,12000,2000,COMPLETED,Chennai,Tamil Nadu,NET_BANKING
103269,2026-08-30,103,Sita,508,Mobile,Electronics,4,25000,5000,COMPLETED,Chennai,Tamil Nadu,CARD
103270,2026-08-19,103,Sita,506,Headphones,Electronics,2,5000,0,COMPLETED,Chennai,Tamil Nadu,UPI
103271,2026-08-18,107,Lakshmi,506,Headphones,Electronics,1,5000,100,COMPLETED,Chennai,Tamil Nadu,CARD
103272,2026-08-19,101,Ravi,506,Headphones,Electronics,2,5000,100,COMPLETED,Hyderabad,Telangana,NET_BANKING
103273,2026-08-11,102,Anil,502,Mouse,Electronics,4,1000,200,COMPLETED,Hyderabad,Telangana,CARD
103274,2026-08-11,110,Vikram,506,Headphones,Electronics,5,5000,2000,COMPLETED,Kolkata,West Bengal,COD
103275,2026-08-22,104,Kumar,508,Mobile,Electronics,2,25000,2000,COMPLETED,Bangalore,Karnataka,NET_BANKING
103276,2026-08-14,103,Sita,501,Laptop,Electronics,4,60000,0,COMPLETED,Chennai,Tamil Nadu,NET_BANKING
103277,2026-08-01,110,Vikram,509,Monitor,Electronics,5,20000,1000,COMPLETED,Kolkata,West Bengal,CARD
103278,2026-08-08,104,Kumar,502,Mouse,Electronics,5,1000,0,COMPLETED,Bangalore,Karnataka,NET_BANKING
103279,2026-08-28,110,Vikram,509,Monitor,Electronics,2,20000,100,COMPLETED,Kolkata,West Bengal,UPI
103280,2026-08-04,103,Sita,503,Chair,Furniture,2,8000,0,COMPLETED,Chennai,Tamil Nadu,NET_BANKING
103281,2026-08-23,109,Sneha,502,Mouse,Electronics,3,1000,100,COMPLETED,Delhi,Delhi,COD
103282,2026-08-13,109,Sneha,508,Mobile,Electronics,3,25000,0,COMPLETED,Delhi,Delhi,UPI
103283,2026-08-09,109,Sneha,506,Headphones,Electronics,5,5000,0,COMPLETED,Delhi,Delhi,NET_BANKING
103284,2026-08-27,105,Priya,503,Chair,Furniture,1,8000,0,COMPLETED,Mumbai,Maharashtra,CARD
103285,2026-08-30,110,Vikram,509,Monitor,Electronics,4,20000,5000,COMPLETED,Kolkata,West Bengal,COD
103286,2026-08-17,104,Kumar,506,Headphones,Electronics,3,5000,2000,COMPLETED,Bangalore,Karnataka,COD
103287,2026-08-24,105,Priya,507,Desk,Furniture,3,15000,0,COMPLETED,Mumbai,Maharashtra,COD
103288,2026-08-10,103,Sita,504,Keyboard,Electronics,2,3000,0,COMPLETED,Chennai,Tamil Nadu,CARD
103289,2026-08-06,107,Lakshmi,503,Chair,Furniture,1,8000,200,COMPLETED,Chennai,Tamil Nadu,UPI
103290,2026-08-02,105,Priya,502,Mouse,Electronics,3,1000,100,COMPLETED,Mumbai,Maharashtra,NET_BANKING
103291,2026-08-26,109,Sneha,504,Keyboard,Electronics,1,3000,500,CANCELLED,Delhi,Delhi,COD
103292,2026-08-25,109,Sneha,510,Bookshelf,Furniture,1,12000,0,COMPLETED,Delhi,Delhi,COD
103293,2026-08-19,103,Sita,507,Desk,Furniture,5,15000,500,COMPLETED,Chennai,Tamil Nadu,UPI
103294,2026-08-23,103,Sita,509,Monitor,Electronics,2,20000,0,CANCELLED,Chennai,Tamil Nadu,UPI
103295,2026-08-29,101,Ravi,504,Keyboard,Electronics,4,3000,2000,COMPLETED,Hyderabad,Telangana,UPI
103296,2026-08-02,103,Sita,501,Laptop,Electronics,1,60000,1000,COMPLETED,Chennai,Tamil Nadu,CARD
103297,2026-08-07,109,Sneha,506,Headphones,Electronics,5,5000,2000,COMPLETED,Delhi,Delhi,UPI
103298,2026-08-21,101,Ravi,506,Headphones,Electronics,1,5000,1000,COMPLETED,Hyderabad,Telangana,NET_BANKING
103299,2026-08-29,104,Kumar,509,Monitor,Electronics,2,20000,0,COMPLETED,Bangalore,Karnataka,CARD
103300,2026-08-06,107,Lakshmi,510,Bookshelf,Furniture,5,12000,0,COMPLETED,Chennai,Tamil Nadu,COD
103301,2026-08-23,107,Lakshmi,509,Monitor,Electronics,4,20000,100,COMPLETED,Chennai,Tamil Nadu,COD
103302,2026-08-06,104,Kumar,504,Keyboard,Electronics,5,3000,200,COMPLETED,Bangalore,Karnataka,COD
103303,2026-08-27,104,Kumar,504,Keyboard,Electronics,4,3000,2000,RETURNED,Bangalore,Karnataka,UPI
103304,2026-08-21,109,Sneha,506,Headphones,Electronics,1,5000,2000,COMPLETED,Delhi,Delhi,COD
103305,2026-08-08,108,Arjun,502,Mouse,Electronics,4,1000,500,RETURNED,Hyderabad,Telangana,UPI
103306,2026-08-07,101,Ravi,502,Mouse,Electronics,2,1000,100,COMPLETED,Hyderabad,Telangana,CARD
103307,2026-08-04,110,Vikram,503,Chair,Furniture,5,8000,200,COMPLETED,Kolkata,West Bengal,CARD
103308,2026-08-24,108,Arjun,510,Bookshelf,Furniture,1,12000,5000,COMPLETED,Hyderabad,Telangana,UPI
103309,2026-08-16,107,Lakshmi,508,Mobile,Electronics,4,25000,0,COMPLETED,Chennai,Tamil Nadu,UPI
103310,2026-08-27,107,Lakshmi,506,Headphones,Electronics,5,5000,100,COMPLETED,Chennai,Tamil Nadu,UPI
103311,2026-08-25,105,Priya,504,Keyboard,Electronics,1,3000,100,COMPLETED,Mumbai,Maharashtra,COD
103312,2026-08-15,107,Lakshmi,502,Mouse,Electronics,5,1000,0,COMPLETED,Chennai,Tamil Nadu,COD
103313,2026-08-21,110,Vikram,509,Monitor,Electronics,2,20000,500,COMPLETED,Kolkata,West Bengal,COD
103314,2026-08-23,103,Sita,501,Laptop,Electronics,2,60000,2000,COMPLETED,Chennai,Tamil Nadu,NET_BANKING
103315,2026-08-13,107,Lakshmi,509,Monitor,Electronics,2,20000,1000,COMPLETED,Chennai,Tamil Nadu,UPI
103316,2026-08-15,103,Sita,506,Headphones,Electronics,2,5000,500,COMPLETED,Chennai,Tamil Nadu,CARD
103317,2026-08-08,106,Ramesh,506,Headphones,Electronics,5,5000,500,CANCELLED,Pune,Maharashtra,COD
103318,2026-08-24,101,Ravi,508,Mobile,Electronics,3,25000,100,COMPLETED,Hyderabad,Telangana,UPI
103319,2026-08-21,108,Arjun,505,Table,Furniture,4,10000,100,RETURNED,Hyderabad,Telangana,COD
103320,2026-08-10,107,Lakshmi,510,Bookshelf,Furniture,1,12000,5000,COMPLETED,Chennai,Tamil Nadu,COD
103321,2026-08-18,108,Arjun,501,Laptop,Electronics,1,60000,5000,COMPLETED,Hyderabad,Telangana,COD
103322,2026-08-12,105,Priya,509,Monitor,Electronics,5,20000,500,COMPLETED,Mumbai,Maharashtra,NET_BANKING
103323,2026-08-07,102,Anil,509,Monitor,Electronics,5,20000,500,COMPLETED,Hyderabad,Telangana,COD
103324,2026-08-10,108,Arjun,504,Keyboard,Electronics,4,3000,1000,COMPLETED,Hyderabad,Telangana,COD
103325,2026-08-26,110,Vikram,509,Monitor,Electronics,5,20000,0,COMPLETED,Kolkata,West Bengal,NET_BANKING
103326,2026-08-01,110,Vikram,509,Monitor,Electronics,3,20000,500,COMPLETED,Kolkata,West Bengal,UPI
103327,2026-08-22,110,Vikram,503,Chair,Furniture,5,8000,2000,COMPLETED,Kolkata,West Bengal,NET_BANKING
103328,2026-08-27,103,Sita,502,Mouse,Electronics,1,1000,100,COMPLETED,Chennai,Tamil Nadu,CARD
103329,2026-08-13,108,Arjun,501,Laptop,Electronics,4,60000,500,COMPLETED,Hyderabad,Telangana,UPI
103330,2026-08-06,101,Ravi,509,Monitor,Electronics,3,20000,500,COMPLETED,Hyderabad,Telangana,UPI
103331,2026-08-18,104,Kumar,501,Laptop,Electronics,5,60000,200,CANCELLED,Bangalore,Karnataka,UPI
103332,2026-08-10,106,Ramesh,508,Mobile,Electronics,5,25000,200,COMPLETED,Pune,Maharashtra,COD
103333,2026-08-18,105,Priya,502,Mouse,Electronics,3,1000,2000,COMPLETED,Mumbai,Maharashtra,UPI
103334,2026-08-26,103,Sita,508,Mobile,Electronics,3,25000,0,COMPLETED,Chennai,Tamil Nadu,UPI
103335,2026-08-22,104,Kumar,501,Laptop,Electronics,3,60000,2000,RETURNED,Bangalore,Karnataka,COD
103336,2026-08-29,102,Anil,510,Bookshelf,Furniture,5,12000,1000,COMPLETED,Hyderabad,Telangana,CARD
103337,2026-08-13,101,Ravi,506,Headphones,Electronics,3,5000,0,COMPLETED,Hyderabad,Telangana,NET_BANKING
103338,2026-08-27,110,Vikram,504,Keyboard,Electronics,4,3000,500,COMPLETED,Kolkata,West Bengal,COD
103339,2026-08-17,110,Vikram,501,Laptop,Electronics,4,60000,0,COMPLETED,Kolkata,West Bengal,UPI
103340,2026-08-06,109,Sneha,508,Mobile,Electronics,4,25000,0,COMPLETED,Delhi,Delhi,UPI
103341,2026-08-12,104,Kumar,507,Desk,Furniture,1,15000,0,COMPLETED,Bangalore,Karnataka,NET_BANKING
103342,2026-08-31,105,Priya,505,Table,Furniture,3,10000,100,COMPLETED,Mumbai,Maharashtra,UPI
103343,2026-08-09,107,Lakshmi,508,Mobile,Electronics,3,25000,2000,COMPLETED,Chennai,Tamil Nadu,COD
103344,2026-08-10,106,Ramesh,503,Chair,Furniture,1,8000,2000,COMPLETED,Pune,Maharashtra,CARD
103345,2026-08-30,102,Anil,506,Headphones,Electronics,3,5000,2000,COMPLETED,Hyderabad,Telangana,CARD
103346,2026-08-25,106,Ramesh,507,Desk,Furniture,2,15000,100,COMPLETED,Pune,Maharashtra,UPI
103347,2026-08-11,110,Vikram,501,Laptop,Electronics,2,60000,200,COMPLETED,Kolkata,West Bengal,NET_BANKING
103348,2026-08-09,108,Arjun,501,Laptop,Electronics,4,60000,500,COMPLETED,Hyderabad,Telangana,COD
103349,2026-08-10,105,Priya,509,Monitor,Electronics,3,20000,1000,COMPLETED,Mumbai,Maharashtra,CARD
103350,2026-08-11,110,Vikram,507,Desk,Furniture,2,15000,0,COMPLETED,Kolkata,West Bengal,CARD
103351,2026-08-16,106,Ramesh,501,Laptop,Electronics,1,60000,100,COMPLETED,Pune,Maharashtra,NET_BANKING
103352,2026-08-04,106,Ramesh,504,Keyboard,Electronics,2,3000,0,COMPLETED,Pune,Maharashtra,CARD
103353,2026-08-22,107,Lakshmi,503,Chair,Furniture,2,8000,0,COMPLETED,Chennai,Tamil Nadu,COD
103354,2026-08-21,104,Kumar,503,Chair,Furniture,4,8000,5000,COMPLETED,Bangalore,Karnataka,COD
103355,2026-08-21,105,Priya,509,Monitor,Electronics,5,20000,200,COMPLETED,Mumbai,Maharashtra,NET_BANKING
103356,2026-08-23,109,Sneha,506,Headphones,Electronics,3,5000,1000,COMPLETED,Delhi,Delhi,CARD
103357,2026-08-06,110,Vikram,505,Table,Furniture,3,10000,100,CANCELLED,Kolkata,West Bengal,NET_BANKING
103358,2026-08-04,102,Anil,507,Desk,Furniture,5,15000,1000,COMPLETED,Hyderabad,Telangana,NET_BANKING
103359,2026-08-15,110,Vikram,502,Mouse,Electronics,1,1000,0,COMPLETED,Kolkata,West Bengal,UPI
103360,2026-08-12,109,Sneha,501,Laptop,Electronics,3,60000,0,COMPLETED,Delhi,Delhi,COD
103361,2026-08-09,108,Arjun,505,Table,Furniture,4,10000,200,RETURNED,Hyderabad,Telangana,NET_BANKING
103362,2026-08-25,104,Kumar,506,Headphones,Electronics,2,5000,500,COMPLETED,Bangalore,Karnataka,NET_BANKING
103363,2026-08-04,102,Anil,508,Mobile,Electronics,3,25000,500,CANCELLED,Hyderabad,Telangana,COD
103364,2026-08-10,104,Kumar,505,Table,Furniture,5,10000,200,COMPLETED,Bangalore,Karnataka,NET_BANKING
103365,2026-08-17,104,Kumar,508,Mobile,Electronics,5,25000,0,COMPLETED,Bangalore,Karnataka,CARD
103366,2026-08-07,102,Anil,509,Monitor,Electronics,4,20000,0,COMPLETED,Hyderabad,Telangana,CARD
103367,2026-08-30,104,Kumar,509,Monitor,Electronics,5,20000,100,COMPLETED,Bangalore,Karnataka,UPI
103368,2026-08-17,109,Sneha,508,Mobile,Electronics,5,25000,100,COMPLETED,Delhi,Delhi,UPI
103369,2026-08-16,106,Ramesh,503,Chair,Furniture,5,8000,5000,COMPLETED,Pune,Maharashtra,UPI
103370,2026-08-14,105,Priya,509,Monitor,Electronics,2,20000,1000,CANCELLED,Mumbai,Maharashtra,UPI
103371,2026-08-04,106,Ramesh,503,Chair,Furniture,4,8000,500,COMPLETED,Pune,Maharashtra,NET_BANKING
103372,2026-08-24,104,Kumar,506,Headphones,Electronics,2,5000,5000,COMPLETED,Bangalore,Karnataka,UPI
103373,2026-08-19,102,Anil,509,Monitor,Electronics,1,20000,1000,COMPLETED,Hyderabad,Telangana,COD
103374,2026-08-09,104,Kumar,505,Table,Furniture,4,10000,5000,COMPLETED,Bangalore,Karnataka,COD
103375,2026-08-30,108,Arjun,507,Desk,Furniture,2,15000,2000,COMPLETED,Hyderabad,Telangana,UPI
103376,2026-08-07,105,Priya,504,Keyboard,Electronics,4,3000,100,COMPLETED,Mumbai,Maharashtra,NET_BANKING
103377,2026-08-09,107,Lakshmi,507,Desk,Furniture,3,15000,0,COMPLETED,Chennai,Tamil Nadu,UPI
103378,2026-08-02,101,Ravi,502,Mouse,Electronics,5,1000,1000,COMPLETED,Hyderabad,Telangana,CARD
103379,2026-08-18,110,Vikram,501,Laptop,Electronics,2,60000,1000,COMPLETED,Kolkata,West Bengal,UPI
103380,2026-08-20,102,Anil,509,Monitor,Electronics,4,20000,500,COMPLETED,Hyderabad,Telangana,CARD
103381,2026-08-09,105,Priya,507,Desk,Furniture,5,15000,500,COMPLETED,Mumbai,Maharashtra,COD
103382,2026-08-15,110,Vikram,506,Headphones,Electronics,2,5000,1000,RETURNED,Kolkata,West Bengal,COD
103383,2026-08-12,106,Ramesh,510,Bookshelf,Furniture,5,12000,100,COMPLETED,Pune,Maharashtra,UPI
103384,2026-08-06,110,Vikram,501,Laptop,Electronics,2,60000,0,COMPLETED,Kolkata,West Bengal,COD
103385,2026-08-22,109,Sneha,510,Bookshelf,Furniture,1,12000,100,COMPLETED,Delhi,Delhi,CARD
103386,2026-08-29,110,Vikram,508,Mobile,Electronics,1,25000,5000,COMPLETED,Kolkata,West Bengal,NET_BANKING
103387,2026-08-10,110,Vikram,509,Monitor,Electronics,3,20000,1000,COMPLETED,Kolkata,West Bengal,NET_BANKING
103388,2026-08-16,104,Kumar,507,Desk,Furniture,2,15000,2000,COMPLETED,Bangalore,Karnataka,UPI
103389,2026-08-24,102,Anil,503,Chair,Furniture,2,8000,0,COMPLETED,Hyderabad,Telangana,NET_BANKING
103390,2026-08-04,107,Lakshmi,509,Monitor,Electronics,1,20000,200,COMPLETED,Chennai,Tamil Nadu,COD
103391,2026-08-09,109,Sneha,502,Mouse,Electronics,3,1000,0,COMPLETED,Delhi,Delhi,CARD
103392,2026-08-15,102,Anil,508,Mobile,Electronics,5,25000,0,COMPLETED,Hyderabad,Telangana,NET_BANKING
103393,2026-08-28,103,Sita,509,Monitor,Electronics,4,20000,2000,COMPLETED,Chennai,Tamil Nadu,CARD
103394,2026-08-03,104,Kumar,506,Headphones,Electronics,3,5000,0,RETURNED,Bangalore,Karnataka,COD
103395,2026-08-07,101,Ravi,506,Headphones,Electronics,2,5000,2000,COMPLETED,Hyderabad,Telangana,UPI
103396,2026-08-08,102,Anil,510,Bookshelf,Furniture,5,12000,0,COMPLETED,Hyderabad,Telangana,CARD
103397,2026-08-28,109,Sneha,503,Chair,Furniture,5,8000,5000,COMPLETED,Delhi,Delhi,CARD
103398,2026-08-04,106,Ramesh,506,Headphones,Electronics,2,5000,2000,COMPLETED,Pune,Maharashtra,UPI
103399,2026-08-27,109,Sneha,506,Headphones,Electronics,5,5000,0,COMPLETED,Delhi,Delhi,UPI
103400,2026-08-11,101,Ravi,505,Table,Furniture,1,10000,100,COMPLETED,Hyderabad,Telangana,CARD
103401,2026-08-13,108,Arjun,504,Keyboard,Electronics,1,3000,1000,CANCELLED,Hyderabad,Telangana,COD
103402,2026-08-25,104,Kumar,507,Desk,Furniture,4,15000,100,COMPLETED,Bangalore,Karnataka,UPI
103403,2026-08-17,104,Kumar,506,Headphones,Electronics,5,5000,2000,COMPLETED,Bangalore,Karnataka,CARD
103404,2026-08-08,104,Kumar,506,Headphones,Electronics,5,5000,0,CANCELLED,Bangalore,Karnataka,UPI
103405,2026-08-11,106,Ramesh,509,Monitor,Electronics,4,20000,0,COMPLETED,Pune,Maharashtra,NET_BANKING
103406,2026-08-03,108,Arjun,504,Keyboard,Electronics,3,3000,2000,COMPLETED,Hyderabad,Telangana,CARD
103407,2026-08-19,110,Vikram,508,Mobile,Electronics,2,25000,1000,COMPLETED,Kolkata,West Bengal,UPI
103408,2026-08-10,102,Anil,507,Desk,Furniture,2,15000,2000,CANCELLED,Hyderabad,Telangana,UPI
103409,2026-08-30,103,Sita,509,Monitor,Electronics,2,20000,5000,COMPLETED,Chennai,Tamil Nadu,CARD
103410,2026-08-28,108,Arjun,501,Laptop,Electronics,2,60000,2000,RETURNED,Hyderabad,Telangana,COD
103411,2026-08-11,107,Lakshmi,501,Laptop,Electronics,2,60000,500,COMPLETED,Chennai,Tamil Nadu,UPI
103412,2026-08-09,107,Lakshmi,505,Table,Furniture,1,10000,2000,COMPLETED,Chennai,Tamil Nadu,UPI
103413,2026-08-23,102,Anil,510,Bookshelf,Furniture,4,12000,1000,COMPLETED,Hyderabad,Telangana,CARD
103414,2026-08-28,106,Ramesh,509,Monitor,Electronics,3,20000,2000,COMPLETED,Pune,Maharashtra,UPI
103415,2026-08-02,106,Ramesh,502,Mouse,Electronics,2,1000,0,COMPLETED,Pune,Maharashtra,COD
103416,2026-08-09,104,Kumar,501,Laptop,Electronics,2,60000,5000,COMPLETED,Bangalore,Karnataka,CARD
103417,2026-08-30,107,Lakshmi,503,Chair,Furniture,5,8000,0,COMPLETED,Chennai,Tamil Nadu,NET_BANKING
103418,2026-08-04,105,Priya,508,Mobile,Electronics,5,25000,200,COMPLETED,Mumbai,Maharashtra,NET_BANKING
103419,2026-08-19,104,Kumar,501,Laptop,Electronics,4,60000,0,COMPLETED,Bangalore,Karnataka,COD
103420,2026-08-23,107,Lakshmi,505,Table,Furniture,5,10000,0,COMPLETED,Chennai,Tamil Nadu,CARD
103421,2026-08-18,103,Sita,509,Monitor,Electronics,3,20000,5000,RETURNED,Chennai,Tamil Nadu,NET_BANKING
103422,2026-08-04,106,Ramesh,506,Headphones,Electronics,2,5000,1000,COMPLETED,Pune,Maharashtra,COD
103423,2026-08-04,103,Sita,508,Mobile,Electronics,4,25000,500,COMPLETED,Chennai,Tamil Nadu,UPI
103424,2026-08-31,107,Lakshmi,509,Monitor,Electronics,5,20000,0,COMPLETED,Chennai,Tamil Nadu,COD
103425,2026-08-07,105,Priya,501,Laptop,Electronics,3,60000,200,COMPLETED,Mumbai,Maharashtra,UPI
103426,2026-08-07,109,Sneha,508,Mobile,Electronics,5,25000,5000,COMPLETED,Delhi,Delhi,NET_BANKING
103427,2026-08-24,109,Sneha,504,Keyboard,Electronics,2,3000,200,COMPLETED,Delhi,Delhi,NET_BANKING
103428,2026-08-01,108,Arjun,508,Mobile,Electronics,3,25000,0,COMPLETED,Hyderabad,Telangana,UPI
103429,2026-08-20,110,Vikram,501,Laptop,Electronics,1,60000,1000,COMPLETED,Kolkata,West Bengal,COD
103430,2026-08-18,101,Ravi,503,Chair,Furniture,2,8000,2000,COMPLETED,Hyderabad,Telangana,NET_BANKING
103431,2026-08-02,105,Priya,503,Chair,Furniture,3,8000,0,COMPLETED,Mumbai,Maharashtra,CARD
103432,2026-08-20,104,Kumar,502,Mouse,Electronics,1,1000,1000,COMPLETED,Bangalore,Karnataka,COD
103433,2026-08-09,103,Sita,501,Laptop,Electronics,3,60000,0,COMPLETED,Chennai,Tamil Nadu,UPI
103434,2026-08-27,108,Arjun,510,Bookshelf,Furniture,3,12000,0,COMPLETED,Hyderabad,Telangana,CARD
103435,2026-08-12,103,Sita,505,Table,Furniture,2,10000,0,COMPLETED,Chennai,Tamil Nadu,COD
103436,2026-08-04,110,Vikram,505,Table,Furniture,2,10000,100,RETURNED,Kolkata,West Bengal,NET_BANKING
103437,2026-08-01,109,Sneha,508,Mobile,Electronics,5,25000,5000,COMPLETED,Delhi,Delhi,COD
103438,2026-08-14,105,Priya,510,Bookshelf,Furniture,2,12000,100,COMPLETED,Mumbai,Maharashtra,NET_BANKING
103439,2026-08-27,102,Anil,508,Mobile,Electronics,3,25000,100,COMPLETED,Hyderabad,Telangana,NET_BANKING
103440,2026-08-27,101,Ravi,505,Table,Furniture,2,10000,100,COMPLETED,Hyderabad,Telangana,UPI
103441,2026-08-27,102,Anil,509,Monitor,Electronics,5,20000,0,COMPLETED,Hyderabad,Telangana,CARD
103442,2026-08-17,105,Priya,507,Desk,Furniture,4,15000,0,CANCELLED,Mumbai,Maharashtra,COD
103443,2026-08-16,104,Kumar,501,Laptop,Electronics,1,60000,100,COMPLETED,Bangalore,Karnataka,COD
103444,2026-08-02,108,Arjun,503,Chair,Furniture,2,8000,0,COMPLETED,Hyderabad,Telangana,NET_BANKING
103445,2026-08-29,104,Kumar,507,Desk,Furniture,4,15000,100,COMPLETED,Bangalore,Karnataka,NET_BANKING
103446,2026-08-31,104,Kumar,507,Desk,Furniture,5,15000,0,COMPLETED,Bangalore,Karnataka,NET_BANKING
103447,2026-08-20,108,Arjun,508,Mobile,Electronics,3,25000,0,COMPLETED,Hyderabad,Telangana,UPI
103448,2026-08-05,108,Arjun,504,Keyboard,Electronics,3,3000,0,COMPLETED,Hyderabad,Telangana,COD
103449,2026-08-15,104,Kumar,510,Bookshelf,Furniture,1,12000,200,RETURNED,Bangalore,Karnataka,UPI
103450,2026-08-06,108,Arjun,503,Chair,Furniture,1,8000,0,COMPLETED,Hyderabad,Telangana,COD
103451,2026-08-24,110,Vikram,501,Laptop,Electronics,5,60000,5000,COMPLETED,Kolkata,West Bengal,COD
103452,2026-08-06,108,Arjun,503,Chair,Furniture,1,8000,0,COMPLETED,Hyderabad,Telangana,NET_BANKING
103453,2026-08-26,105,Priya,507,Desk,Furniture,1,15000,5000,COMPLETED,Mumbai,Maharashtra,CARD
103454,2026-08-16,109,Sneha,502,Mouse,Electronics,1,1000,5000,COMPLETED,Delhi,Delhi,NET_BANKING
103455,2026-08-02,104,Kumar,507,Desk,Furniture,2,15000,200,RETURNED,Bangalore,Karnataka,NET_BANKING
103456,2026-08-06,105,Priya,503,Chair,Furniture,3,8000,100,COMPLETED,Mumbai,Maharashtra,COD
103457,2026-08-11,101,Ravi,503,Chair,Furniture,2,8000,200,COMPLETED,Hyderabad,Telangana,NET_BANKING
103458,2026-08-31,102,Anil,503,Chair,Furniture,1,8000,500,COMPLETED,Hyderabad,Telangana,COD
103459,2026-08-13,108,Arjun,503,Chair,Furniture,5,8000,0,COMPLETED,Hyderabad,Telangana,CARD
103460,2026-08-11,107,Lakshmi,506,Headphones,Electronics,1,5000,200,COMPLETED,Chennai,Tamil Nadu,COD
103461,2026-08-21,107,Lakshmi,502,Mouse,Electronics,4,1000,500,CANCELLED,Chennai,Tamil Nadu,UPI
103462,2026-08-31,103,Sita,505,Table,Furniture,3,10000,1000,COMPLETED,Chennai,Tamil Nadu,NET_BANKING
103463,2026-08-02,102,Anil,507,Desk,Furniture,2,15000,0,COMPLETED,Hyderabad,Telangana,UPI
103464,2026-08-19,106,Ramesh,509,Monitor,Electronics,1,20000,100,COMPLETED,Pune,Maharashtra,COD
103465,2026-08-26,105,Priya,510,Bookshelf,Furniture,5,12000,2000,COMPLETED,Mumbai,Maharashtra,COD
103466,2026-08-26,109,Sneha,507,Desk,Furniture,5,15000,2000,COMPLETED,Delhi,Delhi,CARD
103467,2026-08-02,108,Arjun,507,Desk,Furniture,1,15000,500,COMPLETED,Hyderabad,Telangana,COD
103468,2026-08-17,105,Priya,501,Laptop,Electronics,2,60000,5000,COMPLETED,Mumbai,Maharashtra,UPI
103469,2026-08-19,110,Vikram,502,Mouse,Electronics,1,1000,5000,COMPLETED,Kolkata,West Bengal,CARD
103470,2026-08-10,102,Anil,507,Desk,Furniture,1,15000,0,COMPLETED,Hyderabad,Telangana,CARD
103471,2026-08-31,107,Lakshmi,510,Bookshelf,Furniture,2,12000,200,COMPLETED,Chennai,Tamil Nadu,CARD
103472,2026-08-09,105,Priya,509,Monitor,Electronics,5,20000,2000,COMPLETED,Mumbai,Maharashtra,COD
103473,2026-08-06,101,Ravi,509,Monitor,Electronics,1,20000,200,COMPLETED,Hyderabad,Telangana,COD
103474,2026-08-14,106,Ramesh,505,Table,Furniture,2,10000,100,CANCELLED,Pune,Maharashtra,UPI
103475,2026-08-06,103,Sita,502,Mouse,Electronics,2,1000,5000,CANCELLED,Chennai,Tamil Nadu,CARD
103476,2026-08-29,101,Ravi,506,Headphones,Electronics,3,5000,0,COMPLETED,Hyderabad,Telangana,CARD
103477,2026-08-01,101,Ravi,501,Laptop,Electronics,1,60000,2000,COMPLETED,Hyderabad,Telangana,NET_BANKING
103478,2026-08-08,107,Lakshmi,508,Mobile,Electronics,5,25000,0,COMPLETED,Chennai,Tamil Nadu,UPI
103479,2026-08-17,101,Ravi,509,Monitor,Electronics,5,20000,0,COMPLETED,Hyderabad,Telangana,NET_BANKING
103480,2026-08-26,102,Anil,507,Desk,Furniture,1,15000,0,COMPLETED,Hyderabad,Telangana,UPI
103481,2026-08-25,107,Lakshmi,510,Bookshelf,Furniture,2,12000,200,COMPLETED,Chennai,Tamil Nadu,COD
103482,2026-08-24,104,Kumar,508,Mobile,Electronics,5,25000,5000,CANCELLED,Bangalore,Karnataka,UPI
103483,2026-08-18,107,Lakshmi,501,Laptop,Electronics,3,60000,500,COMPLETED,Chennai,Tamil Nadu,UPI
103484,2026-08-16,109,Sneha,507,Desk,Furniture,3,15000,2000,COMPLETED,Delhi,Delhi,UPI
103485,2026-08-30,101,Ravi,501,Laptop,Electronics,5,60000,500,CANCELLED,Hyderabad,Telangana,CARD
103486,2026-08-04,104,Kumar,507,Desk,Furniture,1,15000,200,COMPLETED,Bangalore,Karnataka,UPI
103487,2026-08-29,102,Anil,509,Monitor,Electronics,1,20000,1000,COMPLETED,Hyderabad,Telangana,NET_BANKING
103488,2026-08-17,105,Priya,506,Headphones,Electronics,2,5000,500,COMPLETED,Mumbai,Maharashtra,UPI
103489,2026-08-26,104,Kumar,505,Table,Furniture,1,10000,0,COMPLETED,Bangalore,Karnataka,CARD
103490,2026-08-09,106,Ramesh,504,Keyboard,Electronics,4,3000,2000,COMPLETED,Pune,Maharashtra,COD
103491,2026-08-31,106,Ramesh,507,Desk,Furniture,5,15000,500,COMPLETED,Pune,Maharashtra,NET_BANKING
103492,2026-08-15,107,Lakshmi,507,Desk,Furniture,2,15000,0,COMPLETED,Chennai,Tamil Nadu,UPI
103493,2026-08-09,109,Sneha,503,Chair,Furniture,1,8000,100,CANCELLED,Delhi,Delhi,UPI
103494,2026-08-30,109,Sneha,503,Chair,Furniture,2,8000,200,COMPLETED,Delhi,Delhi,COD
103495,2026-08-31,110,Vikram,505,Table,Furniture,1,10000,100,COMPLETED,Kolkata,West Bengal,CARD
103496,2026-08-12,101,Ravi,509,Monitor,Electronics,5,20000,0,COMPLETED,Hyderabad,Telangana,NET_BANKING
103497,2026-08-15,106,Ramesh,503,Chair,Furniture,2,8000,1000,COMPLETED,Pune,Maharashtra,CARD
103498,2026-08-06,107,Lakshmi,505,Table,Furniture,2,10000,1000,COMPLETED,Chennai,Tamil Nadu,UPI
103499,2026-08-03,101,Ravi,505,Table,Furniture,2,10000,0,RETURNED,Hyderabad,Telangana,CARD
103500,2026-08-04,109,Sneha,506,Headphones,Electronics,5,5000,0,CANCELLED,Delhi,Delhi,COD
103501,2026-08-26,102,Anil,503,Chair,Furniture,3,8000,1000,COMPLETED,Hyderabad,Telangana,UPI
103502,2026-08-04,105,Priya,507,Desk,Furniture,1,15000,0,COMPLETED,Mumbai,Maharashtra,CARD
103503,2026-08-09,104,Kumar,501,Laptop,Electronics,4,60000,2000,COMPLETED,Bangalore,Karnataka,UPI
103504,2026-08-18,102,Anil,503,Chair,Furniture,2,8000,100,COMPLETED,Hyderabad,Telangana,UPI
103505,2026-08-24,101,Ravi,502,Mouse,Electronics,2,1000,200,COMPLETED,Hyderabad,Telangana,COD
103506,2026-08-03,102,Anil,506,Headphones,Electronics,2,5000,0,COMPLETED,Hyderabad,Telangana,NET_BANKING
103507,2026-08-01,109,Sneha,506,Headphones,Electronics,4,5000,2000,COMPLETED,Delhi,Delhi,NET_BANKING
103508,2026-08-10,104,Kumar,505,Table,Furniture,4,10000,0,COMPLETED,Bangalore,Karnataka,CARD
103509,2026-08-14,103,Sita,508,Mobile,Electronics,2,25000,500,COMPLETED,Chennai,Tamil Nadu,UPI
103510,2026-08-03,102,Anil,510,Bookshelf,Furniture,3,12000,200,COMPLETED,Hyderabad,Telangana,NET_BANKING
103511,2026-08-31,108,Arjun,504,Keyboard,Electronics,3,3000,5000,COMPLETED,Hyderabad,Telangana,NET_BANKING
103512,2026-08-18,104,Kumar,506,Headphones,Electronics,4,5000,0,COMPLETED,Bangalore,Karnataka,COD
103513,2026-08-06,109,Sneha,503,Chair,Furniture,3,8000,0,RETURNED,Delhi,Delhi,CARD
103514,2026-08-13,108,Arjun,503,Chair,Furniture,4,8000,0,COMPLETED,Hyderabad,Telangana,COD
103515,2026-08-30,107,Lakshmi,507,Desk,Furniture,3,15000,2000,COMPLETED,Chennai,Tamil Nadu,CARD
103516,2026-08-31,105,Priya,502,Mouse,Electronics,5,1000,5000,COMPLETED,Mumbai,Maharashtra,COD
103517,2026-08-26,109,Sneha,505,Table,Furniture,5,10000,500,COMPLETED,Delhi,Delhi,COD
103518,2026-08-19,102,Anil,503,Chair,Furniture,1,8000,200,COMPLETED,Hyderabad,Telangana,UPI
103519,2026-08-30,101,Ravi,507,Desk,Furniture,1,15000,500,COMPLETED,Hyderabad,Telangana,COD
103520,2026-08-05,105,Priya,503,Chair,Furniture,2,8000,1000,COMPLETED,Mumbai,Maharashtra,CARD
103521,2026-08-10,105,Priya,501,Laptop,Electronics,4,60000,2000,COMPLETED,Mumbai,Maharashtra,CARD
103522,2026-08-03,102,Anil,503,Chair,Furniture,3,8000,2000,COMPLETED,Hyderabad,Telangana,NET_BANKING
103523,2026-08-09,103,Sita,506,Headphones,Electronics,5,5000,100,COMPLETED,Chennai,Tamil Nadu,COD
103524,2026-08-21,105,Priya,505,Table,Furniture,1,10000,0,COMPLETED,Mumbai,Maharashtra,COD
103525,2026-08-18,104,Kumar,509,Monitor,Electronics,1,20000,100,COMPLETED,Bangalore,Karnataka,CARD
103526,2026-08-08,101,Ravi,507,Desk,Furniture,3,15000,200,COMPLETED,Hyderabad,Telangana,NET_BANKING
103527,2026-08-26,109,Sneha,509,Monitor,Electronics,2,20000,0,COMPLETED,Delhi,Delhi,NET_BANKING
103528,2026-08-18,110,Vikram,507,Desk,Furniture,1,15000,2000,COMPLETED,Kolkata,West Bengal,NET_BANKING
103529,2026-08-28,101,Ravi,506,Headphones,Electronics,1,5000,0,COMPLETED,Hyderabad,Telangana,CARD
103530,2026-08-27,102,Anil,503,Chair,Furniture,3,8000,500,COMPLETED,Hyderabad,Telangana,NET_BANKING
103531,2026-08-08,102,Anil,503,Chair,Furniture,1,8000,0,CANCELLED,Hyderabad,Telangana,COD
103532,2026-08-20,101,Ravi,505,Table,Furniture,5,10000,2000,COMPLETED,Hyderabad,Telangana,CARD
103533,2026-08-04,108,Arjun,503,Chair,Furniture,5,8000,2000,COMPLETED,Hyderabad,Telangana,UPI
103534,2026-08-02,104,Kumar,503,Chair,Furniture,2,8000,0,COMPLETED,Bangalore,Karnataka,COD
103535,2026-08-20,109,Sneha,510,Bookshelf,Furniture,5,12000,0,COMPLETED,Delhi,Delhi,UPI
103536,2026-08-31,105,Priya,501,Laptop,Electronics,1,60000,200,COMPLETED,Mumbai,Maharashtra,COD
103537,2026-08-04,102,Anil,504,Keyboard,Electronics,4,3000,0,COMPLETED,Hyderabad,Telangana,COD
103538,2026-08-02,109,Sneha,507,Desk,Furniture,1,15000,2000,COMPLETED,Delhi,Delhi,NET_BANKING
103539,2026-08-24,110,Vikram,501,Laptop,Electronics,5,60000,500,COMPLETED,Kolkata,West Bengal,NET_BANKING
103540,2026-08-11,108,Arjun,509,Monitor,Electronics,3,20000,0,COMPLETED,Hyderabad,Telangana,UPI
103541,2026-08-31,102,Anil,504,Keyboard,Electronics,4,3000,1000,COMPLETED,Hyderabad,Telangana,NET_BANKING
103542,2026-08-23,109,Sneha,503,Chair,Furniture,1,8000,0,COMPLETED,Delhi,Delhi,CARD
103543,2026-08-22,109,Sneha,509,Monitor,Electronics,4,20000,0,COMPLETED,Delhi,Delhi,CARD
103544,2026-08-25,108,Arjun,510,Bookshelf,Furniture,1,12000,200,COMPLETED,Hyderabad,Telangana,UPI
103545,2026-08-14,107,Lakshmi,502,Mouse,Electronics,1,1000,0,RETURNED,Chennai,Tamil Nadu,COD
103546,2026-08-29,103,Sita,503,Chair,Furniture,2,8000,2000,COMPLETED,Chennai,Tamil Nadu,COD
103547,2026-08-18,108,Arjun,502,Mouse,Electronics,2,1000,5000,COMPLETED,Hyderabad,Telangana,CARD
103548,2026-08-29,101,Ravi,508,Mobile,Electronics,4,25000,0,COMPLETED,Hyderabad,Telangana,CARD
103549,2026-08-01,105,Priya,509,Monitor,Electronics,5,20000,1000,COMPLETED,Mumbai,Maharashtra,COD
103550,2026-08-01,109,Sneha,501,Laptop,Electronics,2,60000,500,CANCELLED,Delhi,Delhi,NET_BANKING
103551,2026-08-07,104,Kumar,503,Chair,Furniture,4,8000,100,COMPLETED,Bangalore,Karnataka,UPI
103552,2026-08-02,107,Lakshmi,510,Bookshelf,Furniture,4,12000,2000,COMPLETED,Chennai,Tamil Nadu,NET_BANKING
103553,2026-08-13,108,Arjun,505,Table,Furniture,4,10000,0,COMPLETED,Hyderabad,Telangana,COD
103554,2026-08-14,106,Ramesh,502,Mouse,Electronics,5,1000,0,COMPLETED,Pune,Maharashtra,NET_BANKING
103555,2026-08-11,103,Sita,502,Mouse,Electronics,1,1000,0,COMPLETED,Chennai,Tamil Nadu,NET_BANKING
103556,2026-08-03,103,Sita,507,Desk,Furniture,1,15000,5000,COMPLETED,Chennai,Tamil Nadu,CARD
103557,2026-08-02,104,Kumar,506,Headphones,Electronics,5,5000,500,COMPLETED,Bangalore,Karnataka,NET_BANKING
103558,2026-08-20,104,Kumar,502,Mouse,Electronics,5,1000,200,COMPLETED,Bangalore,Karnataka,CARD
103559,2026-08-28,105,Priya,509,Monitor,Electronics,3,20000,0,COMPLETED,Mumbai,Maharashtra,UPI
103560,2026-08-30,101,Ravi,505,Table,Furniture,1,10000,2000,COMPLETED,Hyderabad,Telangana,UPI
103561,2026-08-28,101,Ravi,506,Headphones,Electronics,2,5000,0,COMPLETED,Hyderabad,Telangana,UPI
103562,2026-08-13,106,Ramesh,502,Mouse,Electronics,4,1000,1000,RETURNED,Pune,Maharashtra,COD
103563,2026-08-23,105,Priya,507,Desk,Furniture,2,15000,200,CANCELLED,Mumbai,Maharashtra,NET_BANKING
103564,2026-08-18,104,Kumar,505,Table,Furniture,1,10000,0,COMPLETED,Bangalore,Karnataka,NET_BANKING
103565,2026-08-29,101,Ravi,502,Mouse,Electronics,3,1000,5000,COMPLETED,Hyderabad,Telangana,NET_BANKING
103566,2026-08-17,103,Sita,508,Mobile,Electronics,5,25000,2000,COMPLETED,Chennai,Tamil Nadu,NET_BANKING
103567,2026-08-18,108,Arjun,504,Keyboard,Electronics,3,3000,1000,RETURNED,Hyderabad,Telangana,UPI
103568,2026-08-25,103,Sita,509,Monitor,Electronics,1,20000,5000,COMPLETED,Chennai,Tamil Nadu,NET_BANKING
103569,2026-08-08,102,Anil,503,Chair,Furniture,5,8000,1000,RETURNED,Hyderabad,Telangana,COD
103570,2026-08-11,109,Sneha,502,Mouse,Electronics,3,1000,500,COMPLETED,Delhi,Delhi,COD
103571,2026-08-15,101,Ravi,510,Bookshelf,Furniture,2,12000,200,CANCELLED,Hyderabad,Telangana,COD
103572,2026-08-10,101,Ravi,503,Chair,Furniture,3,8000,2000,RETURNED,Hyderabad,Telangana,NET_BANKING
103573,2026-08-25,105,Priya,507,Desk,Furniture,4,15000,5000,COMPLETED,Mumbai,Maharashtra,UPI
103574,2026-08-15,106,Ramesh,502,Mouse,Electronics,1,1000,0,COMPLETED,Pune,Maharashtra,CARD
103575,2026-08-15,101,Ravi,509,Monitor,Electronics,1,20000,1000,COMPLETED,Hyderabad,Telangana,NET_BANKING
103576,2026-08-21,108,Arjun,509,Monitor,Electronics,2,20000,5000,CANCELLED,Hyderabad,Telangana,UPI
103577,2026-08-16,104,Kumar,502,Mouse,Electronics,3,1000,500,COMPLETED,Bangalore,Karnataka,UPI
103578,2026-08-10,103,Sita,508,Mobile,Electronics,1,25000,500,COMPLETED,Chennai,Tamil Nadu,NET_BANKING
103579,2026-08-13,108,Arjun,503,Chair,Furniture,1,8000,100,COMPLETED,Hyderabad,Telangana,CARD
103580,2026-08-25,106,Ramesh,505,Table,Furniture,4,10000,2000,COMPLETED,Pune,Maharashtra,COD
103581,2026-08-17,103,Sita,509,Monitor,Electronics,3,20000,0,COMPLETED,Chennai,Tamil Nadu,COD
103582,2026-08-05,107,Lakshmi,505,Table,Furniture,1,10000,5000,COMPLETED,Chennai,Tamil Nadu,COD
103583,2026-08-16,104,Kumar,503,Chair,Furniture,1,8000,200,COMPLETED,Bangalore,Karnataka,CARD
103584,2026-08-16,109,Sneha,507,Desk,Furniture,4,15000,100,COMPLETED,Delhi,Delhi,CARD
103585,2026-08-14,104,Kumar,509,Monitor,Electronics,5,20000,5000,COMPLETED,Bangalore,Karnataka,UPI
103586,2026-08-26,107,Lakshmi,501,Laptop,Electronics,3,60000,2000,COMPLETED,Chennai,Tamil Nadu,CARD
103587,2026-08-23,103,Sita,501,Laptop,Electronics,3,60000,1000,RETURNED,Chennai,Tamil Nadu,CARD
103588,2026-08-12,105,Priya,501,Laptop,Electronics,1,60000,100,COMPLETED,Mumbai,Maharashtra,CARD
103589,2026-08-24,110,Vikram,507,Desk,Furniture,1,15000,1000,COMPLETED,Kolkata,West Bengal,COD
103590,2026-08-25,107,Lakshmi,505,Table,Furniture,1,10000,1000,COMPLETED,Chennai,Tamil Nadu,NET_BANKING
103591,2026-08-02,107,Lakshmi,508,Mobile,Electronics,4,25000,5000,COMPLETED,Chennai,Tamil Nadu,NET_BANKING
103592,2026-08-06,106,Ramesh,505,Table,Furniture,4,10000,0,COMPLETED,Pune,Maharashtra,UPI
103593,2026-08-09,104,Kumar,509,Monitor,Electronics,2,20000,100,COMPLETED,Bangalore,Karnataka,CARD
103594,2026-08-15,107,Lakshmi,503,Chair,Furniture,2,8000,100,COMPLETED,Chennai,Tamil Nadu,CARD
103595,2026-08-16,103,Sita,503,Chair,Furniture,1,8000,0,RETURNED,Chennai,Tamil Nadu,UPI
103596,2026-08-21,108,Arjun,506,Headphones,Electronics,4,5000,2000,COMPLETED,Hyderabad,Telangana,UPI
103597,2026-08-14,108,Arjun,502,Mouse,Electronics,2,1000,0,RETURNED,Hyderabad,Telangana,NET_BANKING
103598,2026-08-29,103,Sita,510,Bookshelf,Furniture,5,12000,1000,COMPLETED,Chennai,Tamil Nadu,NET_BANKING
103599,2026-08-13,105,Priya,509,Monitor,Electronics,5,20000,200,COMPLETED,Mumbai,Maharashtra,NET_BANKING
103600,2026-08-27,103,Sita,502,Mouse,Electronics,4,1000,0,COMPLETED,Chennai,Tamil Nadu,CARD
103601,2026-08-29,103,Sita,501,Laptop,Electronics,2,60000,2000,COMPLETED,Chennai,Tamil Nadu,UPI
103602,2026-08-06,102,Anil,505,Table,Furniture,4,10000,500,COMPLETED,Hyderabad,Telangana,UPI
103603,2026-08-18,101,Ravi,507,Desk,Furniture,1,15000,0,COMPLETED,Hyderabad,Telangana,COD
103604,2026-08-26,101,Ravi,504,Keyboard,Electronics,1,3000,2000,COMPLETED,Hyderabad,Telangana,COD
103605,2026-08-22,101,Ravi,506,Headphones,Electronics,1,5000,0,COMPLETED,Hyderabad,Telangana,CARD
103606,2026-08-14,104,Kumar,503,Chair,Furniture,4,8000,100,COMPLETED,Bangalore,Karnataka,NET_BANKING
103607,2026-08-08,107,Lakshmi,510,Bookshelf,Furniture,1,12000,5000,COMPLETED,Chennai,Tamil Nadu,NET_BANKING
103608,2026-08-08,108,Arjun,507,Desk,Furniture,5,15000,0,COMPLETED,Hyderabad,Telangana,CARD
103609,2026-08-24,110,Vikram,501,Laptop,Electronics,4,60000,1000,COMPLETED,Kolkata,West Bengal,UPI
103610,2026-08-20,103,Sita,506,Headphones,Electronics,5,5000,1000,COMPLETED,Chennai,Tamil Nadu,CARD
103611,2026-08-05,110,Vikram,504,Keyboard,Electronics,4,3000,100,RETURNED,Kolkata,West Bengal,COD
103612,2026-08-28,103,Sita,509,Monitor,Electronics,1,20000,100,COMPLETED,Chennai,Tamil Nadu,UPI
103613,2026-08-12,107,Lakshmi,504,Keyboard,Electronics,1,3000,500,RETURNED,Chennai,Tamil Nadu,COD
103614,2026-08-27,101,Ravi,503,Chair,Furniture,4,8000,2000,COMPLETED,Hyderabad,Telangana,COD
103615,2026-08-15,106,Ramesh,503,Chair,Furniture,2,8000,500,COMPLETED,Pune,Maharashtra,CARD
103616,2026-08-09,110,Vikram,508,Mobile,Electronics,5,25000,1000,COMPLETED,Kolkata,West Bengal,COD
103617,2026-08-28,101,Ravi,509,Monitor,Electronics,5,20000,2000,COMPLETED,Hyderabad,Telangana,UPI
103618,2026-08-12,107,Lakshmi,508,Mobile,Electronics,4,25000,0,COMPLETED,Chennai,Tamil Nadu,UPI
103619,2026-08-22,109,Sneha,501,Laptop,Electronics,1,60000,100,COMPLETED,Delhi,Delhi,UPI
103620,2026-08-25,103,Sita,503,Chair,Furniture,1,8000,1000,RETURNED,Chennai,Tamil Nadu,NET_BANKING
103621,2026-08-02,104,Kumar,510,Bookshelf,Furniture,3,12000,500,COMPLETED,Bangalore,Karnataka,UPI
103622,2026-08-06,110,Vikram,504,Keyboard,Electronics,2,3000,1000,COMPLETED,Kolkata,West Bengal,CARD
103623,2026-08-01,104,Kumar,503,Chair,Furniture,2,8000,200,COMPLETED,Bangalore,Karnataka,UPI
103624,2026-08-26,101,Ravi,503,Chair,Furniture,3,8000,1000,COMPLETED,Hyderabad,Telangana,UPI
103625,2026-08-29,102,Anil,510,Bookshelf,Furniture,2,12000,1000,COMPLETED,Hyderabad,Telangana,NET_BANKING
103626,2026-08-28,101,Ravi,504,Keyboard,Electronics,4,3000,500,CANCELLED,Hyderabad,Telangana,CARD
103627,2026-08-25,110,Vikram,504,Keyboard,Electronics,2,3000,200,COMPLETED,Kolkata,West Bengal,NET_BANKING
103628,2026-08-30,104,Kumar,507,Desk,Furniture,2,15000,2000,COMPLETED,Bangalore,Karnataka,UPI
103629,2026-08-12,109,Sneha,501,Laptop,Electronics,5,60000,200,COMPLETED,Delhi,Delhi,CARD
103630,2026-08-03,105,Priya,505,Table,Furniture,2,10000,0,COMPLETED,Mumbai,Maharashtra,NET_BANKING
103631,2026-08-11,110,Vikram,507,Desk,Furniture,5,15000,100,COMPLETED,Kolkata,West Bengal,UPI
103632,2026-08-31,103,Sita,504,Keyboard,Electronics,4,3000,2000,COMPLETED,Chennai,Tamil Nadu,UPI
103633,2026-08-10,108,Arjun,508,Mobile,Electronics,5,25000,1000,COMPLETED,Hyderabad,Telangana,CARD
103634,2026-08-13,102,Anil,501,Laptop,Electronics,2,60000,500,COMPLETED,Hyderabad,Telangana,UPI
103635,2026-08-29,110,Vikram,504,Keyboard,Electronics,4,3000,1000,COMPLETED,Kolkata,West Bengal,UPI
103636,2026-08-06,110,Vikram,503,Chair,Furniture,4,8000,5000,COMPLETED,Kolkata,West Bengal,CARD
103637,2026-08-12,102,Anil,508,Mobile,Electronics,2,25000,2000,COMPLETED,Hyderabad,Telangana,COD
103638,2026-08-11,105,Priya,508,Mobile,Electronics,2,25000,2000,COMPLETED,Mumbai,Maharashtra,COD
103639,2026-08-23,102,Anil,503,Chair,Furniture,1,8000,2000,COMPLETED,Hyderabad,Telangana,COD
103640,2026-08-01,104,Kumar,501,Laptop,Electronics,5,60000,100,COMPLETED,Bangalore,Karnataka,NET_BANKING
103641,2026-08-09,106,Ramesh,503,Chair,Furniture,1,8000,200,COMPLETED,Pune,Maharashtra,UPI
103642,2026-08-23,102,Anil,506,Headphones,Electronics,2,5000,1000,COMPLETED,Hyderabad,Telangana,UPI
103643,2026-08-09,106,Ramesh,502,Mouse,Electronics,2,1000,100,COMPLETED,Pune,Maharashtra,UPI
103644,2026-08-22,105,Priya,504,Keyboard,Electronics,1,3000,5000,COMPLETED,Mumbai,Maharashtra,COD
103645,2026-08-15,103,Sita,505,Table,Furniture,5,10000,100,COMPLETED,Chennai,Tamil Nadu,NET_BANKING
103646,2026-08-03,103,Sita,503,Chair,Furniture,5,8000,200,CANCELLED,Chennai,Tamil Nadu,NET_BANKING
103647,2026-08-26,106,Ramesh,509,Monitor,Electronics,1,20000,100,CANCELLED,Pune,Maharashtra,UPI
103648,2026-08-16,105,Priya,509,Monitor,Electronics,4,20000,0,COMPLETED,Mumbai,Maharashtra,COD
103649,2026-08-07,107,Lakshmi,510,Bookshelf,Furniture,2,12000,200,RETURNED,Chennai,Tamil Nadu,CARD
103650,2026-08-18,110,Vikram,510,Bookshelf,Furniture,4,12000,1000,COMPLETED,Kolkata,West Bengal,NET_BANKING
103651,2026-08-06,110,Vikram,501,Laptop,Electronics,3,60000,5000,CANCELLED,Kolkata,West Bengal,NET_BANKING
103652,2026-08-02,107,Lakshmi,505,Table,Furniture,5,10000,1000,COMPLETED,Chennai,Tamil Nadu,NET_BANKING
103653,2026-08-07,109,Sneha,509,Monitor,Electronics,5,20000,100,RETURNED,Delhi,Delhi,NET_BANKING
103654,2026-08-05,107,Lakshmi,508,Mobile,Electronics,4,25000,100,COMPLETED,Chennai,Tamil Nadu,NET_BANKING
103655,2026-08-05,107,Lakshmi,508,Mobile,Electronics,5,25000,100,COMPLETED,Chennai,Tamil Nadu,NET_BANKING
103656,2026-08-24,104,Kumar,506,Headphones,Electronics,3,5000,0,COMPLETED,Bangalore,Karnataka,COD
103657,2026-08-06,103,Sita,509,Monitor,Electronics,2,20000,100,COMPLETED,Chennai,Tamil Nadu,UPI
103658,2026-08-06,102,Anil,509,Monitor,Electronics,3,20000,2000,COMPLETED,Hyderabad,Telangana,NET_BANKING
103659,2026-08-18,108,Arjun,503,Chair,Furniture,4,8000,200,COMPLETED,Hyderabad,Telangana,NET_BANKING
103660,2026-08-03,103,Sita,501,Laptop,Electronics,2,60000,100,COMPLETED,Chennai,Tamil Nadu,NET_BANKING
103661,2026-08-19,102,Anil,505,Table,Furniture,5,10000,100,COMPLETED,Hyderabad,Telangana,UPI
103662,2026-08-23,101,Ravi,510,Bookshelf,Furniture,4,12000,2000,COMPLETED,Hyderabad,Telangana,COD
103663,2026-08-14,101,Ravi,503,Chair,Furniture,4,8000,0,COMPLETED,Hyderabad,Telangana,NET_BANKING
103664,2026-08-12,101,Ravi,510,Bookshelf,Furniture,4,12000,200,COMPLETED,Hyderabad,Telangana,UPI
103665,2026-08-21,108,Arjun,505,Table,Furniture,1,10000,0,CANCELLED,Hyderabad,Telangana,CARD
103666,2026-08-02,110,Vikram,502,Mouse,Electronics,1,1000,200,COMPLETED,Kolkata,West Bengal,NET_BANKING
103667,2026-08-20,104,Kumar,509,Monitor,Electronics,2,20000,100,COMPLETED,Bangalore,Karnataka,NET_BANKING
103668,2026-08-03,108,Arjun,502,Mouse,Electronics,5,1000,200,COMPLETED,Hyderabad,Telangana,UPI
103669,2026-08-31,101,Ravi,507,Desk,Furniture,1,15000,100,COMPLETED,Hyderabad,Telangana,COD
103670,2026-08-13,101,Ravi,506,Headphones,Electronics,3,5000,2000,COMPLETED,Hyderabad,Telangana,COD
103671,2026-08-14,101,Ravi,508,Mobile,Electronics,2,25000,2000,COMPLETED,Hyderabad,Telangana,CARD
103672,2026-08-01,109,Sneha,506,Headphones,Electronics,1,5000,1000,COMPLETED,Delhi,Delhi,COD
103673,2026-08-09,103,Sita,504,Keyboard,Electronics,4,3000,0,COMPLETED,Chennai,Tamil Nadu,COD
103674,2026-08-22,103,Sita,504,Keyboard,Electronics,1,3000,200,COMPLETED,Chennai,Tamil Nadu,COD
103675,2026-08-21,102,Anil,501,Laptop,Electronics,5,60000,500,COMPLETED,Hyderabad,Telangana,UPI
103676,2026-08-05,107,Lakshmi,505,Table,Furniture,2,10000,0,COMPLETED,Chennai,Tamil Nadu,NET_BANKING
103677,2026-08-04,105,Priya,505,Table,Furniture,2,10000,5000,COMPLETED,Mumbai,Maharashtra,COD
103678,2026-08-17,108,Arjun,507,Desk,Furniture,3,15000,5000,COMPLETED,Hyderabad,Telangana,UPI
103679,2026-08-26,107,Lakshmi,504,Keyboard,Electronics,3,3000,500,COMPLETED,Chennai,Tamil Nadu,UPI
103680,2026-08-26,105,Priya,507,Desk,Furniture,1,15000,5000,COMPLETED,Mumbai,Maharashtra,NET_BANKING
103681,2026-08-18,102,Anil,509,Monitor,Electronics,4,20000,0,COMPLETED,Hyderabad,Telangana,COD
103682,2026-08-19,110,Vikram,510,Bookshelf,Furniture,2,12000,100,COMPLETED,Kolkata,West Bengal,CARD
103683,2026-08-10,101,Ravi,503,Chair,Furniture,5,8000,200,COMPLETED,Hyderabad,Telangana,NET_BANKING
103684,2026-08-03,105,Priya,505,Table,Furniture,4,10000,100,COMPLETED,Mumbai,Maharashtra,NET_BANKING
103685,2026-08-25,106,Ramesh,507,Desk,Furniture,3,15000,200,COMPLETED,Pune,Maharashtra,COD
103686,2026-08-15,110,Vikram,505,Table,Furniture,5,10000,0,COMPLETED,Kolkata,West Bengal,NET_BANKING
103687,2026-08-12,105,Priya,509,Monitor,Electronics,2,20000,2000,RETURNED,Mumbai,Maharashtra,CARD
103688,2026-08-19,107,Lakshmi,509,Monitor,Electronics,1,20000,500,CANCELLED,Chennai,Tamil Nadu,COD
103689,2026-08-17,103,Sita,504,Keyboard,Electronics,4,3000,500,COMPLETED,Chennai,Tamil Nadu,UPI
103690,2026-08-11,101,Ravi,510,Bookshelf,Furniture,2,12000,1000,COMPLETED,Hyderabad,Telangana,NET_BANKING
103691,2026-08-06,108,Arjun,505,Table,Furniture,1,10000,2000,CANCELLED,Hyderabad,Telangana,NET_BANKING
103692,2026-08-25,104,Kumar,506,Headphones,Electronics,5,5000,0,COMPLETED,Bangalore,Karnataka,CARD
103693,2026-08-03,108,Arjun,509,Monitor,Electronics,3,20000,2000,COMPLETED,Hyderabad,Telangana,NET_BANKING
103694,2026-08-24,108,Arjun,507,Desk,Furniture,1,15000,500,COMPLETED,Hyderabad,Telangana,COD
103695,2026-08-09,109,Sneha,509,Monitor,Electronics,3,20000,200,COMPLETED,Delhi,Delhi,UPI
103696,2026-08-03,107,Lakshmi,507,Desk,Furniture,5,15000,5000,COMPLETED,Chennai,Tamil Nadu,NET_BANKING
103697,2026-08-29,107,Lakshmi,505,Table,Furniture,4,10000,5000,COMPLETED,Chennai,Tamil Nadu,COD
103698,2026-08-18,104,Kumar,507,Desk,Furniture,1,15000,1000,COMPLETED,Bangalore,Karnataka,NET_BANKING
103699,2026-08-12,102,Anil,509,Monitor,Electronics,5,20000,0,COMPLETED,Hyderabad,Telangana,CARD
103700,2026-08-30,108,Arjun,508,Mobile,Electronics,2,25000,0,COMPLETED,Hyderabad,Telangana,NET_BANKING
103701,2026-08-23,106,Ramesh,501,Laptop,Electronics,4,60000,2000,COMPLETED,Pune,Maharashtra,NET_BANKING
103702,2026-08-14,104,Kumar,506,Headphones,Electronics,4,5000,0,COMPLETED,Bangalore,Karnataka,UPI
103703,2026-08-15,104,Kumar,504,Keyboard,Electronics,3,3000,2000,COMPLETED,Bangalore,Karnataka,CARD
103704,2026-08-13,104,Kumar,501,Laptop,Electronics,4,60000,5000,CANCELLED,Bangalore,Karnataka,CARD
103705,2026-08-16,101,Ravi,507,Desk,Furniture,1,15000,100,COMPLETED,Hyderabad,Telangana,CARD
103706,2026-08-29,107,Lakshmi,507,Desk,Furniture,4,15000,500,RETURNED,Chennai,Tamil Nadu,UPI
103707,2026-08-25,110,Vikram,501,Laptop,Electronics,5,60000,5000,COMPLETED,Kolkata,West Bengal,COD
103708,2026-08-17,106,Ramesh,504,Keyboard,Electronics,3,3000,0,COMPLETED,Pune,Maharashtra,COD
103709,2026-08-14,104,Kumar,510,Bookshelf,Furniture,2,12000,500,CANCELLED,Bangalore,Karnataka,CARD
103710,2026-08-28,109,Sneha,510,Bookshelf,Furniture,5,12000,5000,COMPLETED,Delhi,Delhi,UPI
103711,2026-08-28,106,Ramesh,506,Headphones,Electronics,1,5000,500,COMPLETED,Pune,Maharashtra,CARD
103712,2026-08-23,103,Sita,502,Mouse,Electronics,4,1000,0,COMPLETED,Chennai,Tamil Nadu,COD
103713,2026-08-28,102,Anil,509,Monitor,Electronics,4,20000,5000,COMPLETED,Hyderabad,Telangana,COD
103714,2026-08-06,107,Lakshmi,504,Keyboard,Electronics,1,3000,0,COMPLETED,Chennai,Tamil Nadu,CARD
103715,2026-08-16,110,Vikram,501,Laptop,Electronics,2,60000,100,RETURNED,Kolkata,West Bengal,UPI
103716,2026-08-30,110,Vikram,509,Monitor,Electronics,2,20000,5000,COMPLETED,Kolkata,West Bengal,CARD
103717,2026-08-31,107,Lakshmi,506,Headphones,Electronics,2,5000,200,COMPLETED,Chennai,Tamil Nadu,UPI
103718,2026-08-18,108,Arjun,501,Laptop,Electronics,4,60000,500,COMPLETED,Hyderabad,Telangana,NET_BANKING
103719,2026-08-19,103,Sita,507,Desk,Furniture,3,15000,100,COMPLETED,Chennai,Tamil Nadu,CARD
103720,2026-08-22,110,Vikram,509,Monitor,Electronics,2,20000,0,CANCELLED,Kolkata,West Bengal,CARD
103721,2026-08-22,106,Ramesh,505,Table,Furniture,5,10000,0,COMPLETED,Pune,Maharashtra,NET_BANKING
103722,2026-08-20,106,Ramesh,510,Bookshelf,Furniture,4,12000,5000,COMPLETED,Pune,Maharashtra,COD
103723,2026-08-03,110,Vikram,503,Chair,Furniture,5,8000,1000,COMPLETED,Kolkata,West Bengal,COD
103724,2026-08-12,104,Kumar,501,Laptop,Electronics,3,60000,100,COMPLETED,Bangalore,Karnataka,CARD
103725,2026-08-24,109,Sneha,509,Monitor,Electronics,3,20000,200,COMPLETED,Delhi,Delhi,CARD
103726,2026-08-24,102,Anil,508,Mobile,Electronics,5,25000,0,COMPLETED,Hyderabad,Telangana,COD
103727,2026-08-13,109,Sneha,501,Laptop,Electronics,4,60000,500,COMPLETED,Delhi,Delhi,CARD
103728,2026-08-29,102,Anil,506,Headphones,Electronics,5,5000,0,COMPLETED,Hyderabad,Telangana,COD
103729,2026-08-30,105,Priya,510,Bookshelf,Furniture,2,12000,0,COMPLETED,Mumbai,Maharashtra,UPI
103730,2026-08-25,104,Kumar,508,Mobile,Electronics,1,25000,0,COMPLETED,Bangalore,Karnataka,UPI
103731,2026-08-14,110,Vikram,503,Chair,Furniture,3,8000,0,COMPLETED,Kolkata,West Bengal,UPI
103732,2026-08-17,104,Kumar,501,Laptop,Electronics,5,60000,0,COMPLETED,Bangalore,Karnataka,UPI
103733,2026-08-13,108,Arjun,503,Chair,Furniture,2,8000,100,COMPLETED,Hyderabad,Telangana,COD
103734,2026-08-21,109,Sneha,503,Chair,Furniture,3,8000,500,COMPLETED,Delhi,Delhi,NET_BANKING
103735,2026-08-15,101,Ravi,501,Laptop,Electronics,2,60000,1000,COMPLETED,Hyderabad,Telangana,CARD
103736,2026-08-03,108,Arjun,505,Table,Furniture,1,10000,2000,COMPLETED,Hyderabad,Telangana,UPI
103737,2026-08-22,107,Lakshmi,510,Bookshelf,Furniture,1,12000,2000,COMPLETED,Chennai,Tamil Nadu,CARD
103738,2026-08-13,108,Arjun,507,Desk,Furniture,2,15000,0,COMPLETED,Hyderabad,Telangana,UPI
103739,2026-08-27,109,Sneha,503,Chair,Furniture,1,8000,200,COMPLETED,Delhi,Delhi,UPI
103740,2026-08-21,108,Arjun,501,Laptop,Electronics,2,60000,2000,COMPLETED,Hyderabad,Telangana,NET_BANKING
103741,2026-08-07,105,Priya,505,Table,Furniture,3,10000,2000,COMPLETED,Mumbai,Maharashtra,CARD
103742,2026-08-17,105,Priya,506,Headphones,Electronics,4,5000,0,COMPLETED,Mumbai,Maharashtra,CARD
103743,2026-08-26,101,Ravi,505,Table,Furniture,2,10000,500,COMPLETED,Hyderabad,Telangana,NET_BANKING
103744,2026-08-20,104,Kumar,507,Desk,Furniture,1,15000,0,COMPLETED,Bangalore,Karnataka,CARD
103745,2026-08-08,108,Arjun,506,Headphones,Electronics,1,5000,100,COMPLETED,Hyderabad,Telangana,NET_BANKING
103746,2026-08-13,110,Vikram,508,Mobile,Electronics,1,25000,200,COMPLETED,Kolkata,West Bengal,COD
103747,2026-08-05,108,Arjun,501,Laptop,Electronics,3,60000,200,COMPLETED,Hyderabad,Telangana,NET_BANKING
103748,2026-08-02,103,Sita,505,Table,Furniture,3,10000,1000,COMPLETED,Chennai,Tamil Nadu,COD
103749,2026-08-25,105,Priya,509,Monitor,Electronics,1,20000,5000,COMPLETED,Mumbai,Maharashtra,NET_BANKING
103750,2026-08-28,101,Ravi,504,Keyboard,Electronics,4,3000,500,COMPLETED,Hyderabad,Telangana,CARD
103751,2026-08-28,102,Anil,506,Headphones,Electronics,5,5000,5000,COMPLETED,Hyderabad,Telangana,CARD
103752,2026-08-09,109,Sneha,506,Headphones,Electronics,4,5000,2000,COMPLETED,Delhi,Delhi,CARD
103753,2026-08-14,103,Sita,504,Keyboard,Electronics,1,3000,2000,COMPLETED,Chennai,Tamil Nadu,COD
103754,2026-08-17,110,Vikram,510,Bookshelf,Furniture,4,12000,500,COMPLETED,Kolkata,West Bengal,UPI
103755,2026-08-19,103,Sita,506,Headphones,Electronics,3,5000,5000,CANCELLED,Chennai,Tamil Nadu,CARD
103756,2026-08-31,103,Sita,501,Laptop,Electronics,3,60000,100,COMPLETED,Chennai,Tamil Nadu,COD
103757,2026-08-31,103,Sita,503,Chair,Furniture,4,8000,100,COMPLETED,Chennai,Tamil Nadu,COD
103758,2026-08-03,107,Lakshmi,507,Desk,Furniture,4,15000,2000,COMPLETED,Chennai,Tamil Nadu,CARD
103759,2026-08-20,106,Ramesh,507,Desk,Furniture,5,15000,100,COMPLETED,Pune,Maharashtra,CARD
103760,2026-08-25,104,Kumar,506,Headphones,Electronics,5,5000,5000,COMPLETED,Bangalore,Karnataka,COD
103761,2026-08-20,108,Arjun,508,Mobile,Electronics,2,25000,1000,RETURNED,Hyderabad,Telangana,COD
103762,2026-08-04,101,Ravi,505,Table,Furniture,2,10000,500,COMPLETED,Hyderabad,Telangana,CARD
103763,2026-08-31,101,Ravi,509,Monitor,Electronics,3,20000,200,COMPLETED,Hyderabad,Telangana,NET_BANKING
103764,2026-08-17,104,Kumar,510,Bookshelf,Furniture,2,12000,0,COMPLETED,Bangalore,Karnataka,CARD
103765,2026-08-01,107,Lakshmi,501,Laptop,Electronics,1,60000,0,COMPLETED,Chennai,Tamil Nadu,NET_BANKING
103766,2026-08-30,101,Ravi,508,Mobile,Electronics,4,25000,100,COMPLETED,Hyderabad,Telangana,UPI
103767,2026-08-28,105,Priya,504,Keyboard,Electronics,1,3000,500,CANCELLED,Mumbai,Maharashtra,UPI
103768,2026-08-04,104,Kumar,505,Table,Furniture,1,10000,200,COMPLETED,Bangalore,Karnataka,COD
103769,2026-08-29,106,Ramesh,503,Chair,Furniture,5,8000,5000,COMPLETED,Pune,Maharashtra,UPI
103770,2026-08-18,110,Vikram,510,Bookshelf,Furniture,4,12000,1000,CANCELLED,Kolkata,West Bengal,COD
103771,2026-08-24,105,Priya,503,Chair,Furniture,2,8000,500,COMPLETED,Mumbai,Maharashtra,NET_BANKING
103772,2026-08-02,110,Vikram,503,Chair,Furniture,5,8000,100,COMPLETED,Kolkata,West Bengal,NET_BANKING
103773,2026-08-19,104,Kumar,501,Laptop,Electronics,4,60000,2000,COMPLETED,Bangalore,Karnataka,UPI
103774,2026-08-18,110,Vikram,505,Table,Furniture,5,10000,2000,COMPLETED,Kolkata,West Bengal,UPI
103775,2026-08-18,106,Ramesh,507,Desk,Furniture,2,15000,0,COMPLETED,Pune,Maharashtra,COD
103776,2026-08-21,106,Ramesh,504,Keyboard,Electronics,1,3000,5000,COMPLETED,Pune,Maharashtra,COD
103777,2026-08-30,107,Lakshmi,502,Mouse,Electronics,5,1000,2000,COMPLETED,Chennai,Tamil Nadu,NET_BANKING
103778,2026-08-25,108,Arjun,503,Chair,Furniture,3,8000,0,COMPLETED,Hyderabad,Telangana,CARD
103779,2026-08-09,105,Priya,508,Mobile,Electronics,1,25000,100,COMPLETED,Mumbai,Maharashtra,CARD
103780,2026-08-16,102,Anil,504,Keyboard,Electronics,5,3000,1000,COMPLETED,Hyderabad,Telangana,UPI
103781,2026-08-16,101,Ravi,501,Laptop,Electronics,4,60000,5000,COMPLETED,Hyderabad,Telangana,CARD
103782,2026-08-12,102,Anil,508,Mobile,Electronics,1,25000,200,COMPLETED,Hyderabad,Telangana,UPI
103783,2026-08-31,110,Vikram,503,Chair,Furniture,1,8000,100,CANCELLED,Kolkata,West Bengal,NET_BANKING
103784,2026-08-20,110,Vikram,510,Bookshelf,Furniture,1,12000,200,COMPLETED,Kolkata,West Bengal,COD
103785,2026-08-15,104,Kumar,504,Keyboard,Electronics,1,3000,200,COMPLETED,Bangalore,Karnataka,CARD
103786,2026-08-09,105,Priya,505,Table,Furniture,4,10000,500,COMPLETED,Mumbai,Maharashtra,UPI
103787,2026-08-14,105,Priya,508,Mobile,Electronics,1,25000,5000,RETURNED,Mumbai,Maharashtra,COD
103788,2026-08-11,103,Sita,504,Keyboard,Electronics,1,3000,0,CANCELLED,Chennai,Tamil Nadu,COD
103789,2026-08-03,107,Lakshmi,506,Headphones,Electronics,5,5000,0,COMPLETED,Chennai,Tamil Nadu,UPI
103790,2026-08-03,109,Sneha,506,Headphones,Electronics,4,5000,200,COMPLETED,Delhi,Delhi,CARD
103791,2026-08-12,109,Sneha,510,Bookshelf,Furniture,1,12000,500,COMPLETED,Delhi,Delhi,COD
103792,2026-08-02,104,Kumar,505,Table,Furniture,5,10000,0,COMPLETED,Bangalore,Karnataka,NET_BANKING
103793,2026-08-12,109,Sneha,501,Laptop,Electronics,3,60000,0,CANCELLED,Delhi,Delhi,UPI
103794,2026-08-09,106,Ramesh,508,Mobile,Electronics,3,25000,2000,CANCELLED,Pune,Maharashtra,NET_BANKING
103795,2026-08-22,104,Kumar,510,Bookshelf,Furniture,1,12000,2000,COMPLETED,Bangalore,Karnataka,COD
103796,2026-08-02,108,Arjun,501,Laptop,Electronics,3,60000,0,COMPLETED,Hyderabad,Telangana,CARD
103797,2026-08-11,101,Ravi,505,Table,Furniture,3,10000,0,COMPLETED,Hyderabad,Telangana,NET_BANKING
103798,2026-08-20,101,Ravi,504,Keyboard,Electronics,5,3000,100,COMPLETED,Hyderabad,Telangana,UPI
103799,2026-08-22,109,Sneha,501,Laptop,Electronics,2,60000,2000,COMPLETED,Delhi,Delhi,CARD
103800,2026-08-17,101,Ravi,504,Keyboard,Electronics,3,3000,2000,CANCELLED,Hyderabad,Telangana,NET_BANKING
103801,2026-08-18,101,Ravi,508,Mobile,Electronics,5,25000,0,COMPLETED,Hyderabad,Telangana,COD
103802,2026-08-20,106,Ramesh,503,Chair,Furniture,3,8000,0,COMPLETED,Pune,Maharashtra,NET_BANKING
103803,2026-08-07,107,Lakshmi,510,Bookshelf,Furniture,2,12000,200,COMPLETED,Chennai,Tamil Nadu,COD
103804,2026-08-02,103,Sita,504,Keyboard,Electronics,2,3000,5000,COMPLETED,Chennai,Tamil Nadu,NET_BANKING
103805,2026-08-30,101,Ravi,509,Monitor,Electronics,5,20000,0,RETURNED,Hyderabad,Telangana,COD
103806,2026-08-17,108,Arjun,501,Laptop,Electronics,5,60000,5000,COMPLETED,Hyderabad,Telangana,CARD
103807,2026-08-20,101,Ravi,502,Mouse,Electronics,5,1000,0,COMPLETED,Hyderabad,Telangana,NET_BANKING
103808,2026-08-03,104,Kumar,502,Mouse,Electronics,2,1000,100,COMPLETED,Bangalore,Karnataka,COD
103809,2026-08-11,102,Anil,502,Mouse,Electronics,5,1000,500,COMPLETED,Hyderabad,Telangana,NET_BANKING
103810,2026-08-11,109,Sneha,501,Laptop,Electronics,2,60000,2000,COMPLETED,Delhi,Delhi,CARD
103811,2026-08-20,102,Anil,502,Mouse,Electronics,4,1000,0,COMPLETED,Hyderabad,Telangana,COD
103812,2026-08-01,103,Sita,503,Chair,Furniture,3,8000,200,COMPLETED,Chennai,Tamil Nadu,COD
103813,2026-08-16,101,Ravi,508,Mobile,Electronics,3,25000,1000,CANCELLED,Hyderabad,Telangana,NET_BANKING
103814,2026-08-24,105,Priya,508,Mobile,Electronics,1,25000,100,COMPLETED,Mumbai,Maharashtra,CARD
103815,2026-08-25,102,Anil,508,Mobile,Electronics,1,25000,500,COMPLETED,Hyderabad,Telangana,UPI
103816,2026-08-11,110,Vikram,510,Bookshelf,Furniture,2,12000,500,COMPLETED,Kolkata,West Bengal,COD
103817,2026-08-05,107,Lakshmi,507,Desk,Furniture,4,15000,100,COMPLETED,Chennai,Tamil Nadu,NET_BANKING
103818,2026-08-30,110,Vikram,507,Desk,Furniture,1,15000,1000,COMPLETED,Kolkata,West Bengal,UPI
103819,2026-08-03,103,Sita,507,Desk,Furniture,5,15000,500,COMPLETED,Chennai,Tamil Nadu,CARD
103820,2026-08-27,106,Ramesh,508,Mobile,Electronics,5,25000,5000,COMPLETED,Pune,Maharashtra,CARD
103821,2026-08-13,107,Lakshmi,509,Monitor,Electronics,1,20000,1000,COMPLETED,Chennai,Tamil Nadu,COD
103822,2026-08-13,104,Kumar,501,Laptop,Electronics,4,60000,200,COMPLETED,Bangalore,Karnataka,UPI
103823,2026-08-05,106,Ramesh,501,Laptop,Electronics,5,60000,0,COMPLETED,Pune,Maharashtra,COD
103824,2026-08-20,105,Priya,501,Laptop,Electronics,5,60000,0,COMPLETED,Mumbai,Maharashtra,CARD
103825,2026-08-19,110,Vikram,501,Laptop,Electronics,1,60000,100,COMPLETED,Kolkata,West Bengal,CARD
103826,2026-08-12,101,Ravi,503,Chair,Furniture,2,8000,0,COMPLETED,Hyderabad,Telangana,NET_BANKING
103827,2026-08-23,106,Ramesh,503,Chair,Furniture,2,8000,5000,RETURNED,Pune,Maharashtra,NET_BANKING
103828,2026-08-23,110,Vikram,508,Mobile,Electronics,5,25000,1000,COMPLETED,Kolkata,West Bengal,UPI
103829,2026-08-13,110,Vikram,503,Chair,Furniture,1,8000,0,COMPLETED,Kolkata,West Bengal,COD
103830,2026-08-28,101,Ravi,503,Chair,Furniture,4,8000,1000,COMPLETED,Hyderabad,Telangana,NET_BANKING
103831,2026-08-26,106,Ramesh,505,Table,Furniture,3,10000,100,COMPLETED,Pune,Maharashtra,NET_BANKING
103832,2026-08-31,105,Priya,509,Monitor,Electronics,5,20000,500,CANCELLED,Mumbai,Maharashtra,NET_BANKING
103833,2026-08-17,106,Ramesh,504,Keyboard,Electronics,1,3000,0,COMPLETED,Pune,Maharashtra,UPI
103834,2026-08-23,109,Sneha,502,Mouse,Electronics,5,1000,2000,COMPLETED,Delhi,Delhi,NET_BANKING
103835,2026-08-10,109,Sneha,504,Keyboard,Electronics,3,3000,1000,COMPLETED,Delhi,Delhi,COD
103836,2026-08-20,103,Sita,503,Chair,Furniture,3,8000,100,COMPLETED,Chennai,Tamil Nadu,COD
103837,2026-08-02,110,Vikram,508,Mobile,Electronics,3,25000,2000,COMPLETED,Kolkata,West Bengal,UPI
103838,2026-08-04,104,Kumar,507,Desk,Furniture,4,15000,100,COMPLETED,Bangalore,Karnataka,COD
103839,2026-08-01,101,Ravi,508,Mobile,Electronics,3,25000,5000,COMPLETED,Hyderabad,Telangana,CARD
103840,2026-08-01,107,Lakshmi,507,Desk,Furniture,2,15000,200,COMPLETED,Chennai,Tamil Nadu,UPI
103841,2026-08-12,106,Ramesh,509,Monitor,Electronics,1,20000,0,COMPLETED,Pune,Maharashtra,CARD
103842,2026-08-15,101,Ravi,502,Mouse,Electronics,2,1000,0,COMPLETED,Hyderabad,Telangana,COD
103843,2026-08-14,102,Anil,506,Headphones,Electronics,1,5000,1000,COMPLETED,Hyderabad,Telangana,COD
103844,2026-08-12,110,Vikram,501,Laptop,Electronics,2,60000,100,COMPLETED,Kolkata,West Bengal,NET_BANKING
103845,2026-08-08,102,Anil,504,Keyboard,Electronics,5,3000,1000,COMPLETED,Hyderabad,Telangana,COD
103846,2026-08-02,110,Vikram,505,Table,Furniture,4,10000,500,CANCELLED,Kolkata,West Bengal,NET_BANKING
103847,2026-08-22,104,Kumar,502,Mouse,Electronics,3,1000,5000,COMPLETED,Bangalore,Karnataka,UPI
103848,2026-08-04,106,Ramesh,508,Mobile,Electronics,5,25000,0,RETURNED,Pune,Maharashtra,COD
103849,2026-08-28,107,Lakshmi,505,Table,Furniture,4,10000,200,COMPLETED,Chennai,Tamil Nadu,NET_BANKING
103850,2026-08-18,107,Lakshmi,502,Mouse,Electronics,2,1000,200,COMPLETED,Chennai,Tamil Nadu,COD
103851,2026-08-15,105,Priya,509,Monitor,Electronics,4,20000,0,COMPLETED,Mumbai,Maharashtra,COD
103852,2026-08-08,101,Ravi,503,Chair,Furniture,4,8000,5000,CANCELLED,Hyderabad,Telangana,UPI
103853,2026-08-08,109,Sneha,505,Table,Furniture,1,10000,0,COMPLETED,Delhi,Delhi,CARD
103854,2026-08-20,103,Sita,501,Laptop,Electronics,3,60000,2000,COMPLETED,Chennai,Tamil Nadu,CARD
103855,2026-08-28,104,Kumar,504,Keyboard,Electronics,2,3000,5000,COMPLETED,Bangalore,Karnataka,CARD
103856,2026-08-28,104,Kumar,510,Bookshelf,Furniture,4,12000,500,COMPLETED,Bangalore,Karnataka,UPI
103857,2026-08-30,103,Sita,509,Monitor,Electronics,2,20000,1000,COMPLETED,Chennai,Tamil Nadu,CARD
103858,2026-08-13,107,Lakshmi,508,Mobile,Electronics,5,25000,100,COMPLETED,Chennai,Tamil Nadu,CARD
103859,2026-08-30,108,Arjun,508,Mobile,Electronics,2,25000,100,COMPLETED,Hyderabad,Telangana,NET_BANKING
103860,2026-08-05,103,Sita,501,Laptop,Electronics,2,60000,100,COMPLETED,Chennai,Tamil Nadu,UPI
103861,2026-08-03,105,Priya,501,Laptop,Electronics,4,60000,200,COMPLETED,Mumbai,Maharashtra,CARD
103862,2026-08-10,109,Sneha,505,Table,Furniture,2,10000,200,COMPLETED,Delhi,Delhi,COD
103863,2026-08-19,102,Anil,510,Bookshelf,Furniture,5,12000,100,COMPLETED,Hyderabad,Telangana,UPI
103864,2026-08-27,108,Arjun,506,Headphones,Electronics,3,5000,0,COMPLETED,Hyderabad,Telangana,NET_BANKING
103865,2026-08-29,106,Ramesh,503,Chair,Furniture,4,8000,0,COMPLETED,Pune,Maharashtra,NET_BANKING
103866,2026-08-23,107,Lakshmi,510,Bookshelf,Furniture,5,12000,0,COMPLETED,Chennai,Tamil Nadu,CARD
103867,2026-08-01,102,Anil,501,Laptop,Electronics,4,60000,500,COMPLETED,Hyderabad,Telangana,CARD
103868,2026-08-25,103,Sita,503,Chair,Furniture,4,8000,100,COMPLETED,Chennai,Tamil Nadu,COD
103869,2026-08-15,108,Arjun,508,Mobile,Electronics,2,25000,200,COMPLETED,Hyderabad,Telangana,COD
103870,2026-08-31,109,Sneha,501,Laptop,Electronics,4,60000,2000,COMPLETED,Delhi,Delhi,COD
103871,2026-08-01,101,Ravi,508,Mobile,Electronics,2,25000,1000,COMPLETED,Hyderabad,Telangana,CARD
103872,2026-08-11,107,Lakshmi,501,Laptop,Electronics,5,60000,1000,COMPLETED,Chennai,Tamil Nadu,NET_BANKING
103873,2026-08-03,103,Sita,505,Table,Furniture,1,10000,5000,CANCELLED,Chennai,Tamil Nadu,NET_BANKING
103874,2026-08-29,101,Ravi,503,Chair,Furniture,4,8000,500,COMPLETED,Hyderabad,Telangana,COD
103875,2026-08-17,108,Arjun,506,Headphones,Electronics,2,5000,2000,COMPLETED,Hyderabad,Telangana,COD
103876,2026-08-19,103,Sita,506,Headphones,Electronics,1,5000,2000,COMPLETED,Chennai,Tamil Nadu,UPI
103877,2026-08-23,101,Ravi,504,Keyboard,Electronics,4,3000,200,COMPLETED,Hyderabad,Telangana,NET_BANKING
103878,2026-08-31,107,Lakshmi,505,Table,Furniture,4,10000,0,COMPLETED,Chennai,Tamil Nadu,COD
103879,2026-08-20,105,Priya,506,Headphones,Electronics,4,5000,200,COMPLETED,Mumbai,Maharashtra,CARD
103880,2026-08-22,110,Vikram,510,Bookshelf,Furniture,4,12000,500,COMPLETED,Kolkata,West Bengal,UPI
103881,2026-08-30,105,Priya,510,Bookshelf,Furniture,5,12000,2000,COMPLETED,Mumbai,Maharashtra,NET_BANKING
103882,2026-08-28,106,Ramesh,501,Laptop,Electronics,3,60000,200,COMPLETED,Pune,Maharashtra,COD
103883,2026-08-07,107,Lakshmi,505,Table,Furniture,2,10000,100,RETURNED,Chennai,Tamil Nadu,CARD
103884,2026-08-29,110,Vikram,505,Table,Furniture,4,10000,0,COMPLETED,Kolkata,West Bengal,UPI
103885,2026-08-19,103,Sita,509,Monitor,Electronics,5,20000,0,COMPLETED,Chennai,Tamil Nadu,UPI
103886,2026-08-10,106,Ramesh,510,Bookshelf,Furniture,5,12000,1000,COMPLETED,Pune,Maharashtra,NET_BANKING
103887,2026-08-23,101,Ravi,501,Laptop,Electronics,1,60000,100,CANCELLED,Hyderabad,Telangana,COD
103888,2026-08-05,107,Lakshmi,503,Chair,Furniture,2,8000,500,COMPLETED,Chennai,Tamil Nadu,NET_BANKING
103889,2026-08-11,103,Sita,503,Chair,Furniture,4,8000,5000,RETURNED,Chennai,Tamil Nadu,COD
103890,2026-08-25,102,Anil,509,Monitor,Electronics,5,20000,100,COMPLETED,Hyderabad,Telangana,CARD
103891,2026-08-21,108,Arjun,509,Monitor,Electronics,5,20000,5000,COMPLETED,Hyderabad,Telangana,NET_BANKING
103892,2026-08-03,109,Sneha,505,Table,Furniture,4,10000,0,COMPLETED,Delhi,Delhi,UPI
103893,2026-08-19,104,Kumar,505,Table,Furniture,3,10000,2000,COMPLETED,Bangalore,Karnataka,COD
103894,2026-08-18,110,Vikram,510,Bookshelf,Furniture,3,12000,2000,COMPLETED,Kolkata,West Bengal,NET_BANKING
103895,2026-08-22,109,Sneha,507,Desk,Furniture,4,15000,500,COMPLETED,Delhi,Delhi,COD
103896,2026-08-08,104,Kumar,509,Monitor,Electronics,1,20000,5000,COMPLETED,Bangalore,Karnataka,CARD
103897,2026-08-02,107,Lakshmi,502,Mouse,Electronics,5,1000,0,COMPLETED,Chennai,Tamil Nadu,CARD
103898,2026-08-13,107,Lakshmi,502,Mouse,Electronics,4,1000,100,COMPLETED,Chennai,Tamil Nadu,UPI
103899,2026-08-12,107,Lakshmi,506,Headphones,Electronics,3,5000,5000,CANCELLED,Chennai,Tamil Nadu,COD
103900,2026-08-16,105,Priya,506,Headphones,Electronics,5,5000,2000,COMPLETED,Mumbai,Maharashtra,NET_BANKING
103901,2026-08-12,106,Ramesh,508,Mobile,Electronics,1,25000,100,COMPLETED,Pune,Maharashtra,COD
103902,2026-08-01,107,Lakshmi,505,Table,Furniture,1,10000,0,COMPLETED,Chennai,Tamil Nadu,COD
103903,2026-08-26,106,Ramesh,509,Monitor,Electronics,4,20000,100,COMPLETED,Pune,Maharashtra,UPI
103904,2026-08-14,106,Ramesh,502,Mouse,Electronics,4,1000,1000,COMPLETED,Pune,Maharashtra,NET_BANKING
103905,2026-08-06,102,Anil,503,Chair,Furniture,3,8000,500,COMPLETED,Hyderabad,Telangana,UPI
103906,2026-08-20,109,Sneha,510,Bookshelf,Furniture,4,12000,500,COMPLETED,Delhi,Delhi,CARD
103907,2026-08-17,104,Kumar,504,Keyboard,Electronics,4,3000,2000,COMPLETED,Bangalore,Karnataka,CARD
103908,2026-08-28,106,Ramesh,508,Mobile,Electronics,1,25000,0,COMPLETED,Pune,Maharashtra,UPI
103909,2026-08-07,104,Kumar,507,Desk,Furniture,1,15000,500,COMPLETED,Bangalore,Karnataka,CARD
103910,2026-08-21,104,Kumar,509,Monitor,Electronics,4,20000,0,COMPLETED,Bangalore,Karnataka,UPI
103911,2026-08-18,106,Ramesh,501,Laptop,Electronics,5,60000,200,COMPLETED,Pune,Maharashtra,NET_BANKING
103912,2026-08-09,102,Anil,504,Keyboard,Electronics,5,3000,0,COMPLETED,Hyderabad,Telangana,COD
103913,2026-08-16,102,Anil,510,Bookshelf,Furniture,5,12000,5000,COMPLETED,Hyderabad,Telangana,COD
103914,2026-08-11,103,Sita,505,Table,Furniture,2,10000,500,COMPLETED,Chennai,Tamil Nadu,CARD
103915,2026-08-20,106,Ramesh,507,Desk,Furniture,3,15000,0,COMPLETED,Pune,Maharashtra,NET_BANKING
103916,2026-08-07,101,Ravi,508,Mobile,Electronics,3,25000,2000,RETURNED,Hyderabad,Telangana,COD
103917,2026-08-01,105,Priya,509,Monitor,Electronics,5,20000,1000,COMPLETED,Mumbai,Maharashtra,CARD
103918,2026-08-22,110,Vikram,505,Table,Furniture,1,10000,1000,COMPLETED,Kolkata,West Bengal,UPI
103919,2026-08-01,103,Sita,507,Desk,Furniture,2,15000,500,COMPLETED,Chennai,Tamil Nadu,CARD
103920,2026-08-03,101,Ravi,504,Keyboard,Electronics,3,3000,100,COMPLETED,Hyderabad,Telangana,NET_BANKING
103921,2026-08-15,110,Vikram,501,Laptop,Electronics,2,60000,500,COMPLETED,Kolkata,West Bengal,UPI
103922,2026-08-19,104,Kumar,502,Mouse,Electronics,4,1000,5000,COMPLETED,Bangalore,Karnataka,NET_BANKING
103923,2026-08-15,109,Sneha,507,Desk,Furniture,3,15000,1000,COMPLETED,Delhi,Delhi,NET_BANKING
103924,2026-08-29,102,Anil,509,Monitor,Electronics,4,20000,500,CANCELLED,Hyderabad,Telangana,CARD
103925,2026-08-17,104,Kumar,501,Laptop,Electronics,5,60000,100,COMPLETED,Bangalore,Karnataka,NET_BANKING
103926,2026-08-23,109,Sneha,507,Desk,Furniture,5,15000,500,COMPLETED,Delhi,Delhi,COD
103927,2026-08-21,103,Sita,504,Keyboard,Electronics,2,3000,100,COMPLETED,Chennai,Tamil Nadu,UPI
103928,2026-08-13,106,Ramesh,509,Monitor,Electronics,5,20000,500,COMPLETED,Pune,Maharashtra,COD
103929,2026-08-10,107,Lakshmi,508,Mobile,Electronics,5,25000,200,COMPLETED,Chennai,Tamil Nadu,COD
103930,2026-08-13,104,Kumar,501,Laptop,Electronics,4,60000,100,COMPLETED,Bangalore,Karnataka,CARD
103931,2026-08-03,102,Anil,506,Headphones,Electronics,5,5000,0,COMPLETED,Hyderabad,Telangana,CARD
103932,2026-08-29,105,Priya,503,Chair,Furniture,4,8000,1000,COMPLETED,Mumbai,Maharashtra,NET_BANKING
103933,2026-08-18,107,Lakshmi,510,Bookshelf,Furniture,5,12000,0,COMPLETED,Chennai,Tamil Nadu,CARD
103934,2026-08-15,104,Kumar,503,Chair,Furniture,2,8000,200,COMPLETED,Bangalore,Karnataka,COD
103935,2026-08-20,102,Anil,508,Mobile,Electronics,5,25000,0,COMPLETED,Hyderabad,Telangana,CARD
103936,2026-08-22,104,Kumar,508,Mobile,Electronics,5,25000,0,COMPLETED,Bangalore,Karnataka,COD
103937,2026-08-28,106,Ramesh,505,Table,Furniture,5,10000,5000,COMPLETED,Pune,Maharashtra,NET_BANKING
103938,2026-08-19,108,Arjun,508,Mobile,Electronics,3,25000,500,COMPLETED,Hyderabad,Telangana,COD
103939,2026-08-11,107,Lakshmi,508,Mobile,Electronics,3,25000,200,COMPLETED,Chennai,Tamil Nadu,UPI
103940,2026-08-20,109,Sneha,509,Monitor,Electronics,1,20000,5000,RETURNED,Delhi,Delhi,CARD
103941,2026-08-03,108,Arjun,509,Monitor,Electronics,3,20000,0,COMPLETED,Hyderabad,Telangana,COD
103942,2026-08-18,110,Vikram,501,Laptop,Electronics,5,60000,500,COMPLETED,Kolkata,West Bengal,COD
103943,2026-08-27,103,Sita,507,Desk,Furniture,5,15000,200,COMPLETED,Chennai,Tamil Nadu,NET_BANKING
103944,2026-08-15,109,Sneha,509,Monitor,Electronics,4,20000,200,COMPLETED,Delhi,Delhi,UPI
103945,2026-08-22,103,Sita,501,Laptop,Electronics,4,60000,2000,COMPLETED,Chennai,Tamil Nadu,CARD
103946,2026-08-13,104,Kumar,510,Bookshelf,Furniture,1,12000,100,COMPLETED,Bangalore,Karnataka,UPI
103947,2026-08-18,106,Ramesh,502,Mouse,Electronics,5,1000,0,COMPLETED,Pune,Maharashtra,COD
103948,2026-08-25,102,Anil,509,Monitor,Electronics,2,20000,0,COMPLETED,Hyderabad,Telangana,COD
103949,2026-08-13,101,Ravi,507,Desk,Furniture,5,15000,0,COMPLETED,Hyderabad,Telangana,UPI
103950,2026-08-05,108,Arjun,510,Bookshelf,Furniture,2,12000,5000,RETURNED,Hyderabad,Telangana,CARD
103951,2026-08-05,110,Vikram,509,Monitor,Electronics,4,20000,200,COMPLETED,Kolkata,West Bengal,NET_BANKING
103952,2026-08-22,109,Sneha,507,Desk,Furniture,3,15000,5000,COMPLETED,Delhi,Delhi,CARD
103953,2026-08-14,106,Ramesh,501,Laptop,Electronics,4,60000,1000,COMPLETED,Pune,Maharashtra,COD
103954,2026-08-07,109,Sneha,504,Keyboard,Electronics,3,3000,1000,CANCELLED,Delhi,Delhi,COD
103955,2026-08-15,101,Ravi,508,Mobile,Electronics,2,25000,0,RETURNED,Hyderabad,Telangana,CARD
103956,2026-08-11,104,Kumar,502,Mouse,Electronics,3,1000,1000,COMPLETED,Bangalore,Karnataka,UPI
103957,2026-08-22,106,Ramesh,508,Mobile,Electronics,1,25000,1000,COMPLETED,Pune,Maharashtra,UPI
103958,2026-08-20,109,Sneha,508,Mobile,Electronics,5,25000,200,COMPLETED,Delhi,Delhi,NET_BANKING
103959,2026-08-02,105,Priya,505,Table,Furniture,3,10000,1000,COMPLETED,Mumbai,Maharashtra,CARD
103960,2026-08-10,102,Anil,502,Mouse,Electronics,1,1000,500,COMPLETED,Hyderabad,Telangana,UPI
103961,2026-08-30,102,Anil,503,Chair,Furniture,2,8000,1000,COMPLETED,Hyderabad,Telangana,CARD
103962,2026-08-15,107,Lakshmi,509,Monitor,Electronics,1,20000,1000,COMPLETED,Chennai,Tamil Nadu,COD
103963,2026-08-03,109,Sneha,510,Bookshelf,Furniture,1,12000,5000,COMPLETED,Delhi,Delhi,COD
103964,2026-08-28,109,Sneha,501,Laptop,Electronics,2,60000,200,COMPLETED,Delhi,Delhi,NET_BANKING
103965,2026-08-14,105,Priya,506,Headphones,Electronics,5,5000,500,COMPLETED,Mumbai,Maharashtra,COD
103966,2026-08-26,108,Arjun,510,Bookshelf,Furniture,3,12000,0,RETURNED,Hyderabad,Telangana,CARD
103967,2026-08-31,107,Lakshmi,507,Desk,Furniture,3,15000,0,COMPLETED,Chennai,Tamil Nadu,COD
103968,2026-08-20,104,Kumar,503,Chair,Furniture,3,8000,5000,COMPLETED,Bangalore,Karnataka,COD
103969,2026-08-28,109,Sneha,504,Keyboard,Electronics,1,3000,1000,COMPLETED,Delhi,Delhi,COD
103970,2026-08-23,106,Ramesh,508,Mobile,Electronics,2,25000,100,COMPLETED,Pune,Maharashtra,COD
103971,2026-08-17,104,Kumar,502,Mouse,Electronics,4,1000,200,CANCELLED,Bangalore,Karnataka,UPI
103972,2026-08-27,103,Sita,510,Bookshelf,Furniture,1,12000,1000,COMPLETED,Chennai,Tamil Nadu,NET_BANKING
103973,2026-08-27,105,Priya,503,Chair,Furniture,2,8000,200,COMPLETED,Mumbai,Maharashtra,NET_BANKING
103974,2026-08-28,102,Anil,507,Desk,Furniture,3,15000,0,COMPLETED,Hyderabad,Telangana,NET_BANKING
103975,2026-08-08,105,Priya,509,Monitor,Electronics,5,20000,2000,COMPLETED,Mumbai,Maharashtra,UPI
103976,2026-08-10,108,Arjun,504,Keyboard,Electronics,3,3000,2000,COMPLETED,Hyderabad,Telangana,NET_BANKING
103977,2026-08-24,107,Lakshmi,503,Chair,Furniture,1,8000,1000,RETURNED,Chennai,Tamil Nadu,NET_BANKING
103978,2026-08-21,109,Sneha,505,Table,Furniture,1,10000,5000,COMPLETED,Delhi,Delhi,UPI
103979,2026-08-15,107,Lakshmi,502,Mouse,Electronics,1,1000,1000,COMPLETED,Chennai,Tamil Nadu,CARD
103980,2026-08-17,103,Sita,502,Mouse,Electronics,1,1000,2000,COMPLETED,Chennai,Tamil Nadu,UPI
103981,2026-08-08,105,Priya,502,Mouse,Electronics,3,1000,500,CANCELLED,Mumbai,Maharashtra,COD
103982,2026-08-23,107,Lakshmi,501,Laptop,Electronics,5,60000,500,COMPLETED,Chennai,Tamil Nadu,CARD
103983,2026-08-10,108,Arjun,508,Mobile,Electronics,1,25000,100,COMPLETED,Hyderabad,Telangana,CARD
103984,2026-08-10,109,Sneha,507,Desk,Furniture,2,15000,200,RETURNED,Delhi,Delhi,UPI
103985,2026-08-31,103,Sita,507,Desk,Furniture,3,15000,0,COMPLETED,Chennai,Tamil Nadu,COD
103986,2026-08-18,103,Sita,502,Mouse,Electronics,2,1000,2000,COMPLETED,Chennai,Tamil Nadu,COD
103987,2026-08-20,108,Arjun,502,Mouse,Electronics,4,1000,2000,COMPLETED,Hyderabad,Telangana,COD
103988,2026-08-05,102,Anil,501,Laptop,Electronics,3,60000,2000,COMPLETED,Hyderabad,Telangana,NET_BANKING
103989,2026-08-05,103,Sita,501,Laptop,Electronics,2,60000,100,CANCELLED,Chennai,Tamil Nadu,CARD
103990,2026-08-19,105,Priya,510,Bookshelf,Furniture,5,12000,0,COMPLETED,Mumbai,Maharashtra,CARD
103991,2026-08-18,108,Arjun,507,Desk,Furniture,2,15000,2000,COMPLETED,Hyderabad,Telangana,NET_BANKING
103992,2026-08-04,110,Vikram,501,Laptop,Electronics,4,60000,5000,COMPLETED,Kolkata,West Bengal,UPI
103993,2026-08-21,106,Ramesh,503,Chair,Furniture,3,8000,500,COMPLETED,Pune,Maharashtra,UPI
103994,2026-08-01,105,Priya,505,Table,Furniture,5,10000,100,COMPLETED,Mumbai,Maharashtra,CARD
103995,2026-08-15,106,Ramesh,502,Mouse,Electronics,3,1000,2000,COMPLETED,Pune,Maharashtra,COD
103996,2026-08-28,105,Priya,503,Chair,Furniture,4,8000,0,COMPLETED,Mumbai,Maharashtra,COD
103997,2026-08-25,104,Kumar,508,Mobile,Electronics,2,25000,2000,COMPLETED,Bangalore,Karnataka,UPI
103998,2026-08-26,110,Vikram,510,Bookshelf,Furniture,3,12000,2000,COMPLETED,Kolkata,West Bengal,NET_BANKING
103999,2026-08-25,106,Ramesh,510,Bookshelf,Furniture,2,12000,100,COMPLETED,Pune,Maharashtra,COD
104000,2026-08-26,107,Lakshmi,505,Table,Furniture,1,10000,500,COMPLETED,Chennai,Tamil Nadu,UPI
104001,2026-08-30,101,Ravi,504,Keyboard,Electronics,5,3000,1000,COMPLETED,Hyderabad,Telangana,CARD
104002,2026-08-03,106,Ramesh,506,Headphones,Electronics,2,5000,500,RETURNED,Pune,Maharashtra,NET_BANKING
104003,2026-08-13,105,Priya,509,Monitor,Electronics,4,20000,100,COMPLETED,Mumbai,Maharashtra,CARD
104004,2026-08-10,110,Vikram,501,Laptop,Electronics,4,60000,200,COMPLETED,Kolkata,West Bengal,UPI
104005,2026-08-09,105,Priya,506,Headphones,Electronics,4,5000,0,COMPLETED,Mumbai,Maharashtra,COD
104006,2026-08-27,105,Priya,510,Bookshelf,Furniture,2,12000,100,COMPLETED,Mumbai,Maharashtra,UPI
104007,2026-08-23,102,Anil,505,Table,Furniture,5,10000,5000,COMPLETED,Hyderabad,Telangana,COD
104008,2026-08-07,110,Vikram,506,Headphones,Electronics,1,5000,100,CANCELLED,Kolkata,West Bengal,UPI
104009,2026-08-19,105,Priya,501,Laptop,Electronics,3,60000,500,COMPLETED,Mumbai,Maharashtra,COD
104010,2026-08-14,108,Arjun,507,Desk,Furniture,1,15000,200,COMPLETED,Hyderabad,Telangana,NET_BANKING
104011,2026-08-02,109,Sneha,501,Laptop,Electronics,1,60000,5000,COMPLETED,Delhi,Delhi,UPI
104012,2026-08-19,105,Priya,504,Keyboard,Electronics,1,3000,1000,COMPLETED,Mumbai,Maharashtra,UPI
104013,2026-08-14,105,Priya,504,Keyboard,Electronics,4,3000,2000,COMPLETED,Mumbai,Maharashtra,UPI
104014,2026-08-26,101,Ravi,508,Mobile,Electronics,5,25000,0,COMPLETED,Hyderabad,Telangana,COD
104015,2026-08-20,102,Anil,501,Laptop,Electronics,4,60000,1000,COMPLETED,Hyderabad,Telangana,NET_BANKING
104016,2026-08-25,103,Sita,506,Headphones,Electronics,4,5000,0,COMPLETED,Chennai,Tamil Nadu,UPI
104017,2026-08-27,103,Sita,507,Desk,Furniture,5,15000,200,COMPLETED,Chennai,Tamil Nadu,UPI
104018,2026-08-06,106,Ramesh,505,Table,Furniture,2,10000,0,COMPLETED,Pune,Maharashtra,UPI
104019,2026-08-07,101,Ravi,503,Chair,Furniture,1,8000,100,COMPLETED,Hyderabad,Telangana,COD
104020,2026-08-30,106,Ramesh,506,Headphones,Electronics,1,5000,1000,COMPLETED,Pune,Maharashtra,CARD
104021,2026-08-04,105,Priya,502,Mouse,Electronics,3,1000,100,COMPLETED,Mumbai,Maharashtra,COD
104022,2026-08-02,107,Lakshmi,508,Mobile,Electronics,1,25000,1000,COMPLETED,Chennai,Tamil Nadu,NET_BANKING
104023,2026-08-19,106,Ramesh,510,Bookshelf,Furniture,2,12000,0,COMPLETED,Pune,Maharashtra,COD
104024,2026-08-07,107,Lakshmi,504,Keyboard,Electronics,5,3000,100,COMPLETED,Chennai,Tamil Nadu,CARD
104025,2026-08-02,103,Sita,505,Table,Furniture,1,10000,1000,COMPLETED,Chennai,Tamil Nadu,CARD
104026,2026-08-02,103,Sita,503,Chair,Furniture,3,8000,2000,COMPLETED,Chennai,Tamil Nadu,UPI
104027,2026-08-25,102,Anil,510,Bookshelf,Furniture,1,12000,0,COMPLETED,Hyderabad,Telangana,CARD
104028,2026-08-10,105,Priya,509,Monitor,Electronics,2,20000,200,COMPLETED,Mumbai,Maharashtra,UPI
104029,2026-08-21,104,Kumar,504,Keyboard,Electronics,2,3000,1000,COMPLETED,Bangalore,Karnataka,COD
104030,2026-08-06,102,Anil,504,Keyboard,Electronics,2,3000,500,COMPLETED,Hyderabad,Telangana,COD
104031,2026-08-05,105,Priya,506,Headphones,Electronics,2,5000,500,COMPLETED,Mumbai,Maharashtra,COD
104032,2026-08-20,105,Priya,505,Table,Furniture,4,10000,2000,COMPLETED,Mumbai,Maharashtra,CARD
104033,2026-08-17,105,Priya,510,Bookshelf,Furniture,4,12000,2000,COMPLETED,Mumbai,Maharashtra,NET_BANKING
104034,2026-08-24,103,Sita,501,Laptop,Electronics,5,60000,1000,COMPLETED,Chennai,Tamil Nadu,COD
104035,2026-08-21,108,Arjun,508,Mobile,Electronics,2,25000,500,COMPLETED,Hyderabad,Telangana,NET_BANKING
104036,2026-08-16,103,Sita,510,Bookshelf,Furniture,2,12000,1000,COMPLETED,Chennai,Tamil Nadu,UPI
104037,2026-08-13,106,Ramesh,503,Chair,Furniture,4,8000,1000,COMPLETED,Pune,Maharashtra,UPI
104038,2026-08-25,105,Priya,508,Mobile,Electronics,4,25000,100,COMPLETED,Mumbai,Maharashtra,CARD
104039,2026-08-20,109,Sneha,501,Laptop,Electronics,4,60000,2000,COMPLETED,Delhi,Delhi,UPI
104040,2026-08-26,105,Priya,508,Mobile,Electronics,3,25000,200,COMPLETED,Mumbai,Maharashtra,COD
104041,2026-08-06,110,Vikram,506,Headphones,Electronics,3,5000,5000,RETURNED,Kolkata,West Bengal,NET_BANKING
104042,2026-08-24,107,Lakshmi,507,Desk,Furniture,3,15000,200,COMPLETED,Chennai,Tamil Nadu,CARD
104043,2026-08-23,109,Sneha,510,Bookshelf,Furniture,4,12000,100,RETURNED,Delhi,Delhi,NET_BANKING
104044,2026-08-10,104,Kumar,503,Chair,Furniture,2,8000,2000,COMPLETED,Bangalore,Karnataka,CARD
104045,2026-08-11,105,Priya,502,Mouse,Electronics,4,1000,0,COMPLETED,Mumbai,Maharashtra,COD
104046,2026-08-24,107,Lakshmi,504,Keyboard,Electronics,5,3000,200,COMPLETED,Chennai,Tamil Nadu,NET_BANKING
104047,2026-08-14,104,Kumar,505,Table,Furniture,5,10000,1000,COMPLETED,Bangalore,Karnataka,COD
104048,2026-08-01,104,Kumar,510,Bookshelf,Furniture,4,12000,0,COMPLETED,Bangalore,Karnataka,CARD
104049,2026-08-16,105,Priya,510,Bookshelf,Furniture,5,12000,200,COMPLETED,Mumbai,Maharashtra,UPI
104050,2026-08-12,107,Lakshmi,502,Mouse,Electronics,2,1000,0,COMPLETED,Chennai,Tamil Nadu,COD
104051,2026-08-23,109,Sneha,504,Keyboard,Electronics,4,3000,0,COMPLETED,Delhi,Delhi,CARD
104052,2026-08-26,101,Ravi,508,Mobile,Electronics,2,25000,5000,COMPLETED,Hyderabad,Telangana,COD
104053,2026-08-23,101,Ravi,508,Mobile,Electronics,2,25000,0,COMPLETED,Hyderabad,Telangana,NET_BANKING
104054,2026-08-14,109,Sneha,510,Bookshelf,Furniture,4,12000,0,COMPLETED,Delhi,Delhi,CARD
104055,2026-08-19,107,Lakshmi,505,Table,Furniture,2,10000,0,COMPLETED,Chennai,Tamil Nadu,UPI
104056,2026-08-26,105,Priya,507,Desk,Furniture,2,15000,500,RETURNED,Mumbai,Maharashtra,COD
104057,2026-08-11,107,Lakshmi,503,Chair,Furniture,3,8000,100,RETURNED,Chennai,Tamil Nadu,CARD
104058,2026-08-12,107,Lakshmi,505,Table,Furniture,4,10000,200,COMPLETED,Chennai,Tamil Nadu,UPI
104059,2026-08-24,108,Arjun,503,Chair,Furniture,5,8000,500,COMPLETED,Hyderabad,Telangana,CARD
104060,2026-08-09,107,Lakshmi,510,Bookshelf,Furniture,5,12000,0,CANCELLED,Chennai,Tamil Nadu,UPI
104061,2026-08-23,103,Sita,507,Desk,Furniture,4,15000,500,COMPLETED,Chennai,Tamil Nadu,COD
104062,2026-08-14,102,Anil,510,Bookshelf,Furniture,4,12000,0,COMPLETED,Hyderabad,Telangana,CARD
104063,2026-08-08,104,Kumar,506,Headphones,Electronics,5,5000,0,COMPLETED,Bangalore,Karnataka,UPI
104064,2026-08-06,107,Lakshmi,502,Mouse,Electronics,3,1000,0,COMPLETED,Chennai,Tamil Nadu,COD
104065,2026-08-20,104,Kumar,510,Bookshelf,Furniture,3,12000,0,RETURNED,Bangalore,Karnataka,UPI
104066,2026-08-08,104,Kumar,504,Keyboard,Electronics,3,3000,500,COMPLETED,Bangalore,Karnataka,COD
104067,2026-08-22,107,Lakshmi,508,Mobile,Electronics,2,25000,500,COMPLETED,Chennai,Tamil Nadu,UPI
104068,2026-08-27,105,Priya,501,Laptop,Electronics,5,60000,500,COMPLETED,Mumbai,Maharashtra,UPI
104069,2026-08-16,102,Anil,507,Desk,Furniture,5,15000,200,COMPLETED,Hyderabad,Telangana,UPI
104070,2026-08-03,105,Priya,509,Monitor,Electronics,1,20000,2000,COMPLETED,Mumbai,Maharashtra,NET_BANKING
104071,2026-08-22,110,Vikram,510,Bookshelf,Furniture,1,12000,0,COMPLETED,Kolkata,West Bengal,NET_BANKING
104072,2026-08-05,103,Sita,501,Laptop,Electronics,5,60000,2000,COMPLETED,Chennai,Tamil Nadu,UPI
104073,2026-08-02,107,Lakshmi,509,Monitor,Electronics,1,20000,0,COMPLETED,Chennai,Tamil Nadu,NET_BANKING
104074,2026-08-31,103,Sita,502,Mouse,Electronics,2,1000,500,COMPLETED,Chennai,Tamil Nadu,NET_BANKING
104075,2026-08-09,105,Priya,509,Monitor,Electronics,2,20000,0,COMPLETED,Mumbai,Maharashtra,NET_BANKING
104076,2026-08-14,104,Kumar,502,Mouse,Electronics,1,1000,5000,COMPLETED,Bangalore,Karnataka,UPI
104077,2026-08-04,108,Arjun,510,Bookshelf,Furniture,2,12000,2000,COMPLETED,Hyderabad,Telangana,UPI
104078,2026-08-04,106,Ramesh,508,Mobile,Electronics,1,25000,5000,COMPLETED,Pune,Maharashtra,CARD
104079,2026-08-19,103,Sita,502,Mouse,Electronics,3,1000,0,COMPLETED,Chennai,Tamil Nadu,NET_BANKING
104080,2026-08-06,108,Arjun,501,Laptop,Electronics,5,60000,0,COMPLETED,Hyderabad,Telangana,UPI
104081,2026-08-27,102,Anil,503,Chair,Furniture,5,8000,5000,COMPLETED,Hyderabad,Telangana,NET_BANKING
104082,2026-08-30,106,Ramesh,503,Chair,Furniture,4,8000,0,RETURNED,Pune,Maharashtra,CARD
104083,2026-08-28,107,Lakshmi,508,Mobile,Electronics,5,25000,1000,COMPLETED,Chennai,Tamil Nadu,COD
104084,2026-08-07,105,Priya,507,Desk,Furniture,5,15000,0,COMPLETED,Mumbai,Maharashtra,UPI
104085,2026-08-10,101,Ravi,508,Mobile,Electronics,5,25000,0,COMPLETED,Hyderabad,Telangana,COD
104086,2026-08-10,102,Anil,510,Bookshelf,Furniture,2,12000,200,COMPLETED,Hyderabad,Telangana,CARD
104087,2026-08-10,102,Anil,506,Headphones,Electronics,1,5000,0,CANCELLED,Hyderabad,Telangana,CARD
104088,2026-08-07,102,Anil,506,Headphones,Electronics,3,5000,0,COMPLETED,Hyderabad,Telangana,COD
104089,2026-08-03,103,Sita,507,Desk,Furniture,4,15000,500,COMPLETED,Chennai,Tamil Nadu,NET_BANKING
104090,2026-08-06,103,Sita,506,Headphones,Electronics,4,5000,500,COMPLETED,Chennai,Tamil Nadu,UPI
104091,2026-08-10,103,Sita,506,Headphones,Electronics,4,5000,0,CANCELLED,Chennai,Tamil Nadu,COD
104092,2026-08-20,110,Vikram,509,Monitor,Electronics,5,20000,500,COMPLETED,Kolkata,West Bengal,NET_BANKING
104093,2026-08-20,107,Lakshmi,507,Desk,Furniture,3,15000,200,COMPLETED,Chennai,Tamil Nadu,UPI
104094,2026-08-19,106,Ramesh,502,Mouse,Electronics,3,1000,2000,COMPLETED,Pune,Maharashtra,NET_BANKING
104095,2026-08-12,107,Lakshmi,504,Keyboard,Electronics,3,3000,500,COMPLETED,Chennai,Tamil Nadu,CARD
104096,2026-08-15,108,Arjun,502,Mouse,Electronics,2,1000,2000,COMPLETED,Hyderabad,Telangana,CARD
104097,2026-08-12,106,Ramesh,507,Desk,Furniture,1,15000,500,COMPLETED,Pune,Maharashtra,UPI
104098,2026-08-22,108,Arjun,501,Laptop,Electronics,1,60000,0,COMPLETED,Hyderabad,Telangana,NET_BANKING
104099,2026-08-01,102,Anil,504,Keyboard,Electronics,4,3000,2000,COMPLETED,Hyderabad,Telangana,NET_BANKING
104100,2026-08-15,101,Ravi,509,Monitor,Electronics,1,20000,0,COMPLETED,Hyderabad,Telangana,COD
104101,2026-08-20,107,Lakshmi,509,Monitor,Electronics,1,20000,500,RETURNED,Chennai,Tamil Nadu,UPI
104102,2026-08-18,108,Arjun,503,Chair,Furniture,2,8000,0,COMPLETED,Hyderabad,Telangana,COD
104103,2026-08-17,103,Sita,504,Keyboard,Electronics,1,3000,0,COMPLETED,Chennai,Tamil Nadu,CARD
104104,2026-08-05,103,Sita,504,Keyboard,Electronics,5,3000,100,COMPLETED,Chennai,Tamil Nadu,CARD
104105,2026-08-10,109,Sneha,503,Chair,Furniture,1,8000,500,COMPLETED,Delhi,Delhi,NET_BANKING
104106,2026-08-07,103,Sita,509,Monitor,Electronics,3,20000,500,COMPLETED,Chennai,Tamil Nadu,UPI
104107,2026-08-02,105,Priya,502,Mouse,Electronics,5,1000,500,COMPLETED,Mumbai,Maharashtra,UPI
104108,2026-08-29,104,Kumar,506,Headphones,Electronics,1,5000,0,COMPLETED,Bangalore,Karnataka,NET_BANKING
104109,2026-08-07,101,Ravi,506,Headphones,Electronics,3,5000,5000,COMPLETED,Hyderabad,Telangana,CARD
104110,2026-08-05,109,Sneha,510,Bookshelf,Furniture,1,12000,2000,COMPLETED,Delhi,Delhi,UPI
104111,2026-08-18,106,Ramesh,508,Mobile,Electronics,1,25000,5000,COMPLETED,Pune,Maharashtra,CARD
104112,2026-08-30,101,Ravi,503,Chair,Furniture,5,8000,0,COMPLETED,Hyderabad,Telangana,UPI
104113,2026-08-20,105,Priya,502,Mouse,Electronics,3,1000,1000,COMPLETED,Mumbai,Maharashtra,NET_BANKING
104114,2026-08-11,102,Anil,510,Bookshelf,Furniture,2,12000,0,COMPLETED,Hyderabad,Telangana,NET_BANKING
104115,2026-08-18,105,Priya,508,Mobile,Electronics,4,25000,5000,COMPLETED,Mumbai,Maharashtra,CARD
104116,2026-08-06,109,Sneha,501,Laptop,Electronics,1,60000,200,COMPLETED,Delhi,Delhi,COD
104117,2026-08-16,104,Kumar,506,Headphones,Electronics,5,5000,0,CANCELLED,Bangalore,Karnataka,CARD
104118,2026-08-19,108,Arjun,509,Monitor,Electronics,1,20000,100,COMPLETED,Hyderabad,Telangana,CARD
104119,2026-08-09,110,Vikram,508,Mobile,Electronics,2,25000,2000,COMPLETED,Kolkata,West Bengal,UPI
104120,2026-08-18,106,Ramesh,506,Headphones,Electronics,3,5000,1000,COMPLETED,Pune,Maharashtra,NET_BANKING
104121,2026-08-10,110,Vikram,510,Bookshelf,Furniture,1,12000,500,COMPLETED,Kolkata,West Bengal,UPI
104122,2026-08-31,107,Lakshmi,510,Bookshelf,Furniture,4,12000,0,CANCELLED,Chennai,Tamil Nadu,NET_BANKING
104123,2026-08-17,106,Ramesh,503,Chair,Furniture,5,8000,2000,COMPLETED,Pune,Maharashtra,COD
104124,2026-08-13,102,Anil,501,Laptop,Electronics,3,60000,2000,COMPLETED,Hyderabad,Telangana,CARD
104125,2026-08-25,104,Kumar,508,Mobile,Electronics,3,25000,1000,COMPLETED,Bangalore,Karnataka,UPI
104126,2026-08-11,102,Anil,507,Desk,Furniture,2,15000,5000,COMPLETED,Hyderabad,Telangana,UPI
104127,2026-08-22,104,Kumar,507,Desk,Furniture,5,15000,0,COMPLETED,Bangalore,Karnataka,UPI
104128,2026-08-08,103,Sita,506,Headphones,Electronics,1,5000,500,COMPLETED,Chennai,Tamil Nadu,COD
104129,2026-08-20,107,Lakshmi,510,Bookshelf,Furniture,2,12000,2000,COMPLETED,Chennai,Tamil Nadu,NET_BANKING
104130,2026-08-25,105,Priya,508,Mobile,Electronics,4,25000,100,COMPLETED,Mumbai,Maharashtra,UPI
104131,2026-08-22,109,Sneha,505,Table,Furniture,2,10000,200,RETURNED,Delhi,Delhi,CARD
104132,2026-08-07,105,Priya,503,Chair,Furniture,3,8000,0,RETURNED,Mumbai,Maharashtra,UPI
104133,2026-08-15,105,Priya,502,Mouse,Electronics,2,1000,500,COMPLETED,Mumbai,Maharashtra,NET_BANKING
104134,2026-08-31,106,Ramesh,504,Keyboard,Electronics,4,3000,0,COMPLETED,Pune,Maharashtra,NET_BANKING
104135,2026-08-10,106,Ramesh,508,Mobile,Electronics,5,25000,0,COMPLETED,Pune,Maharashtra,CARD
104136,2026-08-26,108,Arjun,510,Bookshelf,Furniture,4,12000,0,COMPLETED,Hyderabad,Telangana,NET_BANKING
104137,2026-08-15,103,Sita,506,Headphones,Electronics,1,5000,200,RETURNED,Chennai,Tamil Nadu,CARD
104138,2026-08-20,104,Kumar,503,Chair,Furniture,3,8000,500,COMPLETED,Bangalore,Karnataka,CARD
104139,2026-08-11,104,Kumar,502,Mouse,Electronics,5,1000,100,COMPLETED,Bangalore,Karnataka,COD
104140,2026-08-09,104,Kumar,501,Laptop,Electronics,1,60000,100,COMPLETED,Bangalore,Karnataka,COD
104141,2026-08-29,107,Lakshmi,503,Chair,Furniture,5,8000,0,COMPLETED,Chennai,Tamil Nadu,CARD
104142,2026-08-10,102,Anil,508,Mobile,Electronics,2,25000,100,COMPLETED,Hyderabad,Telangana,UPI
104143,2026-08-14,105,Priya,502,Mouse,Electronics,4,1000,100,COMPLETED,Mumbai,Maharashtra,NET_BANKING
104144,2026-08-06,104,Kumar,510,Bookshelf,Furniture,4,12000,2000,COMPLETED,Bangalore,Karnataka,CARD
104145,2026-08-13,108,Arjun,501,Laptop,Electronics,2,60000,100,COMPLETED,Hyderabad,Telangana,UPI
104146,2026-08-27,104,Kumar,502,Mouse,Electronics,2,1000,100,COMPLETED,Bangalore,Karnataka,UPI
104147,2026-08-25,105,Priya,509,Monitor,Electronics,3,20000,0,COMPLETED,Mumbai,Maharashtra,CARD
104148,2026-08-04,101,Ravi,507,Desk,Furniture,5,15000,0,COMPLETED,Hyderabad,Telangana,CARD
104149,2026-08-12,104,Kumar,504,Keyboard,Electronics,5,3000,200,COMPLETED,Bangalore,Karnataka,COD
104150,2026-08-02,102,Anil,510,Bookshelf,Furniture,1,12000,0,COMPLETED,Hyderabad,Telangana,UPI
104151,2026-08-21,103,Sita,510,Bookshelf,Furniture,3,12000,2000,COMPLETED,Chennai,Tamil Nadu,COD
104152,2026-08-27,103,Sita,503,Chair,Furniture,3,8000,2000,CANCELLED,Chennai,Tamil Nadu,NET_BANKING
104153,2026-08-17,108,Arjun,502,Mouse,Electronics,3,1000,1000,COMPLETED,Hyderabad,Telangana,NET_BANKING
104154,2026-08-19,101,Ravi,508,Mobile,Electronics,5,25000,100,COMPLETED,Hyderabad,Telangana,UPI
104155,2026-08-24,105,Priya,506,Headphones,Electronics,2,5000,100,RETURNED,Mumbai,Maharashtra,CARD
104156,2026-08-21,102,Anil,507,Desk,Furniture,4,15000,5000,COMPLETED,Hyderabad,Telangana,UPI
104157,2026-08-13,105,Priya,506,Headphones,Electronics,3,5000,5000,CANCELLED,Mumbai,Maharashtra,NET_BANKING
104158,2026-08-01,104,Kumar,508,Mobile,Electronics,1,25000,500,RETURNED,Bangalore,Karnataka,NET_BANKING
104159,2026-08-23,104,Kumar,510,Bookshelf,Furniture,1,12000,0,CANCELLED,Bangalore,Karnataka,COD
104160,2026-08-14,108,Arjun,507,Desk,Furniture,4,15000,1000,COMPLETED,Hyderabad,Telangana,NET_BANKING
104161,2026-08-21,103,Sita,508,Mobile,Electronics,4,25000,0,COMPLETED,Chennai,Tamil Nadu,UPI
104162,2026-08-18,110,Vikram,503,Chair,Furniture,1,8000,1000,COMPLETED,Kolkata,West Bengal,UPI
104163,2026-08-26,107,Lakshmi,502,Mouse,Electronics,5,1000,0,COMPLETED,Chennai,Tamil Nadu,CARD
104164,2026-08-22,104,Kumar,502,Mouse,Electronics,1,1000,2000,COMPLETED,Bangalore,Karnataka,COD
104165,2026-08-21,101,Ravi,507,Desk,Furniture,4,15000,2000,COMPLETED,Hyderabad,Telangana,NET_BANKING
104166,2026-08-05,104,Kumar,503,Chair,Furniture,2,8000,5000,COMPLETED,Bangalore,Karnataka,NET_BANKING
104167,2026-08-03,110,Vikram,503,Chair,Furniture,2,8000,2000,COMPLETED,Kolkata,West Bengal,NET_BANKING
104168,2026-08-14,109,Sneha,506,Headphones,Electronics,2,5000,5000,COMPLETED,Delhi,Delhi,UPI
104169,2026-08-20,105,Priya,503,Chair,Furniture,3,8000,200,COMPLETED,Mumbai,Maharashtra,UPI
104170,2026-08-15,101,Ravi,504,Keyboard,Electronics,3,3000,200,COMPLETED,Hyderabad,Telangana,CARD
104171,2026-08-07,104,Kumar,502,Mouse,Electronics,2,1000,500,COMPLETED,Bangalore,Karnataka,NET_BANKING
104172,2026-08-28,110,Vikram,509,Monitor,Electronics,4,20000,2000,COMPLETED,Kolkata,West Bengal,CARD
104173,2026-08-25,103,Sita,508,Mobile,Electronics,5,25000,500,COMPLETED,Chennai,Tamil Nadu,COD
104174,2026-08-26,109,Sneha,504,Keyboard,Electronics,4,3000,2000,COMPLETED,Delhi,Delhi,UPI
104175,2026-08-30,106,Ramesh,504,Keyboard,Electronics,5,3000,100,COMPLETED,Pune,Maharashtra,UPI
104176,2026-08-22,102,Anil,505,Table,Furniture,1,10000,2000,COMPLETED,Hyderabad,Telangana,CARD
104177,2026-08-10,107,Lakshmi,507,Desk,Furniture,2,15000,2000,COMPLETED,Chennai,Tamil Nadu,CARD
104178,2026-08-26,106,Ramesh,502,Mouse,Electronics,2,1000,5000,COMPLETED,Pune,Maharashtra,NET_BANKING
104179,2026-08-08,106,Ramesh,506,Headphones,Electronics,2,5000,5000,COMPLETED,Pune,Maharashtra,COD
104180,2026-08-20,106,Ramesh,507,Desk,Furniture,4,15000,2000,COMPLETED,Pune,Maharashtra,COD
104181,2026-08-19,109,Sneha,505,Table,Furniture,4,10000,100,COMPLETED,Delhi,Delhi,NET_BANKING
104182,2026-08-23,110,Vikram,505,Table,Furniture,3,10000,0,COMPLETED,Kolkata,West Bengal,NET_BANKING
104183,2026-08-11,107,Lakshmi,503,Chair,Furniture,1,8000,2000,COMPLETED,Chennai,Tamil Nadu,CARD
104184,2026-08-11,110,Vikram,507,Desk,Furniture,4,15000,1000,COMPLETED,Kolkata,West Bengal,CARD
104185,2026-08-25,101,Ravi,507,Desk,Furniture,2,15000,5000,COMPLETED,Hyderabad,Telangana,COD
104186,2026-08-31,103,Sita,510,Bookshelf,Furniture,2,12000,1000,CANCELLED,Chennai,Tamil Nadu,UPI
104187,2026-08-19,110,Vikram,508,Mobile,Electronics,2,25000,500,CANCELLED,Kolkata,West Bengal,NET_BANKING
104188,2026-08-05,103,Sita,502,Mouse,Electronics,5,1000,0,COMPLETED,Chennai,Tamil Nadu,COD
104189,2026-08-06,106,Ramesh,501,Laptop,Electronics,2,60000,200,COMPLETED,Pune,Maharashtra,COD
104190,2026-08-28,108,Arjun,509,Monitor,Electronics,1,20000,500,COMPLETED,Hyderabad,Telangana,COD
104191,2026-08-28,110,Vikram,508,Mobile,Electronics,2,25000,1000,COMPLETED,Kolkata,West Bengal,NET_BANKING
104192,2026-08-01,101,Ravi,508,Mobile,Electronics,2,25000,200,COMPLETED,Hyderabad,Telangana,CARD
104193,2026-08-15,102,Anil,505,Table,Furniture,5,10000,100,RETURNED,Hyderabad,Telangana,CARD
104194,2026-08-21,104,Kumar,508,Mobile,Electronics,2,25000,0,COMPLETED,Bangalore,Karnataka,NET_BANKING
104195,2026-08-23,106,Ramesh,502,Mouse,Electronics,4,1000,5000,COMPLETED,Pune,Maharashtra,COD
104196,2026-08-07,101,Ravi,507,Desk,Furniture,4,15000,200,CANCELLED,Hyderabad,Telangana,CARD
104197,2026-08-07,109,Sneha,507,Desk,Furniture,1,15000,0,COMPLETED,Delhi,Delhi,CARD
104198,2026-08-27,103,Sita,501,Laptop,Electronics,1,60000,500,COMPLETED,Chennai,Tamil Nadu,NET_BANKING
104199,2026-08-27,103,Sita,507,Desk,Furniture,3,15000,200,COMPLETED,Chennai,Tamil Nadu,CARD
104200,2026-08-22,107,Lakshmi,508,Mobile,Electronics,5,25000,2000,COMPLETED,Chennai,Tamil Nadu,CARD
104201,2026-08-13,109,Sneha,510,Bookshelf,Furniture,4,12000,0,CANCELLED,Delhi,Delhi,CARD
104202,2026-08-28,107,Lakshmi,501,Laptop,Electronics,3,60000,500,COMPLETED,Chennai,Tamil Nadu,NET_BANKING
104203,2026-08-05,107,Lakshmi,510,Bookshelf,Furniture,1,12000,1000,COMPLETED,Chennai,Tamil Nadu,NET_BANKING
104204,2026-08-04,110,Vikram,501,Laptop,Electronics,2,60000,100,COMPLETED,Kolkata,West Bengal,NET_BANKING
104205,2026-08-30,102,Anil,510,Bookshelf,Furniture,2,12000,1000,COMPLETED,Hyderabad,Telangana,UPI
104206,2026-08-29,102,Anil,502,Mouse,Electronics,3,1000,500,COMPLETED,Hyderabad,Telangana,UPI
104207,2026-08-26,108,Arjun,506,Headphones,Electronics,5,5000,0,COMPLETED,Hyderabad,Telangana,UPI
104208,2026-08-24,104,Kumar,509,Monitor,Electronics,5,20000,0,COMPLETED,Bangalore,Karnataka,NET_BANKING
104209,2026-08-10,102,Anil,501,Laptop,Electronics,1,60000,500,COMPLETED,Hyderabad,Telangana,UPI
104210,2026-08-13,106,Ramesh,507,Desk,Furniture,5,15000,1000,COMPLETED,Pune,Maharashtra,CARD
104211,2026-08-17,106,Ramesh,504,Keyboard,Electronics,1,3000,500,COMPLETED,Pune,Maharashtra,CARD
104212,2026-08-15,108,Arjun,505,Table,Furniture,3,10000,1000,COMPLETED,Hyderabad,Telangana,UPI
104213,2026-08-20,104,Kumar,501,Laptop,Electronics,1,60000,0,COMPLETED,Bangalore,Karnataka,NET_BANKING
104214,2026-08-15,107,Lakshmi,505,Table,Furniture,1,10000,5000,COMPLETED,Chennai,Tamil Nadu,NET_BANKING
104215,2026-08-31,101,Ravi,502,Mouse,Electronics,5,1000,0,COMPLETED,Hyderabad,Telangana,COD
104216,2026-08-29,102,Anil,507,Desk,Furniture,5,15000,200,COMPLETED,Hyderabad,Telangana,UPI
104217,2026-08-04,107,Lakshmi,502,Mouse,Electronics,3,1000,2000,COMPLETED,Chennai,Tamil Nadu,COD
104218,2026-08-19,102,Anil,502,Mouse,Electronics,5,1000,5000,COMPLETED,Hyderabad,Telangana,COD
104219,2026-08-24,106,Ramesh,510,Bookshelf,Furniture,5,12000,200,COMPLETED,Pune,Maharashtra,CARD
104220,2026-08-03,103,Sita,507,Desk,Furniture,4,15000,0,CANCELLED,Chennai,Tamil Nadu,NET_BANKING
104221,2026-08-18,101,Ravi,506,Headphones,Electronics,2,5000,1000,COMPLETED,Hyderabad,Telangana,NET_BANKING
104222,2026-08-03,106,Ramesh,509,Monitor,Electronics,5,20000,1000,COMPLETED,Pune,Maharashtra,NET_BANKING
104223,2026-08-18,108,Arjun,503,Chair,Furniture,3,8000,200,COMPLETED,Hyderabad,Telangana,CARD
104224,2026-08-21,104,Kumar,510,Bookshelf,Furniture,5,12000,100,COMPLETED,Bangalore,Karnataka,CARD
104225,2026-08-22,107,Lakshmi,507,Desk,Furniture,2,15000,0,COMPLETED,Chennai,Tamil Nadu,COD
104226,2026-08-02,106,Ramesh,509,Monitor,Electronics,1,20000,1000,COMPLETED,Pune,Maharashtra,NET_BANKING
104227,2026-08-18,107,Lakshmi,507,Desk,Furniture,4,15000,200,COMPLETED,Chennai,Tamil Nadu,CARD
104228,2026-08-26,101,Ravi,503,Chair,Furniture,5,8000,1000,COMPLETED,Hyderabad,Telangana,CARD
104229,2026-08-16,108,Arjun,503,Chair,Furniture,4,8000,2000,COMPLETED,Hyderabad,Telangana,CARD
104230,2026-08-03,105,Priya,506,Headphones,Electronics,3,5000,0,COMPLETED,Mumbai,Maharashtra,NET_BANKING
104231,2026-08-12,103,Sita,509,Monitor,Electronics,3,20000,2000,COMPLETED,Chennai,Tamil Nadu,CARD
104232,2026-08-15,101,Ravi,509,Monitor,Electronics,2,20000,0,COMPLETED,Hyderabad,Telangana,COD
104233,2026-08-21,103,Sita,501,Laptop,Electronics,4,60000,200,COMPLETED,Chennai,Tamil Nadu,CARD
104234,2026-08-16,108,Arjun,508,Mobile,Electronics,4,25000,0,COMPLETED,Hyderabad,Telangana,NET_BANKING
104235,2026-08-05,103,Sita,506,Headphones,Electronics,4,5000,2000,COMPLETED,Chennai,Tamil Nadu,UPI
104236,2026-08-01,110,Vikram,501,Laptop,Electronics,4,60000,0,COMPLETED,Kolkata,West Bengal,UPI
104237,2026-08-23,101,Ravi,503,Chair,Furniture,3,8000,100,COMPLETED,Hyderabad,Telangana,NET_BANKING
104238,2026-08-07,105,Priya,508,Mobile,Electronics,1,25000,1000,CANCELLED,Mumbai,Maharashtra,COD
104239,2026-08-04,108,Arjun,508,Mobile,Electronics,5,25000,2000,COMPLETED,Hyderabad,Telangana,COD
104240,2026-08-12,102,Anil,507,Desk,Furniture,5,15000,2000,COMPLETED,Hyderabad,Telangana,COD
104241,2026-08-14,107,Lakshmi,508,Mobile,Electronics,3,25000,0,COMPLETED,Chennai,Tamil Nadu,COD
104242,2026-08-07,109,Sneha,504,Keyboard,Electronics,3,3000,500,COMPLETED,Delhi,Delhi,UPI
104243,2026-08-05,110,Vikram,506,Headphones,Electronics,2,5000,500,COMPLETED,Kolkata,West Bengal,COD
104244,2026-08-25,106,Ramesh,504,Keyboard,Electronics,4,3000,200,CANCELLED,Pune,Maharashtra,CARD
104245,2026-08-19,103,Sita,502,Mouse,Electronics,1,1000,500,COMPLETED,Chennai,Tamil Nadu,UPI
104246,2026-08-12,108,Arjun,501,Laptop,Electronics,3,60000,5000,CANCELLED,Hyderabad,Telangana,CARD
104247,2026-08-25,107,Lakshmi,501,Laptop,Electronics,1,60000,1000,COMPLETED,Chennai,Tamil Nadu,UPI
104248,2026-08-02,102,Anil,506,Headphones,Electronics,1,5000,0,COMPLETED,Hyderabad,Telangana,COD
104249,2026-08-01,103,Sita,507,Desk,Furniture,1,15000,0,COMPLETED,Chennai,Tamil Nadu,COD
104250,2026-08-19,106,Ramesh,509,Monitor,Electronics,2,20000,500,COMPLETED,Pune,Maharashtra,NET_BANKING
104251,2026-08-28,110,Vikram,508,Mobile,Electronics,5,25000,200,COMPLETED,Kolkata,West Bengal,NET_BANKING
104252,2026-08-17,105,Priya,509,Monitor,Electronics,2,20000,1000,COMPLETED,Mumbai,Maharashtra,UPI
104253,2026-08-04,110,Vikram,503,Chair,Furniture,3,8000,2000,COMPLETED,Kolkata,West Bengal,UPI
104254,2026-08-08,105,Priya,507,Desk,Furniture,5,15000,2000,COMPLETED,Mumbai,Maharashtra,COD
104255,2026-08-26,105,Priya,504,Keyboard,Electronics,2,3000,0,COMPLETED,Mumbai,Maharashtra,UPI
104256,2026-08-27,108,Arjun,503,Chair,Furniture,4,8000,2000,COMPLETED,Hyderabad,Telangana,CARD
104257,2026-08-10,109,Sneha,503,Chair,Furniture,4,8000,1000,COMPLETED,Delhi,Delhi,CARD
104258,2026-08-10,108,Arjun,503,Chair,Furniture,1,8000,0,COMPLETED,Hyderabad,Telangana,CARD
104259,2026-08-13,101,Ravi,509,Monitor,Electronics,1,20000,0,COMPLETED,Hyderabad,Telangana,COD
104260,2026-08-03,101,Ravi,506,Headphones,Electronics,5,5000,0,COMPLETED,Hyderabad,Telangana,NET_BANKING
104261,2026-08-27,105,Priya,504,Keyboard,Electronics,2,3000,5000,COMPLETED,Mumbai,Maharashtra,COD
104262,2026-08-29,104,Kumar,501,Laptop,Electronics,2,60000,200,COMPLETED,Bangalore,Karnataka,COD
104263,2026-08-20,104,Kumar,507,Desk,Furniture,2,15000,0,COMPLETED,Bangalore,Karnataka,UPI
104264,2026-08-19,101,Ravi,501,Laptop,Electronics,1,60000,200,COMPLETED,Hyderabad,Telangana,COD
104265,2026-08-24,109,Sneha,502,Mouse,Electronics,1,1000,500,COMPLETED,Delhi,Delhi,UPI
104266,2026-08-21,103,Sita,509,Monitor,Electronics,2,20000,1000,CANCELLED,Chennai,Tamil Nadu,NET_BANKING
104267,2026-08-18,102,Anil,506,Headphones,Electronics,5,5000,100,COMPLETED,Hyderabad,Telangana,UPI
104268,2026-08-02,110,Vikram,504,Keyboard,Electronics,3,3000,200,COMPLETED,Kolkata,West Bengal,COD
104269,2026-08-03,107,Lakshmi,507,Desk,Furniture,2,15000,2000,COMPLETED,Chennai,Tamil Nadu,CARD
104270,2026-08-17,109,Sneha,501,Laptop,Electronics,1,60000,100,COMPLETED,Delhi,Delhi,COD
104271,2026-08-12,109,Sneha,502,Mouse,Electronics,5,1000,500,RETURNED,Delhi,Delhi,COD
104272,2026-08-28,105,Priya,508,Mobile,Electronics,1,25000,1000,CANCELLED,Mumbai,Maharashtra,CARD
104273,2026-08-02,102,Anil,502,Mouse,Electronics,3,1000,200,CANCELLED,Hyderabad,Telangana,CARD
104274,2026-08-14,101,Ravi,510,Bookshelf,Furniture,4,12000,200,COMPLETED,Hyderabad,Telangana,COD
104275,2026-08-10,110,Vikram,509,Monitor,Electronics,2,20000,0,COMPLETED,Kolkata,West Bengal,UPI
104276,2026-08-22,105,Priya,503,Chair,Furniture,4,8000,200,COMPLETED,Mumbai,Maharashtra,COD
104277,2026-08-25,106,Ramesh,501,Laptop,Electronics,1,60000,2000,COMPLETED,Pune,Maharashtra,COD
104278,2026-08-17,108,Arjun,502,Mouse,Electronics,4,1000,5000,COMPLETED,Hyderabad,Telangana,CARD
104279,2026-08-26,109,Sneha,509,Monitor,Electronics,2,20000,2000,COMPLETED,Delhi,Delhi,COD
104280,2026-08-29,109,Sneha,509,Monitor,Electronics,3,20000,0,COMPLETED,Delhi,Delhi,COD
104281,2026-08-30,103,Sita,508,Mobile,Electronics,4,25000,100,COMPLETED,Chennai,Tamil Nadu,CARD
104282,2026-08-14,103,Sita,507,Desk,Furniture,4,15000,5000,COMPLETED,Chennai,Tamil Nadu,UPI
104283,2026-08-15,110,Vikram,504,Keyboard,Electronics,4,3000,0,COMPLETED,Kolkata,West Bengal,NET_BANKING
104284,2026-08-18,103,Sita,503,Chair,Furniture,5,8000,0,COMPLETED,Chennai,Tamil Nadu,NET_BANKING
104285,2026-08-08,110,Vikram,510,Bookshelf,Furniture,3,12000,0,COMPLETED,Kolkata,West Bengal,NET_BANKING
104286,2026-08-16,106,Ramesh,510,Bookshelf,Furniture,4,12000,5000,COMPLETED,Pune,Maharashtra,COD
104287,2026-08-27,106,Ramesh,510,Bookshelf,Furniture,4,12000,2000,COMPLETED,Pune,Maharashtra,UPI
104288,2026-08-30,109,Sneha,504,Keyboard,Electronics,5,3000,1000,CANCELLED,Delhi,Delhi,UPI
104289,2026-08-30,106,Ramesh,501,Laptop,Electronics,1,60000,500,COMPLETED,Pune,Maharashtra,COD
104290,2026-08-11,102,Anil,507,Desk,Furniture,4,15000,200,COMPLETED,Hyderabad,Telangana,UPI
104291,2026-08-31,103,Sita,510,Bookshelf,Furniture,3,12000,2000,COMPLETED,Chennai,Tamil Nadu,UPI
104292,2026-08-15,109,Sneha,509,Monitor,Electronics,1,20000,0,COMPLETED,Delhi,Delhi,COD
104293,2026-08-28,101,Ravi,501,Laptop,Electronics,3,60000,0,COMPLETED,Hyderabad,Telangana,CARD
104294,2026-08-20,105,Priya,505,Table,Furniture,2,10000,5000,COMPLETED,Mumbai,Maharashtra,COD
104295,2026-08-02,106,Ramesh,508,Mobile,Electronics,2,25000,0,RETURNED,Pune,Maharashtra,CARD
104296,2026-08-01,110,Vikram,504,Keyboard,Electronics,1,3000,0,CANCELLED,Kolkata,West Bengal,CARD
104297,2026-08-03,106,Ramesh,501,Laptop,Electronics,5,60000,2000,COMPLETED,Pune,Maharashtra,UPI
104298,2026-08-06,108,Arjun,505,Table,Furniture,5,10000,0,COMPLETED,Hyderabad,Telangana,NET_BANKING
104299,2026-08-06,103,Sita,503,Chair,Furniture,2,8000,200,COMPLETED,Chennai,Tamil Nadu,CARD
104300,2026-08-01,102,Anil,509,Monitor,Electronics,4,20000,100,COMPLETED,Hyderabad,Telangana,UPI
104301,2026-08-01,108,Arjun,504,Keyboard,Electronics,2,3000,500,COMPLETED,Hyderabad,Telangana,COD
104302,2026-08-09,107,Lakshmi,503,Chair,Furniture,5,8000,5000,COMPLETED,Chennai,Tamil Nadu,CARD
104303,2026-08-01,108,Arjun,505,Table,Furniture,3,10000,5000,CANCELLED,Hyderabad,Telangana,UPI
104304,2026-08-13,105,Priya,505,Table,Furniture,5,10000,1000,COMPLETED,Mumbai,Maharashtra,COD
104305,2026-08-24,105,Priya,501,Laptop,Electronics,4,60000,5000,COMPLETED,Mumbai,Maharashtra,NET_BANKING
104306,2026-08-31,105,Priya,505,Table,Furniture,3,10000,200,COMPLETED,Mumbai,Maharashtra,NET_BANKING
104307,2026-08-13,102,Anil,505,Table,Furniture,4,10000,2000,COMPLETED,Hyderabad,Telangana,CARD
104308,2026-08-07,105,Priya,509,Monitor,Electronics,3,20000,200,COMPLETED,Mumbai,Maharashtra,NET_BANKING
104309,2026-08-21,109,Sneha,507,Desk,Furniture,2,15000,2000,COMPLETED,Delhi,Delhi,CARD
104310,2026-08-27,107,Lakshmi,507,Desk,Furniture,3,15000,1000,COMPLETED,Chennai,Tamil Nadu,CARD
104311,2026-08-16,101,Ravi,508,Mobile,Electronics,3,25000,5000,COMPLETED,Hyderabad,Telangana,NET_BANKING
104312,2026-08-25,104,Kumar,503,Chair,Furniture,4,8000,200,COMPLETED,Bangalore,Karnataka,NET_BANKING
104313,2026-08-28,105,Priya,504,Keyboard,Electronics,4,3000,1000,COMPLETED,Mumbai,Maharashtra,UPI
104314,2026-08-25,106,Ramesh,501,Laptop,Electronics,3,60000,1000,COMPLETED,Pune,Maharashtra,NET_BANKING
104315,2026-08-06,101,Ravi,510,Bookshelf,Furniture,5,12000,500,COMPLETED,Hyderabad,Telangana,COD
104316,2026-08-02,103,Sita,501,Laptop,Electronics,4,60000,200,COMPLETED,Chennai,Tamil Nadu,CARD
104317,2026-08-19,110,Vikram,504,Keyboard,Electronics,1,3000,5000,COMPLETED,Kolkata,West Bengal,CARD
104318,2026-08-28,108,Arjun,503,Chair,Furniture,5,8000,1000,COMPLETED,Hyderabad,Telangana,NET_BANKING
104319,2026-08-18,101,Ravi,504,Keyboard,Electronics,1,3000,0,COMPLETED,Hyderabad,Telangana,CARD
104320,2026-08-12,106,Ramesh,509,Monitor,Electronics,1,20000,1000,COMPLETED,Pune,Maharashtra,CARD
104321,2026-08-11,101,Ravi,505,Table,Furniture,1,10000,100,COMPLETED,Hyderabad,Telangana,UPI
104322,2026-08-11,105,Priya,504,Keyboard,Electronics,2,3000,0,COMPLETED,Mumbai,Maharashtra,COD
104323,2026-08-25,110,Vikram,505,Table,Furniture,2,10000,200,RETURNED,Kolkata,West Bengal,COD
104324,2026-08-07,110,Vikram,506,Headphones,Electronics,1,5000,0,COMPLETED,Kolkata,West Bengal,CARD
104325,2026-08-19,104,Kumar,506,Headphones,Electronics,1,5000,500,COMPLETED,Bangalore,Karnataka,COD
104326,2026-08-29,106,Ramesh,503,Chair,Furniture,4,8000,500,COMPLETED,Pune,Maharashtra,COD
104327,2026-08-26,107,Lakshmi,503,Chair,Furniture,3,8000,0,CANCELLED,Chennai,Tamil Nadu,UPI
104328,2026-08-16,109,Sneha,506,Headphones,Electronics,2,5000,200,COMPLETED,Delhi,Delhi,NET_BANKING
104329,2026-08-11,106,Ramesh,505,Table,Furniture,1,10000,500,COMPLETED,Pune,Maharashtra,COD
104330,2026-08-27,101,Ravi,510,Bookshelf,Furniture,1,12000,200,COMPLETED,Hyderabad,Telangana,UPI
104331,2026-08-22,102,Anil,508,Mobile,Electronics,3,25000,1000,COMPLETED,Hyderabad,Telangana,NET_BANKING
104332,2026-08-23,104,Kumar,508,Mobile,Electronics,1,25000,2000,COMPLETED,Bangalore,Karnataka,COD
104333,2026-08-28,103,Sita,509,Monitor,Electronics,1,20000,2000,COMPLETED,Chennai,Tamil Nadu,CARD
104334,2026-08-09,104,Kumar,508,Mobile,Electronics,4,25000,0,COMPLETED,Bangalore,Karnataka,UPI
104335,2026-08-12,106,Ramesh,508,Mobile,Electronics,4,25000,100,RETURNED,Pune,Maharashtra,COD
104336,2026-08-06,105,Priya,502,Mouse,Electronics,4,1000,0,COMPLETED,Mumbai,Maharashtra,NET_BANKING
104337,2026-08-17,109,Sneha,502,Mouse,Electronics,4,1000,2000,COMPLETED,Delhi,Delhi,UPI
104338,2026-08-30,110,Vikram,510,Bookshelf,Furniture,1,12000,2000,COMPLETED,Kolkata,West Bengal,CARD
104339,2026-08-27,102,Anil,510,Bookshelf,Furniture,4,12000,200,COMPLETED,Hyderabad,Telangana,CARD
104340,2026-08-11,110,Vikram,510,Bookshelf,Furniture,1,12000,2000,RETURNED,Kolkata,West Bengal,COD
104341,2026-08-11,101,Ravi,505,Table,Furniture,1,10000,1000,CANCELLED,Hyderabad,Telangana,CARD
104342,2026-08-15,103,Sita,507,Desk,Furniture,2,15000,0,COMPLETED,Chennai,Tamil Nadu,CARD
104343,2026-08-27,105,Priya,504,Keyboard,Electronics,5,3000,0,COMPLETED,Mumbai,Maharashtra,NET_BANKING
104344,2026-08-21,102,Anil,505,Table,Furniture,2,10000,0,COMPLETED,Hyderabad,Telangana,NET_BANKING
104345,2026-08-13,110,Vikram,504,Keyboard,Electronics,3,3000,1000,COMPLETED,Kolkata,West Bengal,CARD
104346,2026-08-26,109,Sneha,503,Chair,Furniture,2,8000,0,COMPLETED,Delhi,Delhi,NET_BANKING
104347,2026-08-12,103,Sita,508,Mobile,Electronics,3,25000,5000,COMPLETED,Chennai,Tamil Nadu,COD
104348,2026-08-20,103,Sita,510,Bookshelf,Furniture,1,12000,0,CANCELLED,Chennai,Tamil Nadu,NET_BANKING
104349,2026-08-01,105,Priya,510,Bookshelf,Furniture,3,12000,500,COMPLETED,Mumbai,Maharashtra,UPI
104350,2026-08-21,109,Sneha,504,Keyboard,Electronics,3,3000,200,COMPLETED,Delhi,Delhi,NET_BANKING
104351,2026-08-29,104,Kumar,502,Mouse,Electronics,1,1000,100,CANCELLED,Bangalore,Karnataka,COD
104352,2026-08-22,108,Arjun,502,Mouse,Electronics,1,1000,1000,COMPLETED,Hyderabad,Telangana,COD
104353,2026-08-04,103,Sita,510,Bookshelf,Furniture,4,12000,100,COMPLETED,Chennai,Tamil Nadu,NET_BANKING
104354,2026-08-07,102,Anil,508,Mobile,Electronics,2,25000,0,COMPLETED,Hyderabad,Telangana,CARD
104355,2026-08-24,110,Vikram,502,Mouse,Electronics,1,1000,5000,COMPLETED,Kolkata,West Bengal,CARD
104356,2026-08-19,103,Sita,502,Mouse,Electronics,5,1000,200,COMPLETED,Chennai,Tamil Nadu,UPI
104357,2026-08-07,106,Ramesh,508,Mobile,Electronics,4,25000,2000,RETURNED,Pune,Maharashtra,COD
104358,2026-08-12,102,Anil,501,Laptop,Electronics,2,60000,5000,COMPLETED,Hyderabad,Telangana,UPI
104359,2026-08-12,108,Arjun,505,Table,Furniture,5,10000,0,COMPLETED,Hyderabad,Telangana,CARD
104360,2026-08-09,101,Ravi,505,Table,Furniture,3,10000,0,COMPLETED,Hyderabad,Telangana,CARD
104361,2026-08-25,101,Ravi,503,Chair,Furniture,4,8000,200,COMPLETED,Hyderabad,Telangana,COD
104362,2026-08-02,109,Sneha,510,Bookshelf,Furniture,2,12000,500,COMPLETED,Delhi,Delhi,NET_BANKING
104363,2026-08-20,101,Ravi,503,Chair,Furniture,3,8000,2000,COMPLETED,Hyderabad,Telangana,COD
104364,2026-08-21,101,Ravi,504,Keyboard,Electronics,1,3000,500,COMPLETED,Hyderabad,Telangana,CARD
104365,2026-08-22,105,Priya,507,Desk,Furniture,4,15000,1000,COMPLETED,Mumbai,Maharashtra,UPI
104366,2026-08-08,109,Sneha,503,Chair,Furniture,4,8000,0,COMPLETED,Delhi,Delhi,UPI
104367,2026-08-22,104,Kumar,509,Monitor,Electronics,2,20000,5000,COMPLETED,Bangalore,Karnataka,UPI
104368,2026-08-04,101,Ravi,506,Headphones,Electronics,2,5000,200,COMPLETED,Hyderabad,Telangana,COD
104369,2026-08-18,101,Ravi,502,Mouse,Electronics,3,1000,100,COMPLETED,Hyderabad,Telangana,UPI
104370,2026-08-18,102,Anil,504,Keyboard,Electronics,5,3000,100,COMPLETED,Hyderabad,Telangana,CARD
104371,2026-08-25,103,Sita,501,Laptop,Electronics,5,60000,200,CANCELLED,Chennai,Tamil Nadu,UPI
104372,2026-08-04,107,Lakshmi,509,Monitor,Electronics,4,20000,200,COMPLETED,Chennai,Tamil Nadu,UPI
104373,2026-08-19,104,Kumar,509,Monitor,Electronics,1,20000,5000,COMPLETED,Bangalore,Karnataka,COD
104374,2026-08-15,110,Vikram,501,Laptop,Electronics,5,60000,500,COMPLETED,Kolkata,West Bengal,COD
104375,2026-08-06,107,Lakshmi,508,Mobile,Electronics,1,25000,0,COMPLETED,Chennai,Tamil Nadu,NET_BANKING
104376,2026-08-09,103,Sita,502,Mouse,Electronics,1,1000,0,COMPLETED,Chennai,Tamil Nadu,UPI
104377,2026-08-14,108,Arjun,502,Mouse,Electronics,2,1000,500,COMPLETED,Hyderabad,Telangana,NET_BANKING
104378,2026-08-27,101,Ravi,509,Monitor,Electronics,5,20000,1000,COMPLETED,Hyderabad,Telangana,CARD
104379,2026-08-01,104,Kumar,508,Mobile,Electronics,5,25000,1000,COMPLETED,Bangalore,Karnataka,UPI
104380,2026-08-20,110,Vikram,502,Mouse,Electronics,3,1000,500,COMPLETED,Kolkata,West Bengal,NET_BANKING
104381,2026-08-20,106,Ramesh,507,Desk,Furniture,4,15000,100,COMPLETED,Pune,Maharashtra,COD
104382,2026-08-13,106,Ramesh,506,Headphones,Electronics,1,5000,100,COMPLETED,Pune,Maharashtra,COD
104383,2026-08-08,108,Arjun,502,Mouse,Electronics,4,1000,5000,CANCELLED,Hyderabad,Telangana,UPI
104384,2026-08-14,109,Sneha,509,Monitor,Electronics,2,20000,2000,COMPLETED,Delhi,Delhi,NET_BANKING
104385,2026-08-05,107,Lakshmi,502,Mouse,Electronics,4,1000,2000,RETURNED,Chennai,Tamil Nadu,COD
104386,2026-08-31,109,Sneha,504,Keyboard,Electronics,1,3000,1000,COMPLETED,Delhi,Delhi,COD
104387,2026-08-04,104,Kumar,508,Mobile,Electronics,2,25000,5000,RETURNED,Bangalore,Karnataka,NET_BANKING
104388,2026-08-24,101,Ravi,503,Chair,Furniture,2,8000,200,CANCELLED,Hyderabad,Telangana,NET_BANKING
104389,2026-08-10,107,Lakshmi,502,Mouse,Electronics,3,1000,2000,COMPLETED,Chennai,Tamil Nadu,CARD
104390,2026-08-07,108,Arjun,507,Desk,Furniture,2,15000,0,COMPLETED,Hyderabad,Telangana,UPI
104391,2026-08-14,102,Anil,508,Mobile,Electronics,1,25000,500,COMPLETED,Hyderabad,Telangana,UPI
104392,2026-08-10,106,Ramesh,503,Chair,Furniture,5,8000,200,COMPLETED,Pune,Maharashtra,COD
104393,2026-08-07,109,Sneha,507,Desk,Furniture,4,15000,500,COMPLETED,Delhi,Delhi,UPI
104394,2026-08-11,105,Priya,507,Desk,Furniture,4,15000,2000,COMPLETED,Mumbai,Maharashtra,COD
104395,2026-08-13,101,Ravi,504,Keyboard,Electronics,5,3000,200,COMPLETED,Hyderabad,Telangana,UPI
104396,2026-08-08,105,Priya,509,Monitor,Electronics,4,20000,200,COMPLETED,Mumbai,Maharashtra,CARD
104397,2026-08-19,102,Anil,506,Headphones,Electronics,2,5000,100,RETURNED,Hyderabad,Telangana,UPI
104398,2026-08-30,103,Sita,508,Mobile,Electronics,1,25000,2000,COMPLETED,Chennai,Tamil Nadu,CARD
104399,2026-08-02,105,Priya,502,Mouse,Electronics,3,1000,0,COMPLETED,Mumbai,Maharashtra,CARD
104400,2026-08-03,110,Vikram,502,Mouse,Electronics,5,1000,5000,COMPLETED,Kolkata,West Bengal,CARD
104401,2026-08-09,109,Sneha,503,Chair,Furniture,4,8000,0,COMPLETED,Delhi,Delhi,CARD
104402,2026-08-18,101,Ravi,502,Mouse,Electronics,1,1000,5000,CANCELLED,Hyderabad,Telangana,COD
104403,2026-08-11,101,Ravi,508,Mobile,Electronics,4,25000,500,COMPLETED,Hyderabad,Telangana,COD
104404,2026-08-20,105,Priya,510,Bookshelf,Furniture,4,12000,0,COMPLETED,Mumbai,Maharashtra,CARD
104405,2026-08-16,103,Sita,502,Mouse,Electronics,1,1000,0,COMPLETED,Chennai,Tamil Nadu,COD
104406,2026-08-12,106,Ramesh,507,Desk,Furniture,5,15000,0,COMPLETED,Pune,Maharashtra,UPI
104407,2026-08-03,101,Ravi,507,Desk,Furniture,4,15000,200,COMPLETED,Hyderabad,Telangana,NET_BANKING
104408,2026-08-04,107,Lakshmi,504,Keyboard,Electronics,4,3000,200,COMPLETED,Chennai,Tamil Nadu,CARD
104409,2026-08-31,110,Vikram,508,Mobile,Electronics,3,25000,1000,COMPLETED,Kolkata,West Bengal,CARD
104410,2026-08-14,107,Lakshmi,502,Mouse,Electronics,5,1000,500,COMPLETED,Chennai,Tamil Nadu,COD
104411,2026-08-30,104,Kumar,508,Mobile,Electronics,5,25000,0,COMPLETED,Bangalore,Karnataka,CARD
104412,2026-08-21,109,Sneha,510,Bookshelf,Furniture,5,12000,0,COMPLETED,Delhi,Delhi,CARD
104413,2026-08-25,101,Ravi,502,Mouse,Electronics,2,1000,0,COMPLETED,Hyderabad,Telangana,UPI
104414,2026-08-12,107,Lakshmi,508,Mobile,Electronics,2,25000,100,COMPLETED,Chennai,Tamil Nadu,COD
104415,2026-08-14,104,Kumar,504,Keyboard,Electronics,1,3000,200,COMPLETED,Bangalore,Karnataka,COD
104416,2026-08-11,110,Vikram,509,Monitor,Electronics,3,20000,0,RETURNED,Kolkata,West Bengal,UPI
104417,2026-08-27,105,Priya,510,Bookshelf,Furniture,1,12000,200,COMPLETED,Mumbai,Maharashtra,CARD
104418,2026-08-24,110,Vikram,506,Headphones,Electronics,3,5000,1000,COMPLETED,Kolkata,West Bengal,NET_BANKING
104419,2026-08-11,109,Sneha,504,Keyboard,Electronics,4,3000,200,CANCELLED,Delhi,Delhi,UPI
104420,2026-08-28,103,Sita,508,Mobile,Electronics,3,25000,200,COMPLETED,Chennai,Tamil Nadu,CARD
104421,2026-08-25,103,Sita,506,Headphones,Electronics,3,5000,0,COMPLETED,Chennai,Tamil Nadu,NET_BANKING
104422,2026-08-23,102,Anil,510,Bookshelf,Furniture,2,12000,1000,COMPLETED,Hyderabad,Telangana,UPI
104423,2026-08-28,105,Priya,508,Mobile,Electronics,4,25000,100,COMPLETED,Mumbai,Maharashtra,CARD
104424,2026-08-26,104,Kumar,507,Desk,Furniture,1,15000,0,CANCELLED,Bangalore,Karnataka,COD
104425,2026-08-20,104,Kumar,510,Bookshelf,Furniture,3,12000,1000,COMPLETED,Bangalore,Karnataka,UPI
104426,2026-08-09,104,Kumar,509,Monitor,Electronics,3,20000,200,COMPLETED,Bangalore,Karnataka,NET_BANKING
104427,2026-08-25,107,Lakshmi,504,Keyboard,Electronics,1,3000,200,COMPLETED,Chennai,Tamil Nadu,COD
104428,2026-08-17,110,Vikram,507,Desk,Furniture,3,15000,0,COMPLETED,Kolkata,West Bengal,COD
104429,2026-08-29,105,Priya,506,Headphones,Electronics,5,5000,5000,COMPLETED,Mumbai,Maharashtra,NET_BANKING
104430,2026-08-24,101,Ravi,509,Monitor,Electronics,5,20000,100,CANCELLED,Hyderabad,Telangana,UPI
104431,2026-08-21,108,Arjun,508,Mobile,Electronics,2,25000,1000,COMPLETED,Hyderabad,Telangana,UPI
104432,2026-08-17,107,Lakshmi,507,Desk,Furniture,1,15000,0,COMPLETED,Chennai,Tamil Nadu,CARD
104433,2026-08-07,110,Vikram,508,Mobile,Electronics,4,25000,5000,COMPLETED,Kolkata,West Bengal,COD
104434,2026-08-16,103,Sita,502,Mouse,Electronics,2,1000,500,COMPLETED,Chennai,Tamil Nadu,CARD
104435,2026-08-21,105,Priya,503,Chair,Furniture,2,8000,100,CANCELLED,Mumbai,Maharashtra,NET_BANKING
104436,2026-08-17,102,Anil,510,Bookshelf,Furniture,2,12000,0,COMPLETED,Hyderabad,Telangana,CARD
104437,2026-08-14,103,Sita,504,Keyboard,Electronics,3,3000,500,COMPLETED,Chennai,Tamil Nadu,UPI
104438,2026-08-21,109,Sneha,502,Mouse,Electronics,3,1000,500,COMPLETED,Delhi,Delhi,CARD
104439,2026-08-28,105,Priya,509,Monitor,Electronics,3,20000,100,CANCELLED,Mumbai,Maharashtra,UPI
104440,2026-08-08,103,Sita,505,Table,Furniture,3,10000,0,CANCELLED,Chennai,Tamil Nadu,NET_BANKING
104441,2026-08-12,108,Arjun,507,Desk,Furniture,1,15000,0,CANCELLED,Hyderabad,Telangana,COD
104442,2026-08-14,102,Anil,506,Headphones,Electronics,3,5000,0,COMPLETED,Hyderabad,Telangana,NET_BANKING
104443,2026-08-16,102,Anil,505,Table,Furniture,3,10000,200,COMPLETED,Hyderabad,Telangana,UPI
104444,2026-08-02,104,Kumar,508,Mobile,Electronics,3,25000,500,COMPLETED,Bangalore,Karnataka,CARD
104445,2026-08-03,105,Priya,506,Headphones,Electronics,5,5000,0,COMPLETED,Mumbai,Maharashtra,CARD
104446,2026-08-22,107,Lakshmi,502,Mouse,Electronics,1,1000,0,COMPLETED,Chennai,Tamil Nadu,CARD
104447,2026-08-11,106,Ramesh,507,Desk,Furniture,5,15000,500,COMPLETED,Pune,Maharashtra,CARD
104448,2026-08-08,101,Ravi,503,Chair,Furniture,4,8000,2000,CANCELLED,Hyderabad,Telangana,COD
104449,2026-08-22,107,Lakshmi,510,Bookshelf,Furniture,4,12000,100,RETURNED,Chennai,Tamil Nadu,CARD
104450,2026-08-08,110,Vikram,506,Headphones,Electronics,2,5000,2000,COMPLETED,Kolkata,West Bengal,NET_BANKING
104451,2026-08-21,102,Anil,502,Mouse,Electronics,5,1000,200,COMPLETED,Hyderabad,Telangana,UPI
104452,2026-08-26,110,Vikram,504,Keyboard,Electronics,3,3000,100,COMPLETED,Kolkata,West Bengal,CARD
104453,2026-08-13,105,Priya,501,Laptop,Electronics,4,60000,100,COMPLETED,Mumbai,Maharashtra,CARD
104454,2026-08-07,105,Priya,507,Desk,Furniture,2,15000,500,CANCELLED,Mumbai,Maharashtra,CARD
104455,2026-08-07,104,Kumar,505,Table,Furniture,4,10000,1000,COMPLETED,Bangalore,Karnataka,COD
104456,2026-08-09,107,Lakshmi,510,Bookshelf,Furniture,1,12000,2000,RETURNED,Chennai,Tamil Nadu,NET_BANKING
104457,2026-08-10,105,Priya,503,Chair,Furniture,2,8000,100,COMPLETED,Mumbai,Maharashtra,CARD
104458,2026-08-11,109,Sneha,506,Headphones,Electronics,1,5000,5000,COMPLETED,Delhi,Delhi,CARD
104459,2026-08-19,106,Ramesh,501,Laptop,Electronics,3,60000,100,RETURNED,Pune,Maharashtra,NET_BANKING
104460,2026-08-29,110,Vikram,505,Table,Furniture,4,10000,0,COMPLETED,Kolkata,West Bengal,COD
104461,2026-08-10,110,Vikram,507,Desk,Furniture,3,15000,200,COMPLETED,Kolkata,West Bengal,UPI
104462,2026-08-11,108,Arjun,507,Desk,Furniture,1,15000,500,COMPLETED,Hyderabad,Telangana,UPI
104463,2026-08-07,109,Sneha,509,Monitor,Electronics,1,20000,0,RETURNED,Delhi,Delhi,NET_BANKING
104464,2026-08-18,105,Priya,503,Chair,Furniture,5,8000,5000,COMPLETED,Mumbai,Maharashtra,NET_BANKING
104465,2026-08-21,105,Priya,510,Bookshelf,Furniture,4,12000,2000,COMPLETED,Mumbai,Maharashtra,COD
104466,2026-08-19,107,Lakshmi,508,Mobile,Electronics,5,25000,500,COMPLETED,Chennai,Tamil Nadu,UPI
104467,2026-08-15,107,Lakshmi,502,Mouse,Electronics,1,1000,2000,COMPLETED,Chennai,Tamil Nadu,UPI
104468,2026-08-20,102,Anil,505,Table,Furniture,4,10000,0,COMPLETED,Hyderabad,Telangana,UPI
104469,2026-08-09,104,Kumar,509,Monitor,Electronics,4,20000,0,COMPLETED,Bangalore,Karnataka,COD
104470,2026-08-14,108,Arjun,506,Headphones,Electronics,4,5000,1000,COMPLETED,Hyderabad,Telangana,NET_BANKING
104471,2026-08-24,102,Anil,509,Monitor,Electronics,5,20000,2000,COMPLETED,Hyderabad,Telangana,UPI
104472,2026-08-22,107,Lakshmi,508,Mobile,Electronics,3,25000,500,COMPLETED,Chennai,Tamil Nadu,CARD
104473,2026-08-23,104,Kumar,505,Table,Furniture,2,10000,1000,COMPLETED,Bangalore,Karnataka,COD
104474,2026-08-11,110,Vikram,509,Monitor,Electronics,1,20000,500,COMPLETED,Kolkata,West Bengal,UPI
104475,2026-08-14,106,Ramesh,507,Desk,Furniture,5,15000,200,COMPLETED,Pune,Maharashtra,NET_BANKING
104476,2026-08-05,105,Priya,501,Laptop,Electronics,3,60000,100,COMPLETED,Mumbai,Maharashtra,COD
104477,2026-08-27,102,Anil,508,Mobile,Electronics,5,25000,100,COMPLETED,Hyderabad,Telangana,COD
104478,2026-08-31,102,Anil,505,Table,Furniture,1,10000,100,COMPLETED,Hyderabad,Telangana,UPI
104479,2026-08-11,104,Kumar,509,Monitor,Electronics,4,20000,2000,RETURNED,Bangalore,Karnataka,CARD
104480,2026-08-17,107,Lakshmi,505,Table,Furniture,1,10000,2000,RETURNED,Chennai,Tamil Nadu,CARD
104481,2026-08-19,109,Sneha,505,Table,Furniture,2,10000,2000,COMPLETED,Delhi,Delhi,UPI
104482,2026-08-11,107,Lakshmi,504,Keyboard,Electronics,5,3000,1000,COMPLETED,Chennai,Tamil Nadu,UPI
104483,2026-08-25,102,Anil,501,Laptop,Electronics,1,60000,100,COMPLETED,Hyderabad,Telangana,COD
104484,2026-08-03,110,Vikram,506,Headphones,Electronics,5,5000,200,COMPLETED,Kolkata,West Bengal,NET_BANKING
104485,2026-08-05,109,Sneha,506,Headphones,Electronics,4,5000,5000,COMPLETED,Delhi,Delhi,COD
104486,2026-08-29,108,Arjun,501,Laptop,Electronics,2,60000,2000,COMPLETED,Hyderabad,Telangana,COD
104487,2026-08-31,103,Sita,501,Laptop,Electronics,2,60000,2000,COMPLETED,Chennai,Tamil Nadu,NET_BANKING
104488,2026-08-07,105,Priya,505,Table,Furniture,5,10000,500,COMPLETED,Mumbai,Maharashtra,COD
104489,2026-08-04,104,Kumar,504,Keyboard,Electronics,5,3000,0,CANCELLED,Bangalore,Karnataka,CARD
104490,2026-08-12,104,Kumar,504,Keyboard,Electronics,4,3000,2000,COMPLETED,Bangalore,Karnataka,COD
104491,2026-08-29,101,Ravi,508,Mobile,Electronics,2,25000,0,COMPLETED,Hyderabad,Telangana,NET_BANKING
104492,2026-08-15,105,Priya,506,Headphones,Electronics,4,5000,2000,COMPLETED,Mumbai,Maharashtra,COD
104493,2026-08-08,103,Sita,507,Desk,Furniture,4,15000,5000,COMPLETED,Chennai,Tamil Nadu,NET_BANKING
104494,2026-08-20,101,Ravi,509,Monitor,Electronics,5,20000,5000,COMPLETED,Hyderabad,Telangana,NET_BANKING
104495,2026-08-20,108,Arjun,506,Headphones,Electronics,3,5000,500,COMPLETED,Hyderabad,Telangana,CARD
104496,2026-08-23,105,Priya,509,Monitor,Electronics,3,20000,100,COMPLETED,Mumbai,Maharashtra,NET_BANKING
104497,2026-08-24,104,Kumar,508,Mobile,Electronics,4,25000,500,COMPLETED,Bangalore,Karnataka,CARD
104498,2026-08-15,108,Arjun,507,Desk,Furniture,4,15000,5000,COMPLETED,Hyderabad,Telangana,UPI
104499,2026-08-01,105,Priya,503,Chair,Furniture,4,8000,2000,COMPLETED,Mumbai,Maharashtra,NET_BANKING
104500,2026-08-20,102,Anil,505,Table,Furniture,4,10000,1000,COMPLETED,Hyderabad,Telangana,NET_BANKING
104501,2026-08-11,102,Anil,502,Mouse,Electronics,4,1000,200,COMPLETED,Hyderabad,Telangana,CARD
104502,2026-08-19,101,Ravi,510,Bookshelf,Furniture,1,12000,0,COMPLETED,Hyderabad,Telangana,UPI
104503,2026-08-24,110,Vikram,505,Table,Furniture,1,10000,2000,COMPLETED,Kolkata,West Bengal,COD
104504,2026-08-05,106,Ramesh,509,Monitor,Electronics,2,20000,500,CANCELLED,Pune,Maharashtra,NET_BANKING
104505,2026-08-17,106,Ramesh,504,Keyboard,Electronics,3,3000,2000,COMPLETED,Pune,Maharashtra,CARD
104506,2026-08-30,106,Ramesh,503,Chair,Furniture,2,8000,100,COMPLETED,Pune,Maharashtra,COD
104507,2026-08-28,101,Ravi,501,Laptop,Electronics,1,60000,500,COMPLETED,Hyderabad,Telangana,UPI
104508,2026-08-03,110,Vikram,502,Mouse,Electronics,1,1000,200,COMPLETED,Kolkata,West Bengal,NET_BANKING
104509,2026-08-03,107,Lakshmi,502,Mouse,Electronics,5,1000,2000,COMPLETED,Chennai,Tamil Nadu,UPI
104510,2026-08-04,102,Anil,509,Monitor,Electronics,3,20000,200,RETURNED,Hyderabad,Telangana,COD
104511,2026-08-14,105,Priya,507,Desk,Furniture,1,15000,500,CANCELLED,Mumbai,Maharashtra,NET_BANKING
104512,2026-08-14,108,Arjun,508,Mobile,Electronics,1,25000,2000,COMPLETED,Hyderabad,Telangana,COD
104513,2026-08-24,101,Ravi,505,Table,Furniture,4,10000,2000,COMPLETED,Hyderabad,Telangana,COD
104514,2026-08-23,109,Sneha,503,Chair,Furniture,5,8000,0,CANCELLED,Delhi,Delhi,NET_BANKING
104515,2026-08-13,103,Sita,506,Headphones,Electronics,3,5000,1000,COMPLETED,Chennai,Tamil Nadu,UPI
104516,2026-08-23,105,Priya,503,Chair,Furniture,2,8000,200,COMPLETED,Mumbai,Maharashtra,CARD
104517,2026-08-16,110,Vikram,503,Chair,Furniture,4,8000,500,COMPLETED,Kolkata,West Bengal,NET_BANKING
104518,2026-08-22,105,Priya,508,Mobile,Electronics,2,25000,2000,COMPLETED,Mumbai,Maharashtra,CARD
104519,2026-08-02,102,Anil,505,Table,Furniture,3,10000,0,COMPLETED,Hyderabad,Telangana,UPI
104520,2026-08-13,109,Sneha,507,Desk,Furniture,1,15000,500,COMPLETED,Delhi,Delhi,NET_BANKING
104521,2026-08-07,108,Arjun,504,Keyboard,Electronics,5,3000,0,COMPLETED,Hyderabad,Telangana,COD
104522,2026-08-06,109,Sneha,506,Headphones,Electronics,3,5000,5000,COMPLETED,Delhi,Delhi,NET_BANKING
104523,2026-08-07,103,Sita,501,Laptop,Electronics,3,60000,500,COMPLETED,Chennai,Tamil Nadu,UPI
104524,2026-08-30,101,Ravi,503,Chair,Furniture,2,8000,5000,COMPLETED,Hyderabad,Telangana,CARD
104525,2026-08-18,106,Ramesh,502,Mouse,Electronics,4,1000,2000,COMPLETED,Pune,Maharashtra,COD
104526,2026-08-04,108,Arjun,505,Table,Furniture,2,10000,0,COMPLETED,Hyderabad,Telangana,NET_BANKING
104527,2026-08-22,102,Anil,509,Monitor,Electronics,2,20000,0,COMPLETED,Hyderabad,Telangana,NET_BANKING
104528,2026-08-07,109,Sneha,506,Headphones,Electronics,3,5000,2000,RETURNED,Delhi,Delhi,NET_BANKING
104529,2026-08-12,109,Sneha,502,Mouse,Electronics,2,1000,1000,COMPLETED,Delhi,Delhi,CARD
104530,2026-08-18,102,Anil,508,Mobile,Electronics,5,25000,1000,COMPLETED,Hyderabad,Telangana,UPI
104531,2026-08-10,110,Vikram,509,Monitor,Electronics,1,20000,100,COMPLETED,Kolkata,West Bengal,COD
104532,2026-08-26,106,Ramesh,506,Headphones,Electronics,5,5000,0,COMPLETED,Pune,Maharashtra,COD
104533,2026-08-06,106,Ramesh,510,Bookshelf,Furniture,2,12000,200,COMPLETED,Pune,Maharashtra,CARD
104534,2026-08-25,105,Priya,509,Monitor,Electronics,5,20000,0,COMPLETED,Mumbai,Maharashtra,UPI
104535,2026-08-31,101,Ravi,504,Keyboard,Electronics,5,3000,0,COMPLETED,Hyderabad,Telangana,COD
104536,2026-08-05,104,Kumar,505,Table,Furniture,5,10000,100,COMPLETED,Bangalore,Karnataka,CARD
104537,2026-08-29,102,Anil,510,Bookshelf,Furniture,3,12000,5000,RETURNED,Hyderabad,Telangana,CARD
104538,2026-08-24,101,Ravi,510,Bookshelf,Furniture,1,12000,100,COMPLETED,Hyderabad,Telangana,NET_BANKING
104539,2026-08-29,103,Sita,508,Mobile,Electronics,2,25000,500,COMPLETED,Chennai,Tamil Nadu,UPI
104540,2026-08-03,105,Priya,507,Desk,Furniture,2,15000,200,COMPLETED,Mumbai,Maharashtra,NET_BANKING
104541,2026-08-07,106,Ramesh,506,Headphones,Electronics,1,5000,0,COMPLETED,Pune,Maharashtra,CARD
104542,2026-08-02,101,Ravi,504,Keyboard,Electronics,3,3000,500,COMPLETED,Hyderabad,Telangana,COD
104543,2026-08-03,108,Arjun,509,Monitor,Electronics,1,20000,0,COMPLETED,Hyderabad,Telangana,COD
104544,2026-08-18,106,Ramesh,510,Bookshelf,Furniture,3,12000,1000,COMPLETED,Pune,Maharashtra,COD
104545,2026-08-08,107,Lakshmi,507,Desk,Furniture,3,15000,1000,COMPLETED,Chennai,Tamil Nadu,UPI
104546,2026-08-20,109,Sneha,503,Chair,Furniture,5,8000,0,COMPLETED,Delhi,Delhi,COD
104547,2026-08-09,110,Vikram,510,Bookshelf,Furniture,3,12000,100,COMPLETED,Kolkata,West Bengal,COD
104548,2026-08-30,105,Priya,502,Mouse,Electronics,5,1000,0,COMPLETED,Mumbai,Maharashtra,COD
104549,2026-08-21,102,Anil,507,Desk,Furniture,4,15000,0,COMPLETED,Hyderabad,Telangana,UPI
104550,2026-08-06,109,Sneha,503,Chair,Furniture,3,8000,100,CANCELLED,Delhi,Delhi,UPI
104551,2026-08-05,107,Lakshmi,509,Monitor,Electronics,4,20000,100,COMPLETED,Chennai,Tamil Nadu,UPI
104552,2026-08-30,108,Arjun,506,Headphones,Electronics,4,5000,100,COMPLETED,Hyderabad,Telangana,COD
104553,2026-08-25,110,Vikram,510,Bookshelf,Furniture,4,12000,100,COMPLETED,Kolkata,West Bengal,CARD
104554,2026-08-19,105,Priya,508,Mobile,Electronics,1,25000,0,COMPLETED,Mumbai,Maharashtra,NET_BANKING
104555,2026-08-05,110,Vikram,504,Keyboard,Electronics,3,3000,5000,COMPLETED,Kolkata,West Bengal,CARD
104556,2026-08-02,109,Sneha,508,Mobile,Electronics,2,25000,100,COMPLETED,Delhi,Delhi,UPI
104557,2026-08-30,101,Ravi,508,Mobile,Electronics,3,25000,1000,COMPLETED,Hyderabad,Telangana,COD
104558,2026-08-26,103,Sita,505,Table,Furniture,2,10000,5000,COMPLETED,Chennai,Tamil Nadu,CARD
104559,2026-08-03,110,Vikram,506,Headphones,Electronics,3,5000,1000,COMPLETED,Kolkata,West Bengal,UPI
104560,2026-08-29,106,Ramesh,509,Monitor,Electronics,1,20000,100,COMPLETED,Pune,Maharashtra,COD
104561,2026-08-02,101,Ravi,507,Desk,Furniture,3,15000,0,COMPLETED,Hyderabad,Telangana,CARD
104562,2026-08-14,105,Priya,501,Laptop,Electronics,3,60000,500,COMPLETED,Mumbai,Maharashtra,NET_BANKING
104563,2026-08-23,108,Arjun,507,Desk,Furniture,5,15000,1000,COMPLETED,Hyderabad,Telangana,UPI
104564,2026-08-21,105,Priya,502,Mouse,Electronics,5,1000,1000,COMPLETED,Mumbai,Maharashtra,COD
104565,2026-08-02,105,Priya,504,Keyboard,Electronics,1,3000,2000,COMPLETED,Mumbai,Maharashtra,NET_BANKING
104566,2026-08-08,107,Lakshmi,503,Chair,Furniture,5,8000,5000,COMPLETED,Chennai,Tamil Nadu,COD
104567,2026-08-14,107,Lakshmi,506,Headphones,Electronics,5,5000,200,COMPLETED,Chennai,Tamil Nadu,CARD
104568,2026-08-14,107,Lakshmi,501,Laptop,Electronics,2,60000,100,COMPLETED,Chennai,Tamil Nadu,UPI
104569,2026-08-26,102,Anil,502,Mouse,Electronics,2,1000,2000,COMPLETED,Hyderabad,Telangana,NET_BANKING
104570,2026-08-09,108,Arjun,510,Bookshelf,Furniture,4,12000,0,RETURNED,Hyderabad,Telangana,UPI
104571,2026-08-01,104,Kumar,509,Monitor,Electronics,2,20000,1000,COMPLETED,Bangalore,Karnataka,NET_BANKING
104572,2026-08-26,109,Sneha,510,Bookshelf,Furniture,3,12000,200,COMPLETED,Delhi,Delhi,CARD
104573,2026-08-10,110,Vikram,505,Table,Furniture,1,10000,0,COMPLETED,Kolkata,West Bengal,COD
104574,2026-08-31,110,Vikram,501,Laptop,Electronics,3,60000,200,COMPLETED,Kolkata,West Bengal,COD
104575,2026-08-08,103,Sita,509,Monitor,Electronics,5,20000,1000,COMPLETED,Chennai,Tamil Nadu,COD
104576,2026-08-21,108,Arjun,504,Keyboard,Electronics,1,3000,1000,CANCELLED,Hyderabad,Telangana,CARD
104577,2026-08-16,103,Sita,507,Desk,Furniture,1,15000,500,COMPLETED,Chennai,Tamil Nadu,COD
104578,2026-08-27,109,Sneha,507,Desk,Furniture,3,15000,2000,CANCELLED,Delhi,Delhi,CARD
104579,2026-08-12,110,Vikram,503,Chair,Furniture,5,8000,100,COMPLETED,Kolkata,West Bengal,CARD
104580,2026-08-25,109,Sneha,501,Laptop,Electronics,1,60000,200,COMPLETED,Delhi,Delhi,CARD
104581,2026-08-02,106,Ramesh,504,Keyboard,Electronics,4,3000,1000,COMPLETED,Pune,Maharashtra,NET_BANKING
104582,2026-08-30,107,Lakshmi,508,Mobile,Electronics,4,25000,5000,COMPLETED,Chennai,Tamil Nadu,UPI
104583,2026-08-09,110,Vikram,507,Desk,Furniture,3,15000,200,COMPLETED,Kolkata,West Bengal,NET_BANKING
104584,2026-08-11,105,Priya,510,Bookshelf,Furniture,5,12000,5000,COMPLETED,Mumbai,Maharashtra,CARD
104585,2026-08-12,102,Anil,504,Keyboard,Electronics,2,3000,0,COMPLETED,Hyderabad,Telangana,NET_BANKING
104586,2026-08-20,106,Ramesh,506,Headphones,Electronics,2,5000,5000,COMPLETED,Pune,Maharashtra,COD
104587,2026-08-31,105,Priya,502,Mouse,Electronics,1,1000,500,COMPLETED,Mumbai,Maharashtra,COD
104588,2026-08-15,103,Sita,507,Desk,Furniture,3,15000,0,RETURNED,Chennai,Tamil Nadu,UPI
104589,2026-08-16,110,Vikram,510,Bookshelf,Furniture,4,12000,500,COMPLETED,Kolkata,West Bengal,CARD
104590,2026-08-14,105,Priya,510,Bookshelf,Furniture,3,12000,1000,COMPLETED,Mumbai,Maharashtra,NET_BANKING
104591,2026-08-29,107,Lakshmi,505,Table,Furniture,1,10000,2000,COMPLETED,Chennai,Tamil Nadu,COD
104592,2026-08-30,104,Kumar,501,Laptop,Electronics,1,60000,200,COMPLETED,Bangalore,Karnataka,CARD
104593,2026-08-13,101,Ravi,502,Mouse,Electronics,2,1000,0,COMPLETED,Hyderabad,Telangana,NET_BANKING
104594,2026-08-21,110,Vikram,508,Mobile,Electronics,2,25000,100,COMPLETED,Kolkata,West Bengal,CARD
104595,2026-08-09,103,Sita,509,Monitor,Electronics,5,20000,200,COMPLETED,Chennai,Tamil Nadu,CARD
104596,2026-08-14,108,Arjun,507,Desk,Furniture,5,15000,0,COMPLETED,Hyderabad,Telangana,NET_BANKING
104597,2026-08-31,107,Lakshmi,501,Laptop,Electronics,1,60000,0,COMPLETED,Chennai,Tamil Nadu,UPI
104598,2026-08-30,104,Kumar,504,Keyboard,Electronics,3,3000,0,COMPLETED,Bangalore,Karnataka,NET_BANKING
104599,2026-08-24,104,Kumar,508,Mobile,Electronics,2,25000,1000,COMPLETED,Bangalore,Karnataka,COD
104600,2026-08-04,107,Lakshmi,508,Mobile,Electronics,3,25000,1000,COMPLETED,Chennai,Tamil Nadu,NET_BANKING
104601,2026-08-12,107,Lakshmi,501,Laptop,Electronics,2,60000,100,COMPLETED,Chennai,Tamil Nadu,UPI
104602,2026-08-16,110,Vikram,507,Desk,Furniture,3,15000,2000,COMPLETED,Kolkata,West Bengal,CARD
104603,2026-08-02,108,Arjun,503,Chair,Furniture,3,8000,200,COMPLETED,Hyderabad,Telangana,NET_BANKING
104604,2026-08-03,110,Vikram,510,Bookshelf,Furniture,1,12000,100,CANCELLED,Kolkata,West Bengal,NET_BANKING
104605,2026-08-24,107,Lakshmi,508,Mobile,Electronics,2,25000,1000,CANCELLED,Chennai,Tamil Nadu,UPI
104606,2026-08-29,103,Sita,502,Mouse,Electronics,3,1000,1000,CANCELLED,Chennai,Tamil Nadu,CARD
104607,2026-08-28,109,Sneha,504,Keyboard,Electronics,1,3000,5000,COMPLETED,Delhi,Delhi,NET_BANKING
104608,2026-08-05,106,Ramesh,509,Monitor,Electronics,1,20000,100,COMPLETED,Pune,Maharashtra,CARD
104609,2026-08-07,107,Lakshmi,505,Table,Furniture,5,10000,1000,COMPLETED,Chennai,Tamil Nadu,COD
104610,2026-08-10,109,Sneha,505,Table,Furniture,4,10000,0,COMPLETED,Delhi,Delhi,UPI
104611,2026-08-03,108,Arjun,506,Headphones,Electronics,5,5000,0,COMPLETED,Hyderabad,Telangana,UPI
104612,2026-08-12,108,Arjun,508,Mobile,Electronics,3,25000,0,COMPLETED,Hyderabad,Telangana,NET_BANKING
104613,2026-08-26,105,Priya,502,Mouse,Electronics,3,1000,100,COMPLETED,Mumbai,Maharashtra,CARD
104614,2026-08-30,102,Anil,507,Desk,Furniture,3,15000,100,COMPLETED,Hyderabad,Telangana,CARD
104615,2026-08-22,109,Sneha,506,Headphones,Electronics,5,5000,5000,COMPLETED,Delhi,Delhi,COD
104616,2026-08-12,108,Arjun,507,Desk,Furniture,4,15000,1000,COMPLETED,Hyderabad,Telangana,UPI
104617,2026-08-12,108,Arjun,501,Laptop,Electronics,3,60000,500,CANCELLED,Hyderabad,Telangana,NET_BANKING
104618,2026-08-08,104,Kumar,505,Table,Furniture,4,10000,5000,COMPLETED,Bangalore,Karnataka,COD
104619,2026-08-28,102,Anil,506,Headphones,Electronics,4,5000,100,COMPLETED,Hyderabad,Telangana,UPI
104620,2026-08-25,110,Vikram,505,Table,Furniture,5,10000,0,COMPLETED,Kolkata,West Bengal,COD
104621,2026-08-28,104,Kumar,505,Table,Furniture,1,10000,1000,COMPLETED,Bangalore,Karnataka,NET_BANKING
104622,2026-08-15,110,Vikram,508,Mobile,Electronics,1,25000,0,COMPLETED,Kolkata,West Bengal,UPI
104623,2026-08-31,102,Anil,502,Mouse,Electronics,3,1000,500,COMPLETED,Hyderabad,Telangana,COD
104624,2026-08-20,104,Kumar,505,Table,Furniture,3,10000,200,COMPLETED,Bangalore,Karnataka,UPI
104625,2026-08-16,105,Priya,509,Monitor,Electronics,2,20000,100,COMPLETED,Mumbai,Maharashtra,NET_BANKING
104626,2026-08-11,108,Arjun,509,Monitor,Electronics,4,20000,500,COMPLETED,Hyderabad,Telangana,CARD
104627,2026-08-21,106,Ramesh,505,Table,Furniture,4,10000,500,COMPLETED,Pune,Maharashtra,COD
104628,2026-08-29,109,Sneha,506,Headphones,Electronics,3,5000,5000,COMPLETED,Delhi,Delhi,NET_BANKING
104629,2026-08-28,103,Sita,504,Keyboard,Electronics,2,3000,1000,COMPLETED,Chennai,Tamil Nadu,NET_BANKING
104630,2026-08-27,109,Sneha,501,Laptop,Electronics,5,60000,1000,COMPLETED,Delhi,Delhi,NET_BANKING
104631,2026-08-30,108,Arjun,506,Headphones,Electronics,5,5000,0,COMPLETED,Hyderabad,Telangana,COD
104632,2026-08-05,107,Lakshmi,501,Laptop,Electronics,5,60000,500,COMPLETED,Chennai,Tamil Nadu,UPI
104633,2026-08-06,104,Kumar,507,Desk,Furniture,2,15000,200,CANCELLED,Bangalore,Karnataka,NET_BANKING
104634,2026-08-10,108,Arjun,501,Laptop,Electronics,1,60000,5000,COMPLETED,Hyderabad,Telangana,NET_BANKING
104635,2026-08-15,107,Lakshmi,510,Bookshelf,Furniture,1,12000,500,CANCELLED,Chennai,Tamil Nadu,COD
104636,2026-08-24,110,Vikram,508,Mobile,Electronics,2,25000,500,COMPLETED,Kolkata,West Bengal,NET_BANKING
104637,2026-08-11,106,Ramesh,510,Bookshelf,Furniture,1,12000,200,COMPLETED,Pune,Maharashtra,NET_BANKING
104638,2026-08-02,106,Ramesh,507,Desk,Furniture,1,15000,5000,COMPLETED,Pune,Maharashtra,CARD
104639,2026-08-04,110,Vikram,507,Desk,Furniture,1,15000,0,COMPLETED,Kolkata,West Bengal,NET_BANKING
104640,2026-08-22,110,Vikram,501,Laptop,Electronics,1,60000,0,COMPLETED,Kolkata,West Bengal,UPI
104641,2026-08-19,107,Lakshmi,508,Mobile,Electronics,3,25000,0,COMPLETED,Chennai,Tamil Nadu,COD
104642,2026-08-31,110,Vikram,503,Chair,Furniture,5,8000,1000,COMPLETED,Kolkata,West Bengal,UPI
104643,2026-08-04,107,Lakshmi,503,Chair,Furniture,3,8000,200,CANCELLED,Chennai,Tamil Nadu,COD
104644,2026-08-22,108,Arjun,507,Desk,Furniture,2,15000,1000,COMPLETED,Hyderabad,Telangana,COD
104645,2026-08-12,108,Arjun,504,Keyboard,Electronics,3,3000,2000,COMPLETED,Hyderabad,Telangana,COD
104646,2026-08-05,101,Ravi,508,Mobile,Electronics,2,25000,200,COMPLETED,Hyderabad,Telangana,UPI
104647,2026-08-26,104,Kumar,504,Keyboard,Electronics,3,3000,0,RETURNED,Bangalore,Karnataka,CARD
104648,2026-08-03,110,Vikram,501,Laptop,Electronics,3,60000,200,COMPLETED,Kolkata,West Bengal,COD
104649,2026-08-16,105,Priya,503,Chair,Furniture,3,8000,200,COMPLETED,Mumbai,Maharashtra,COD
104650,2026-08-16,104,Kumar,506,Headphones,Electronics,5,5000,2000,COMPLETED,Bangalore,Karnataka,UPI
104651,2026-08-31,105,Priya,509,Monitor,Electronics,1,20000,200,CANCELLED,Mumbai,Maharashtra,UPI
104652,2026-08-22,101,Ravi,508,Mobile,Electronics,2,25000,1000,RETURNED,Hyderabad,Telangana,COD
104653,2026-08-27,106,Ramesh,509,Monitor,Electronics,2,20000,2000,COMPLETED,Pune,Maharashtra,CARD
104654,2026-08-31,106,Ramesh,503,Chair,Furniture,4,8000,200,CANCELLED,Pune,Maharashtra,COD
104655,2026-08-23,110,Vikram,505,Table,Furniture,1,10000,100,COMPLETED,Kolkata,West Bengal,COD
104656,2026-08-04,107,Lakshmi,510,Bookshelf,Furniture,1,12000,100,CANCELLED,Chennai,Tamil Nadu,CARD
104657,2026-08-03,104,Kumar,503,Chair,Furniture,3,8000,100,COMPLETED,Bangalore,Karnataka,CARD
104658,2026-08-30,107,Lakshmi,502,Mouse,Electronics,1,1000,5000,COMPLETED,Chennai,Tamil Nadu,CARD
104659,2026-08-28,106,Ramesh,510,Bookshelf,Furniture,3,12000,2000,RETURNED,Pune,Maharashtra,NET_BANKING
104660,2026-08-21,108,Arjun,505,Table,Furniture,3,10000,2000,COMPLETED,Hyderabad,Telangana,CARD
104661,2026-08-22,103,Sita,506,Headphones,Electronics,3,5000,500,COMPLETED,Chennai,Tamil Nadu,UPI
104662,2026-08-04,102,Anil,509,Monitor,Electronics,5,20000,1000,COMPLETED,Hyderabad,Telangana,CARD
104663,2026-08-07,107,Lakshmi,508,Mobile,Electronics,5,25000,0,CANCELLED,Chennai,Tamil Nadu,NET_BANKING
104664,2026-08-07,103,Sita,501,Laptop,Electronics,5,60000,0,CANCELLED,Chennai,Tamil Nadu,CARD
104665,2026-08-17,108,Arjun,507,Desk,Furniture,3,15000,0,COMPLETED,Hyderabad,Telangana,NET_BANKING
104666,2026-08-09,108,Arjun,502,Mouse,Electronics,4,1000,100,COMPLETED,Hyderabad,Telangana,UPI
104667,2026-08-22,102,Anil,505,Table,Furniture,5,10000,200,COMPLETED,Hyderabad,Telangana,CARD
104668,2026-08-02,106,Ramesh,505,Table,Furniture,1,10000,0,COMPLETED,Pune,Maharashtra,COD
104669,2026-08-07,103,Sita,509,Monitor,Electronics,4,20000,0,COMPLETED,Chennai,Tamil Nadu,UPI
104670,2026-08-29,109,Sneha,508,Mobile,Electronics,4,25000,500,COMPLETED,Delhi,Delhi,COD
104671,2026-08-01,101,Ravi,510,Bookshelf,Furniture,4,12000,5000,COMPLETED,Hyderabad,Telangana,UPI
104672,2026-08-25,109,Sneha,504,Keyboard,Electronics,4,3000,2000,COMPLETED,Delhi,Delhi,NET_BANKING
104673,2026-08-14,101,Ravi,508,Mobile,Electronics,4,25000,0,COMPLETED,Hyderabad,Telangana,COD
104674,2026-08-16,103,Sita,502,Mouse,Electronics,2,1000,0,COMPLETED,Chennai,Tamil Nadu,COD
104675,2026-08-22,109,Sneha,501,Laptop,Electronics,3,60000,0,COMPLETED,Delhi,Delhi,COD
104676,2026-08-02,110,Vikram,504,Keyboard,Electronics,2,3000,100,COMPLETED,Kolkata,West Bengal,NET_BANKING
104677,2026-08-09,106,Ramesh,507,Desk,Furniture,5,15000,2000,COMPLETED,Pune,Maharashtra,NET_BANKING
104678,2026-08-20,102,Anil,510,Bookshelf,Furniture,1,12000,2000,COMPLETED,Hyderabad,Telangana,NET_BANKING
104679,2026-08-22,104,Kumar,510,Bookshelf,Furniture,1,12000,2000,COMPLETED,Bangalore,Karnataka,UPI
104680,2026-08-21,110,Vikram,508,Mobile,Electronics,1,25000,200,COMPLETED,Kolkata,West Bengal,CARD
104681,2026-08-23,106,Ramesh,502,Mouse,Electronics,5,1000,5000,CANCELLED,Pune,Maharashtra,UPI
104682,2026-08-03,102,Anil,509,Monitor,Electronics,3,20000,0,COMPLETED,Hyderabad,Telangana,COD
104683,2026-08-19,109,Sneha,503,Chair,Furniture,4,8000,5000,COMPLETED,Delhi,Delhi,COD
104684,2026-08-04,105,Priya,503,Chair,Furniture,3,8000,200,COMPLETED,Mumbai,Maharashtra,CARD
104685,2026-08-25,107,Lakshmi,503,Chair,Furniture,3,8000,100,COMPLETED,Chennai,Tamil Nadu,UPI
104686,2026-08-04,103,Sita,503,Chair,Furniture,4,8000,0,COMPLETED,Chennai,Tamil Nadu,COD
104687,2026-08-17,106,Ramesh,505,Table,Furniture,1,10000,100,COMPLETED,Pune,Maharashtra,CARD
104688,2026-08-18,104,Kumar,506,Headphones,Electronics,2,5000,500,COMPLETED,Bangalore,Karnataka,UPI
104689,2026-08-12,101,Ravi,507,Desk,Furniture,4,15000,200,COMPLETED,Hyderabad,Telangana,UPI
104690,2026-08-11,108,Arjun,505,Table,Furniture,3,10000,2000,COMPLETED,Hyderabad,Telangana,CARD
104691,2026-08-01,106,Ramesh,502,Mouse,Electronics,2,1000,0,COMPLETED,Pune,Maharashtra,UPI
104692,2026-08-30,102,Anil,503,Chair,Furniture,5,8000,200,COMPLETED,Hyderabad,Telangana,UPI
104693,2026-08-12,110,Vikram,506,Headphones,Electronics,5,5000,5000,COMPLETED,Kolkata,West Bengal,UPI
104694,2026-08-26,104,Kumar,506,Headphones,Electronics,5,5000,5000,COMPLETED,Bangalore,Karnataka,COD
104695,2026-08-28,108,Arjun,502,Mouse,Electronics,4,1000,0,COMPLETED,Hyderabad,Telangana,UPI
104696,2026-08-17,106,Ramesh,507,Desk,Furniture,4,15000,0,COMPLETED,Pune,Maharashtra,NET_BANKING
104697,2026-08-09,102,Anil,503,Chair,Furniture,4,8000,0,COMPLETED,Hyderabad,Telangana,UPI
104698,2026-08-18,107,Lakshmi,505,Table,Furniture,2,10000,1000,COMPLETED,Chennai,Tamil Nadu,CARD
104699,2026-08-18,108,Arjun,507,Desk,Furniture,3,15000,0,RETURNED,Hyderabad,Telangana,COD
104700,2026-08-15,107,Lakshmi,508,Mobile,Electronics,4,25000,0,COMPLETED,Chennai,Tamil Nadu,COD
104701,2026-08-10,105,Priya,504,Keyboard,Electronics,3,3000,5000,CANCELLED,Mumbai,Maharashtra,CARD
104702,2026-08-25,102,Anil,508,Mobile,Electronics,2,25000,0,COMPLETED,Hyderabad,Telangana,CARD
104703,2026-08-19,103,Sita,505,Table,Furniture,4,10000,5000,COMPLETED,Chennai,Tamil Nadu,COD
104704,2026-08-04,105,Priya,506,Headphones,Electronics,1,5000,500,COMPLETED,Mumbai,Maharashtra,NET_BANKING
104705,2026-08-19,109,Sneha,501,Laptop,Electronics,3,60000,5000,CANCELLED,Delhi,Delhi,CARD
104706,2026-08-03,102,Anil,509,Monitor,Electronics,3,20000,2000,COMPLETED,Hyderabad,Telangana,NET_BANKING
104707,2026-08-16,105,Priya,503,Chair,Furniture,1,8000,5000,COMPLETED,Mumbai,Maharashtra,NET_BANKING
104708,2026-08-26,110,Vikram,505,Table,Furniture,4,10000,2000,COMPLETED,Kolkata,West Bengal,UPI
104709,2026-08-16,102,Anil,501,Laptop,Electronics,5,60000,5000,COMPLETED,Hyderabad,Telangana,NET_BANKING
104710,2026-08-10,108,Arjun,506,Headphones,Electronics,3,5000,2000,COMPLETED,Hyderabad,Telangana,COD
104711,2026-08-19,103,Sita,509,Monitor,Electronics,4,20000,100,COMPLETED,Chennai,Tamil Nadu,COD
104712,2026-08-10,110,Vikram,504,Keyboard,Electronics,5,3000,1000,COMPLETED,Kolkata,West Bengal,UPI
104713,2026-08-01,104,Kumar,510,Bookshelf,Furniture,5,12000,500,CANCELLED,Bangalore,Karnataka,COD
104714,2026-08-24,109,Sneha,506,Headphones,Electronics,4,5000,0,COMPLETED,Delhi,Delhi,COD
104715,2026-08-06,110,Vikram,510,Bookshelf,Furniture,4,12000,0,COMPLETED,Kolkata,West Bengal,CARD
104716,2026-08-16,107,Lakshmi,509,Monitor,Electronics,1,20000,5000,COMPLETED,Chennai,Tamil Nadu,COD
104717,2026-08-12,108,Arjun,510,Bookshelf,Furniture,4,12000,0,RETURNED,Hyderabad,Telangana,CARD
104718,2026-08-29,110,Vikram,510,Bookshelf,Furniture,4,12000,100,COMPLETED,Kolkata,West Bengal,CARD
104719,2026-08-19,108,Arjun,508,Mobile,Electronics,2,25000,5000,COMPLETED,Hyderabad,Telangana,UPI
104720,2026-08-25,101,Ravi,508,Mobile,Electronics,2,25000,1000,COMPLETED,Hyderabad,Telangana,CARD
104721,2026-08-14,109,Sneha,510,Bookshelf,Furniture,2,12000,100,COMPLETED,Delhi,Delhi,UPI
104722,2026-08-31,107,Lakshmi,509,Monitor,Electronics,2,20000,500,COMPLETED,Chennai,Tamil Nadu,CARD
104723,2026-08-22,104,Kumar,504,Keyboard,Electronics,2,3000,0,COMPLETED,Bangalore,Karnataka,CARD
104724,2026-08-30,110,Vikram,510,Bookshelf,Furniture,2,12000,500,COMPLETED,Kolkata,West Bengal,COD
104725,2026-08-27,101,Ravi,507,Desk,Furniture,1,15000,2000,COMPLETED,Hyderabad,Telangana,NET_BANKING
104726,2026-08-13,104,Kumar,501,Laptop,Electronics,5,60000,1000,COMPLETED,Bangalore,Karnataka,CARD
104727,2026-08-15,104,Kumar,506,Headphones,Electronics,5,5000,2000,COMPLETED,Bangalore,Karnataka,CARD
104728,2026-08-03,110,Vikram,505,Table,Furniture,2,10000,1000,COMPLETED,Kolkata,West Bengal,COD
104729,2026-08-26,101,Ravi,501,Laptop,Electronics,4,60000,500,COMPLETED,Hyderabad,Telangana,NET_BANKING
104730,2026-08-16,105,Priya,509,Monitor,Electronics,3,20000,200,COMPLETED,Mumbai,Maharashtra,UPI
104731,2026-08-26,110,Vikram,509,Monitor,Electronics,1,20000,500,COMPLETED,Kolkata,West Bengal,NET_BANKING
104732,2026-08-29,106,Ramesh,505,Table,Furniture,2,10000,0,COMPLETED,Pune,Maharashtra,CARD
104733,2026-08-25,108,Arjun,507,Desk,Furniture,3,15000,100,COMPLETED,Hyderabad,Telangana,NET_BANKING
104734,2026-08-18,101,Ravi,508,Mobile,Electronics,4,25000,5000,COMPLETED,Hyderabad,Telangana,COD
104735,2026-08-02,101,Ravi,503,Chair,Furniture,2,8000,100,COMPLETED,Hyderabad,Telangana,UPI
104736,2026-08-30,104,Kumar,502,Mouse,Electronics,4,1000,0,COMPLETED,Bangalore,Karnataka,NET_BANKING
104737,2026-08-31,109,Sneha,507,Desk,Furniture,4,15000,200,COMPLETED,Delhi,Delhi,CARD
104738,2026-08-19,109,Sneha,508,Mobile,Electronics,5,25000,5000,COMPLETED,Delhi,Delhi,COD
104739,2026-08-09,104,Kumar,502,Mouse,Electronics,2,1000,500,COMPLETED,Bangalore,Karnataka,NET_BANKING
104740,2026-08-19,107,Lakshmi,503,Chair,Furniture,1,8000,5000,CANCELLED,Chennai,Tamil Nadu,COD
104741,2026-08-04,105,Priya,505,Table,Furniture,4,10000,0,COMPLETED,Mumbai,Maharashtra,CARD
104742,2026-08-18,103,Sita,509,Monitor,Electronics,5,20000,0,COMPLETED,Chennai,Tamil Nadu,UPI
104743,2026-08-03,101,Ravi,506,Headphones,Electronics,1,5000,100,COMPLETED,Hyderabad,Telangana,COD
104744,2026-08-22,105,Priya,506,Headphones,Electronics,1,5000,100,COMPLETED,Mumbai,Maharashtra,CARD
104745,2026-08-03,103,Sita,501,Laptop,Electronics,4,60000,1000,COMPLETED,Chennai,Tamil Nadu,NET_BANKING
104746,2026-08-13,105,Priya,502,Mouse,Electronics,3,1000,5000,COMPLETED,Mumbai,Maharashtra,CARD
104747,2026-08-28,102,Anil,501,Laptop,Electronics,3,60000,2000,COMPLETED,Hyderabad,Telangana,CARD
104748,2026-08-21,108,Arjun,506,Headphones,Electronics,1,5000,0,COMPLETED,Hyderabad,Telangana,CARD
104749,2026-08-15,107,Lakshmi,510,Bookshelf,Furniture,3,12000,500,COMPLETED,Chennai,Tamil Nadu,UPI
104750,2026-08-02,104,Kumar,507,Desk,Furniture,4,15000,1000,COMPLETED,Bangalore,Karnataka,CARD
104751,2026-08-19,104,Kumar,501,Laptop,Electronics,3,60000,5000,COMPLETED,Bangalore,Karnataka,CARD
104752,2026-08-13,109,Sneha,504,Keyboard,Electronics,5,3000,0,COMPLETED,Delhi,Delhi,UPI
104753,2026-08-11,102,Anil,505,Table,Furniture,4,10000,100,COMPLETED,Hyderabad,Telangana,CARD
104754,2026-08-03,107,Lakshmi,508,Mobile,Electronics,3,25000,1000,COMPLETED,Chennai,Tamil Nadu,UPI
104755,2026-08-01,110,Vikram,508,Mobile,Electronics,1,25000,1000,COMPLETED,Kolkata,West Bengal,UPI
104756,2026-08-16,110,Vikram,507,Desk,Furniture,5,15000,5000,CANCELLED,Kolkata,West Bengal,CARD
104757,2026-08-05,101,Ravi,510,Bookshelf,Furniture,3,12000,0,COMPLETED,Hyderabad,Telangana,CARD
104758,2026-08-28,101,Ravi,502,Mouse,Electronics,5,1000,100,COMPLETED,Hyderabad,Telangana,NET_BANKING
104759,2026-08-08,103,Sita,504,Keyboard,Electronics,2,3000,5000,COMPLETED,Chennai,Tamil Nadu,NET_BANKING
104760,2026-08-25,110,Vikram,504,Keyboard,Electronics,4,3000,1000,COMPLETED,Kolkata,West Bengal,CARD
104761,2026-08-11,110,Vikram,502,Mouse,Electronics,5,1000,1000,COMPLETED,Kolkata,West Bengal,UPI
104762,2026-08-27,102,Anil,507,Desk,Furniture,2,15000,5000,COMPLETED,Hyderabad,Telangana,NET_BANKING
104763,2026-08-01,110,Vikram,503,Chair,Furniture,4,8000,1000,COMPLETED,Kolkata,West Bengal,NET_BANKING
104764,2026-08-30,102,Anil,505,Table,Furniture,2,10000,500,COMPLETED,Hyderabad,Telangana,COD
104765,2026-08-14,104,Kumar,510,Bookshelf,Furniture,2,12000,2000,COMPLETED,Bangalore,Karnataka,NET_BANKING
104766,2026-08-17,110,Vikram,502,Mouse,Electronics,5,1000,200,CANCELLED,Kolkata,West Bengal,UPI
104767,2026-08-21,103,Sita,505,Table,Furniture,5,10000,5000,CANCELLED,Chennai,Tamil Nadu,COD
104768,2026-08-23,104,Kumar,507,Desk,Furniture,4,15000,5000,COMPLETED,Bangalore,Karnataka,NET_BANKING
104769,2026-08-21,105,Priya,504,Keyboard,Electronics,3,3000,200,COMPLETED,Mumbai,Maharashtra,NET_BANKING
104770,2026-08-29,105,Priya,510,Bookshelf,Furniture,4,12000,5000,COMPLETED,Mumbai,Maharashtra,COD
104771,2026-08-04,106,Ramesh,508,Mobile,Electronics,3,25000,2000,RETURNED,Pune,Maharashtra,NET_BANKING
104772,2026-08-28,104,Kumar,509,Monitor,Electronics,1,20000,100,COMPLETED,Bangalore,Karnataka,UPI
104773,2026-08-30,104,Kumar,505,Table,Furniture,5,10000,0,COMPLETED,Bangalore,Karnataka,NET_BANKING
104774,2026-08-16,103,Sita,505,Table,Furniture,5,10000,2000,COMPLETED,Chennai,Tamil Nadu,UPI
104775,2026-08-10,101,Ravi,510,Bookshelf,Furniture,1,12000,0,COMPLETED,Hyderabad,Telangana,NET_BANKING
104776,2026-08-16,108,Arjun,504,Keyboard,Electronics,4,3000,100,COMPLETED,Hyderabad,Telangana,CARD
104777,2026-08-23,107,Lakshmi,507,Desk,Furniture,2,15000,100,COMPLETED,Chennai,Tamil Nadu,NET_BANKING
104778,2026-08-30,110,Vikram,503,Chair,Furniture,1,8000,200,COMPLETED,Kolkata,West Bengal,CARD
104779,2026-08-25,101,Ravi,510,Bookshelf,Furniture,1,12000,500,COMPLETED,Hyderabad,Telangana,UPI
104780,2026-08-05,102,Anil,506,Headphones,Electronics,4,5000,200,COMPLETED,Hyderabad,Telangana,UPI
104781,2026-08-27,108,Arjun,503,Chair,Furniture,2,8000,2000,COMPLETED,Hyderabad,Telangana,UPI
104782,2026-08-31,105,Priya,508,Mobile,Electronics,3,25000,2000,COMPLETED,Mumbai,Maharashtra,UPI
104783,2026-08-17,101,Ravi,502,Mouse,Electronics,3,1000,100,COMPLETED,Hyderabad,Telangana,CARD
104784,2026-08-20,104,Kumar,506,Headphones,Electronics,5,5000,500,COMPLETED,Bangalore,Karnataka,NET_BANKING
104785,2026-08-19,103,Sita,503,Chair,Furniture,5,8000,200,RETURNED,Chennai,Tamil Nadu,NET_BANKING
104786,2026-08-22,110,Vikram,507,Desk,Furniture,4,15000,5000,COMPLETED,Kolkata,West Bengal,UPI
104787,2026-08-28,106,Ramesh,504,Keyboard,Electronics,5,3000,0,COMPLETED,Pune,Maharashtra,CARD
104788,2026-08-24,107,Lakshmi,503,Chair,Furniture,3,8000,5000,CANCELLED,Chennai,Tamil Nadu,CARD
104789,2026-08-01,107,Lakshmi,506,Headphones,Electronics,1,5000,200,COMPLETED,Chennai,Tamil Nadu,UPI
104790,2026-08-23,110,Vikram,501,Laptop,Electronics,1,60000,2000,COMPLETED,Kolkata,West Bengal,COD
104791,2026-08-28,107,Lakshmi,502,Mouse,Electronics,3,1000,500,COMPLETED,Chennai,Tamil Nadu,COD
104792,2026-08-08,109,Sneha,508,Mobile,Electronics,3,25000,1000,COMPLETED,Delhi,Delhi,UPI
104793,2026-08-21,105,Priya,503,Chair,Furniture,2,8000,0,COMPLETED,Mumbai,Maharashtra,COD
104794,2026-08-24,110,Vikram,503,Chair,Furniture,1,8000,2000,COMPLETED,Kolkata,West Bengal,NET_BANKING
104795,2026-08-08,105,Priya,510,Bookshelf,Furniture,5,12000,200,COMPLETED,Mumbai,Maharashtra,CARD
104796,2026-08-19,110,Vikram,507,Desk,Furniture,1,15000,500,COMPLETED,Kolkata,West Bengal,CARD
104797,2026-08-26,110,Vikram,503,Chair,Furniture,3,8000,100,COMPLETED,Kolkata,West Bengal,COD
104798,2026-08-11,109,Sneha,504,Keyboard,Electronics,4,3000,200,COMPLETED,Delhi,Delhi,UPI
104799,2026-08-01,104,Kumar,504,Keyboard,Electronics,4,3000,200,COMPLETED,Bangalore,Karnataka,NET_BANKING
104800,2026-08-02,104,Kumar,504,Keyboard,Electronics,2,3000,200,COMPLETED,Bangalore,Karnataka,NET_BANKING
104801,2026-08-05,102,Anil,503,Chair,Furniture,3,8000,5000,COMPLETED,Hyderabad,Telangana,UPI
104802,2026-08-12,110,Vikram,509,Monitor,Electronics,2,20000,5000,COMPLETED,Kolkata,West Bengal,UPI
104803,2026-08-12,104,Kumar,504,Keyboard,Electronics,1,3000,1000,COMPLETED,Bangalore,Karnataka,COD
104804,2026-08-08,101,Ravi,503,Chair,Furniture,2,8000,1000,COMPLETED,Hyderabad,Telangana,UPI
104805,2026-08-12,108,Arjun,502,Mouse,Electronics,3,1000,1000,COMPLETED,Hyderabad,Telangana,COD
104806,2026-08-31,101,Ravi,510,Bookshelf,Furniture,3,12000,0,COMPLETED,Hyderabad,Telangana,CARD
104807,2026-08-31,103,Sita,505,Table,Furniture,3,10000,2000,COMPLETED,Chennai,Tamil Nadu,UPI
104808,2026-08-20,102,Anil,510,Bookshelf,Furniture,2,12000,1000,COMPLETED,Hyderabad,Telangana,UPI
104809,2026-08-08,103,Sita,506,Headphones,Electronics,5,5000,0,COMPLETED,Chennai,Tamil Nadu,UPI
104810,2026-08-28,110,Vikram,502,Mouse,Electronics,2,1000,1000,COMPLETED,Kolkata,West Bengal,NET_BANKING
104811,2026-08-20,104,Kumar,505,Table,Furniture,3,10000,0,COMPLETED,Bangalore,Karnataka,COD
104812,2026-08-23,102,Anil,506,Headphones,Electronics,4,5000,1000,COMPLETED,Hyderabad,Telangana,COD
104813,2026-08-14,102,Anil,507,Desk,Furniture,2,15000,100,COMPLETED,Hyderabad,Telangana,CARD
104814,2026-08-08,105,Priya,507,Desk,Furniture,1,15000,2000,COMPLETED,Mumbai,Maharashtra,COD
104815,2026-08-22,103,Sita,502,Mouse,Electronics,5,1000,1000,CANCELLED,Chennai,Tamil Nadu,COD
104816,2026-08-05,104,Kumar,506,Headphones,Electronics,1,5000,0,COMPLETED,Bangalore,Karnataka,COD
104817,2026-08-02,102,Anil,506,Headphones,Electronics,3,5000,100,COMPLETED,Hyderabad,Telangana,NET_BANKING
104818,2026-08-22,110,Vikram,509,Monitor,Electronics,4,20000,1000,CANCELLED,Kolkata,West Bengal,COD
104819,2026-08-15,110,Vikram,508,Mobile,Electronics,1,25000,500,COMPLETED,Kolkata,West Bengal,CARD
104820,2026-08-30,107,Lakshmi,501,Laptop,Electronics,5,60000,0,RETURNED,Chennai,Tamil Nadu,UPI
104821,2026-08-03,102,Anil,501,Laptop,Electronics,3,60000,2000,CANCELLED,Hyderabad,Telangana,UPI
104822,2026-08-20,101,Ravi,504,Keyboard,Electronics,2,3000,5000,COMPLETED,Hyderabad,Telangana,UPI
104823,2026-08-07,109,Sneha,510,Bookshelf,Furniture,1,12000,500,COMPLETED,Delhi,Delhi,UPI
104824,2026-08-18,107,Lakshmi,504,Keyboard,Electronics,5,3000,0,COMPLETED,Chennai,Tamil Nadu,COD
104825,2026-08-03,109,Sneha,506,Headphones,Electronics,5,5000,1000,COMPLETED,Delhi,Delhi,UPI
104826,2026-08-22,106,Ramesh,501,Laptop,Electronics,5,60000,2000,COMPLETED,Pune,Maharashtra,COD
104827,2026-08-25,109,Sneha,509,Monitor,Electronics,2,20000,2000,COMPLETED,Delhi,Delhi,CARD
104828,2026-08-01,109,Sneha,501,Laptop,Electronics,4,60000,100,CANCELLED,Delhi,Delhi,COD
104829,2026-08-24,103,Sita,501,Laptop,Electronics,5,60000,0,CANCELLED,Chennai,Tamil Nadu,NET_BANKING
104830,2026-08-21,108,Arjun,503,Chair,Furniture,2,8000,5000,COMPLETED,Hyderabad,Telangana,NET_BANKING
104831,2026-08-01,107,Lakshmi,505,Table,Furniture,4,10000,200,CANCELLED,Chennai,Tamil Nadu,UPI
104832,2026-08-02,109,Sneha,504,Keyboard,Electronics,4,3000,5000,COMPLETED,Delhi,Delhi,NET_BANKING
104833,2026-08-12,102,Anil,505,Table,Furniture,3,10000,200,COMPLETED,Hyderabad,Telangana,COD
104834,2026-08-13,102,Anil,505,Table,Furniture,4,10000,500,COMPLETED,Hyderabad,Telangana,UPI
104835,2026-08-17,107,Lakshmi,507,Desk,Furniture,5,15000,2000,COMPLETED,Chennai,Tamil Nadu,NET_BANKING
104836,2026-08-11,102,Anil,509,Monitor,Electronics,4,20000,0,COMPLETED,Hyderabad,Telangana,COD
104837,2026-08-14,105,Priya,506,Headphones,Electronics,1,5000,1000,CANCELLED,Mumbai,Maharashtra,NET_BANKING
104838,2026-08-10,107,Lakshmi,504,Keyboard,Electronics,2,3000,0,COMPLETED,Chennai,Tamil Nadu,UPI
104839,2026-08-19,108,Arjun,504,Keyboard,Electronics,2,3000,0,CANCELLED,Hyderabad,Telangana,UPI
104840,2026-08-17,103,Sita,506,Headphones,Electronics,3,5000,2000,COMPLETED,Chennai,Tamil Nadu,CARD
104841,2026-08-23,104,Kumar,508,Mobile,Electronics,4,25000,5000,COMPLETED,Bangalore,Karnataka,UPI
104842,2026-08-13,104,Kumar,502,Mouse,Electronics,4,1000,5000,COMPLETED,Bangalore,Karnataka,CARD
104843,2026-08-12,107,Lakshmi,502,Mouse,Electronics,3,1000,5000,CANCELLED,Chennai,Tamil Nadu,CARD
104844,2026-08-05,101,Ravi,502,Mouse,Electronics,3,1000,0,COMPLETED,Hyderabad,Telangana,NET_BANKING
104845,2026-08-11,105,Priya,506,Headphones,Electronics,1,5000,0,COMPLETED,Mumbai,Maharashtra,NET_BANKING
104846,2026-08-17,110,Vikram,501,Laptop,Electronics,1,60000,200,COMPLETED,Kolkata,West Bengal,COD
104847,2026-08-08,107,Lakshmi,508,Mobile,Electronics,5,25000,5000,COMPLETED,Chennai,Tamil Nadu,NET_BANKING
104848,2026-08-13,107,Lakshmi,502,Mouse,Electronics,2,1000,0,COMPLETED,Chennai,Tamil Nadu,NET_BANKING
104849,2026-08-08,104,Kumar,509,Monitor,Electronics,1,20000,0,COMPLETED,Bangalore,Karnataka,UPI
104850,2026-08-11,105,Priya,504,Keyboard,Electronics,2,3000,500,COMPLETED,Mumbai,Maharashtra,CARD
104851,2026-08-23,101,Ravi,508,Mobile,Electronics,3,25000,0,COMPLETED,Hyderabad,Telangana,COD
104852,2026-08-14,106,Ramesh,505,Table,Furniture,4,10000,100,COMPLETED,Pune,Maharashtra,COD
104853,2026-08-04,104,Kumar,506,Headphones,Electronics,5,5000,2000,COMPLETED,Bangalore,Karnataka,CARD
104854,2026-08-15,106,Ramesh,503,Chair,Furniture,3,8000,2000,COMPLETED,Pune,Maharashtra,UPI
104855,2026-08-08,103,Sita,503,Chair,Furniture,1,8000,100,COMPLETED,Chennai,Tamil Nadu,NET_BANKING
104856,2026-08-13,101,Ravi,506,Headphones,Electronics,4,5000,5000,COMPLETED,Hyderabad,Telangana,CARD
104857,2026-08-22,106,Ramesh,502,Mouse,Electronics,3,1000,0,COMPLETED,Pune,Maharashtra,UPI
104858,2026-08-25,109,Sneha,503,Chair,Furniture,5,8000,0,COMPLETED,Delhi,Delhi,UPI
104859,2026-08-14,107,Lakshmi,507,Desk,Furniture,1,15000,0,COMPLETED,Chennai,Tamil Nadu,CARD
104860,2026-08-16,110,Vikram,503,Chair,Furniture,5,8000,500,RETURNED,Kolkata,West Bengal,NET_BANKING
104861,2026-08-02,108,Arjun,510,Bookshelf,Furniture,5,12000,2000,COMPLETED,Hyderabad,Telangana,COD
104862,2026-08-05,102,Anil,506,Headphones,Electronics,4,5000,2000,COMPLETED,Hyderabad,Telangana,NET_BANKING
104863,2026-08-10,109,Sneha,505,Table,Furniture,3,10000,100,COMPLETED,Delhi,Delhi,CARD
104864,2026-08-23,103,Sita,505,Table,Furniture,5,10000,100,COMPLETED,Chennai,Tamil Nadu,COD
104865,2026-08-08,104,Kumar,502,Mouse,Electronics,4,1000,200,COMPLETED,Bangalore,Karnataka,UPI
104866,2026-08-02,105,Priya,506,Headphones,Electronics,2,5000,0,COMPLETED,Mumbai,Maharashtra,UPI
104867,2026-08-22,103,Sita,507,Desk,Furniture,4,15000,0,COMPLETED,Chennai,Tamil Nadu,UPI
104868,2026-08-22,110,Vikram,504,Keyboard,Electronics,5,3000,2000,COMPLETED,Kolkata,West Bengal,COD
104869,2026-08-09,102,Anil,501,Laptop,Electronics,4,60000,0,COMPLETED,Hyderabad,Telangana,UPI
104870,2026-08-26,102,Anil,510,Bookshelf,Furniture,5,12000,100,CANCELLED,Hyderabad,Telangana,NET_BANKING
104871,2026-08-05,107,Lakshmi,510,Bookshelf,Furniture,3,12000,5000,COMPLETED,Chennai,Tamil Nadu,CARD
104872,2026-08-02,105,Priya,502,Mouse,Electronics,2,1000,500,COMPLETED,Mumbai,Maharashtra,NET_BANKING
104873,2026-08-25,102,Anil,504,Keyboard,Electronics,1,3000,0,COMPLETED,Hyderabad,Telangana,UPI
104874,2026-08-31,105,Priya,501,Laptop,Electronics,3,60000,0,CANCELLED,Mumbai,Maharashtra,CARD
104875,2026-08-21,103,Sita,506,Headphones,Electronics,1,5000,5000,COMPLETED,Chennai,Tamil Nadu,UPI
104876,2026-08-15,105,Priya,505,Table,Furniture,1,10000,1000,COMPLETED,Mumbai,Maharashtra,UPI
104877,2026-08-26,110,Vikram,505,Table,Furniture,1,10000,2000,COMPLETED,Kolkata,West Bengal,UPI
104878,2026-08-15,105,Priya,509,Monitor,Electronics,5,20000,200,COMPLETED,Mumbai,Maharashtra,UPI
104879,2026-08-09,104,Kumar,502,Mouse,Electronics,3,1000,2000,COMPLETED,Bangalore,Karnataka,NET_BANKING
104880,2026-08-31,108,Arjun,503,Chair,Furniture,2,8000,5000,COMPLETED,Hyderabad,Telangana,COD
104881,2026-08-26,110,Vikram,505,Table,Furniture,1,10000,5000,CANCELLED,Kolkata,West Bengal,NET_BANKING
104882,2026-08-07,101,Ravi,504,Keyboard,Electronics,4,3000,500,COMPLETED,Hyderabad,Telangana,COD
104883,2026-08-31,101,Ravi,510,Bookshelf,Furniture,2,12000,200,COMPLETED,Hyderabad,Telangana,UPI
104884,2026-08-24,104,Kumar,507,Desk,Furniture,5,15000,500,COMPLETED,Bangalore,Karnataka,CARD
104885,2026-08-03,107,Lakshmi,505,Table,Furniture,1,10000,2000,COMPLETED,Chennai,Tamil Nadu,CARD
104886,2026-08-25,103,Sita,507,Desk,Furniture,4,15000,1000,COMPLETED,Chennai,Tamil Nadu,UPI
104887,2026-08-12,109,Sneha,501,Laptop,Electronics,4,60000,2000,COMPLETED,Delhi,Delhi,UPI
104888,2026-08-01,101,Ravi,502,Mouse,Electronics,5,1000,2000,COMPLETED,Hyderabad,Telangana,NET_BANKING
104889,2026-08-26,105,Priya,507,Desk,Furniture,1,15000,100,COMPLETED,Mumbai,Maharashtra,CARD
104890,2026-08-13,107,Lakshmi,501,Laptop,Electronics,3,60000,0,COMPLETED,Chennai,Tamil Nadu,NET_BANKING
104891,2026-08-31,108,Arjun,505,Table,Furniture,5,10000,2000,COMPLETED,Hyderabad,Telangana,NET_BANKING
104892,2026-08-25,109,Sneha,507,Desk,Furniture,5,15000,500,COMPLETED,Delhi,Delhi,NET_BANKING
104893,2026-08-15,109,Sneha,502,Mouse,Electronics,1,1000,200,COMPLETED,Delhi,Delhi,UPI
104894,2026-08-30,101,Ravi,501,Laptop,Electronics,4,60000,5000,COMPLETED,Hyderabad,Telangana,UPI
104895,2026-08-31,108,Arjun,508,Mobile,Electronics,2,25000,5000,COMPLETED,Hyderabad,Telangana,NET_BANKING
104896,2026-08-26,110,Vikram,504,Keyboard,Electronics,2,3000,0,COMPLETED,Kolkata,West Bengal,UPI
104897,2026-08-15,102,Anil,502,Mouse,Electronics,1,1000,2000,COMPLETED,Hyderabad,Telangana,UPI
104898,2026-08-01,105,Priya,510,Bookshelf,Furniture,2,12000,0,COMPLETED,Mumbai,Maharashtra,NET_BANKING
104899,2026-08-31,105,Priya,502,Mouse,Electronics,3,1000,1000,COMPLETED,Mumbai,Maharashtra,COD
104900,2026-08-08,108,Arjun,505,Table,Furniture,2,10000,200,CANCELLED,Hyderabad,Telangana,NET_BANKING
104901,2026-08-23,110,Vikram,507,Desk,Furniture,3,15000,1000,COMPLETED,Kolkata,West Bengal,CARD
104902,2026-08-16,110,Vikram,502,Mouse,Electronics,1,1000,200,CANCELLED,Kolkata,West Bengal,CARD
104903,2026-08-30,106,Ramesh,504,Keyboard,Electronics,1,3000,0,COMPLETED,Pune,Maharashtra,CARD
104904,2026-08-12,107,Lakshmi,507,Desk,Furniture,2,15000,2000,CANCELLED,Chennai,Tamil Nadu,UPI
104905,2026-08-21,110,Vikram,508,Mobile,Electronics,4,25000,200,COMPLETED,Kolkata,West Bengal,COD
104906,2026-08-28,104,Kumar,510,Bookshelf,Furniture,3,12000,2000,CANCELLED,Bangalore,Karnataka,CARD
104907,2026-08-16,105,Priya,509,Monitor,Electronics,2,20000,200,RETURNED,Mumbai,Maharashtra,NET_BANKING
104908,2026-08-28,109,Sneha,507,Desk,Furniture,3,15000,200,COMPLETED,Delhi,Delhi,CARD
104909,2026-08-18,108,Arjun,507,Desk,Furniture,4,15000,0,COMPLETED,Hyderabad,Telangana,UPI
104910,2026-08-19,104,Kumar,505,Table,Furniture,2,10000,0,RETURNED,Bangalore,Karnataka,COD
104911,2026-08-15,110,Vikram,507,Desk,Furniture,1,15000,2000,COMPLETED,Kolkata,West Bengal,NET_BANKING
104912,2026-08-21,106,Ramesh,509,Monitor,Electronics,1,20000,5000,COMPLETED,Pune,Maharashtra,NET_BANKING
104913,2026-08-05,108,Arjun,510,Bookshelf,Furniture,1,12000,0,COMPLETED,Hyderabad,Telangana,CARD
104914,2026-08-13,106,Ramesh,501,Laptop,Electronics,5,60000,200,COMPLETED,Pune,Maharashtra,NET_BANKING
104915,2026-08-13,107,Lakshmi,505,Table,Furniture,2,10000,5000,COMPLETED,Chennai,Tamil Nadu,UPI
104916,2026-08-12,105,Priya,506,Headphones,Electronics,4,5000,0,COMPLETED,Mumbai,Maharashtra,CARD
104917,2026-08-16,105,Priya,503,Chair,Furniture,1,8000,2000,COMPLETED,Mumbai,Maharashtra,CARD
104918,2026-08-05,106,Ramesh,506,Headphones,Electronics,5,5000,0,COMPLETED,Pune,Maharashtra,UPI
104919,2026-08-13,110,Vikram,503,Chair,Furniture,1,8000,0,COMPLETED,Kolkata,West Bengal,UPI
104920,2026-08-03,102,Anil,501,Laptop,Electronics,3,60000,2000,COMPLETED,Hyderabad,Telangana,COD
104921,2026-08-15,102,Anil,510,Bookshelf,Furniture,2,12000,500,COMPLETED,Hyderabad,Telangana,UPI
104922,2026-08-28,103,Sita,502,Mouse,Electronics,2,1000,0,COMPLETED,Chennai,Tamil Nadu,CARD
104923,2026-08-28,104,Kumar,509,Monitor,Electronics,3,20000,2000,COMPLETED,Bangalore,Karnataka,UPI
104924,2026-08-16,109,Sneha,507,Desk,Furniture,2,15000,200,CANCELLED,Delhi,Delhi,CARD
104925,2026-08-09,102,Anil,501,Laptop,Electronics,3,60000,0,COMPLETED,Hyderabad,Telangana,COD
104926,2026-08-28,104,Kumar,507,Desk,Furniture,3,15000,1000,CANCELLED,Bangalore,Karnataka,COD
104927,2026-08-05,102,Anil,510,Bookshelf,Furniture,2,12000,0,RETURNED,Hyderabad,Telangana,CARD
104928,2026-08-14,103,Sita,501,Laptop,Electronics,2,60000,0,COMPLETED,Chennai,Tamil Nadu,COD
104929,2026-08-16,105,Priya,502,Mouse,Electronics,4,1000,0,COMPLETED,Mumbai,Maharashtra,CARD
104930,2026-08-07,101,Ravi,503,Chair,Furniture,4,8000,500,RETURNED,Hyderabad,Telangana,UPI
104931,2026-08-08,107,Lakshmi,510,Bookshelf,Furniture,4,12000,200,COMPLETED,Chennai,Tamil Nadu,UPI
104932,2026-08-14,107,Lakshmi,508,Mobile,Electronics,3,25000,0,COMPLETED,Chennai,Tamil Nadu,CARD
104933,2026-08-22,104,Kumar,510,Bookshelf,Furniture,1,12000,200,COMPLETED,Bangalore,Karnataka,CARD
104934,2026-08-26,106,Ramesh,503,Chair,Furniture,5,8000,100,COMPLETED,Pune,Maharashtra,COD
104935,2026-08-06,108,Arjun,502,Mouse,Electronics,4,1000,200,COMPLETED,Hyderabad,Telangana,NET_BANKING
104936,2026-08-19,110,Vikram,510,Bookshelf,Furniture,3,12000,100,COMPLETED,Kolkata,West Bengal,NET_BANKING
104937,2026-08-14,103,Sita,510,Bookshelf,Furniture,3,12000,500,COMPLETED,Chennai,Tamil Nadu,NET_BANKING
104938,2026-08-25,104,Kumar,507,Desk,Furniture,5,15000,2000,COMPLETED,Bangalore,Karnataka,UPI
104939,2026-08-10,102,Anil,502,Mouse,Electronics,2,1000,200,COMPLETED,Hyderabad,Telangana,COD
104940,2026-08-20,105,Priya,501,Laptop,Electronics,5,60000,0,COMPLETED,Mumbai,Maharashtra,COD
104941,2026-08-27,108,Arjun,502,Mouse,Electronics,3,1000,1000,CANCELLED,Hyderabad,Telangana,NET_BANKING
104942,2026-08-25,110,Vikram,501,Laptop,Electronics,4,60000,100,RETURNED,Kolkata,West Bengal,COD
104943,2026-08-30,109,Sneha,508,Mobile,Electronics,5,25000,0,COMPLETED,Delhi,Delhi,NET_BANKING
104944,2026-08-23,110,Vikram,502,Mouse,Electronics,2,1000,0,CANCELLED,Kolkata,West Bengal,NET_BANKING
104945,2026-08-15,107,Lakshmi,504,Keyboard,Electronics,2,3000,0,COMPLETED,Chennai,Tamil Nadu,CARD
104946,2026-08-24,107,Lakshmi,507,Desk,Furniture,1,15000,200,COMPLETED,Chennai,Tamil Nadu,CARD
104947,2026-08-10,106,Ramesh,509,Monitor,Electronics,1,20000,0,COMPLETED,Pune,Maharashtra,NET_BANKING
104948,2026-08-19,106,Ramesh,510,Bookshelf,Furniture,5,12000,5000,COMPLETED,Pune,Maharashtra,CARD
104949,2026-08-07,108,Arjun,510,Bookshelf,Furniture,5,12000,1000,COMPLETED,Hyderabad,Telangana,NET_BANKING
104950,2026-08-19,106,Ramesh,502,Mouse,Electronics,2,1000,500,CANCELLED,Pune,Maharashtra,COD
104951,2026-08-03,105,Priya,502,Mouse,Electronics,1,1000,5000,CANCELLED,Mumbai,Maharashtra,CARD
104952,2026-08-01,107,Lakshmi,508,Mobile,Electronics,2,25000,2000,COMPLETED,Chennai,Tamil Nadu,NET_BANKING
104953,2026-08-28,107,Lakshmi,508,Mobile,Electronics,4,25000,0,COMPLETED,Chennai,Tamil Nadu,CARD
104954,2026-08-10,106,Ramesh,509,Monitor,Electronics,2,20000,200,COMPLETED,Pune,Maharashtra,UPI
104955,2026-08-02,101,Ravi,509,Monitor,Electronics,3,20000,2000,COMPLETED,Hyderabad,Telangana,UPI
104956,2026-08-19,109,Sneha,503,Chair,Furniture,2,8000,500,COMPLETED,Delhi,Delhi,CARD
104957,2026-08-08,109,Sneha,508,Mobile,Electronics,2,25000,0,COMPLETED,Delhi,Delhi,COD
104958,2026-08-07,109,Sneha,509,Monitor,Electronics,1,20000,100,COMPLETED,Delhi,Delhi,COD
104959,2026-08-12,104,Kumar,507,Desk,Furniture,3,15000,1000,COMPLETED,Bangalore,Karnataka,CARD
104960,2026-08-05,101,Ravi,508,Mobile,Electronics,1,25000,0,COMPLETED,Hyderabad,Telangana,COD
104961,2026-08-10,101,Ravi,509,Monitor,Electronics,2,20000,5000,COMPLETED,Hyderabad,Telangana,UPI
104962,2026-08-16,107,Lakshmi,503,Chair,Furniture,5,8000,2000,RETURNED,Chennai,Tamil Nadu,CARD
104963,2026-08-03,107,Lakshmi,506,Headphones,Electronics,2,5000,1000,COMPLETED,Chennai,Tamil Nadu,NET_BANKING
104964,2026-08-01,102,Anil,501,Laptop,Electronics,3,60000,0,COMPLETED,Hyderabad,Telangana,UPI
104965,2026-08-23,110,Vikram,505,Table,Furniture,5,10000,500,CANCELLED,Kolkata,West Bengal,CARD
104966,2026-08-29,103,Sita,507,Desk,Furniture,2,15000,200,CANCELLED,Chennai,Tamil Nadu,UPI
104967,2026-08-14,101,Ravi,504,Keyboard,Electronics,1,3000,5000,COMPLETED,Hyderabad,Telangana,CARD
104968,2026-08-02,104,Kumar,506,Headphones,Electronics,2,5000,200,COMPLETED,Bangalore,Karnataka,CARD
104969,2026-08-29,105,Priya,503,Chair,Furniture,3,8000,200,COMPLETED,Mumbai,Maharashtra,NET_BANKING
104970,2026-08-04,104,Kumar,510,Bookshelf,Furniture,4,12000,100,COMPLETED,Bangalore,Karnataka,UPI
104971,2026-08-28,110,Vikram,502,Mouse,Electronics,4,1000,2000,COMPLETED,Kolkata,West Bengal,UPI
104972,2026-08-20,107,Lakshmi,507,Desk,Furniture,4,15000,5000,CANCELLED,Chennai,Tamil Nadu,NET_BANKING
104973,2026-08-07,101,Ravi,504,Keyboard,Electronics,1,3000,500,COMPLETED,Hyderabad,Telangana,NET_BANKING
104974,2026-08-31,105,Priya,502,Mouse,Electronics,1,1000,2000,COMPLETED,Mumbai,Maharashtra,COD
104975,2026-08-19,107,Lakshmi,505,Table,Furniture,4,10000,0,COMPLETED,Chennai,Tamil Nadu,NET_BANKING
104976,2026-08-18,105,Priya,506,Headphones,Electronics,1,5000,0,COMPLETED,Mumbai,Maharashtra,UPI
104977,2026-08-10,108,Arjun,507,Desk,Furniture,2,15000,2000,CANCELLED,Hyderabad,Telangana,CARD
104978,2026-08-19,109,Sneha,501,Laptop,Electronics,2,60000,500,COMPLETED,Delhi,Delhi,UPI
104979,2026-08-11,106,Ramesh,501,Laptop,Electronics,1,60000,2000,COMPLETED,Pune,Maharashtra,COD
104980,2026-08-04,102,Anil,504,Keyboard,Electronics,3,3000,100,CANCELLED,Hyderabad,Telangana,NET_BANKING
104981,2026-08-23,106,Ramesh,503,Chair,Furniture,2,8000,100,COMPLETED,Pune,Maharashtra,UPI
104982,2026-08-27,106,Ramesh,509,Monitor,Electronics,5,20000,200,COMPLETED,Pune,Maharashtra,COD
104983,2026-08-12,105,Priya,504,Keyboard,Electronics,3,3000,0,CANCELLED,Mumbai,Maharashtra,NET_BANKING
104984,2026-08-06,108,Arjun,507,Desk,Furniture,3,15000,200,COMPLETED,Hyderabad,Telangana,NET_BANKING
104985,2026-08-03,101,Ravi,502,Mouse,Electronics,1,1000,1000,RETURNED,Hyderabad,Telangana,CARD
104986,2026-08-17,106,Ramesh,506,Headphones,Electronics,4,5000,100,COMPLETED,Pune,Maharashtra,COD
104987,2026-08-18,109,Sneha,509,Monitor,Electronics,2,20000,2000,COMPLETED,Delhi,Delhi,CARD
104988,2026-08-09,102,Anil,508,Mobile,Electronics,5,25000,0,COMPLETED,Hyderabad,Telangana,UPI
104989,2026-08-26,105,Priya,506,Headphones,Electronics,5,5000,0,CANCELLED,Mumbai,Maharashtra,COD
104990,2026-08-14,102,Anil,509,Monitor,Electronics,1,20000,500,COMPLETED,Hyderabad,Telangana,CARD
104991,2026-08-12,110,Vikram,504,Keyboard,Electronics,3,3000,500,COMPLETED,Kolkata,West Bengal,NET_BANKING
104992,2026-08-02,110,Vikram,503,Chair,Furniture,3,8000,1000,COMPLETED,Kolkata,West Bengal,COD
104993,2026-08-15,108,Arjun,506,Headphones,Electronics,4,5000,0,COMPLETED,Hyderabad,Telangana,CARD
104994,2026-08-26,108,Arjun,510,Bookshelf,Furniture,5,12000,200,COMPLETED,Hyderabad,Telangana,NET_BANKING
104995,2026-08-14,106,Ramesh,508,Mobile,Electronics,2,25000,5000,COMPLETED,Pune,Maharashtra,NET_BANKING
104996,2026-08-13,102,Anil,502,Mouse,Electronics,1,1000,1000,COMPLETED,Hyderabad,Telangana,COD
104997,2026-08-29,101,Ravi,502,Mouse,Electronics,3,1000,100,COMPLETED,Hyderabad,Telangana,UPI
104998,2026-08-13,104,Kumar,504,Keyboard,Electronics,5,3000,2000,COMPLETED,Bangalore,Karnataka,UPI
104999,2026-08-09,109,Sneha,504,Keyboard,Electronics,4,3000,2000,CANCELLED,Delhi,Delhi,UPI
105000,2026-08-21,103,Sita,509,Monitor,Electronics,5,20000,200,COMPLETED,Chennai,Tamil Nadu,COD
105001,2026-08-29,105,Priya,507,Desk,Furniture,1,15000,0,RETURNED,Mumbai,Maharashtra,CARD
105002,2026-08-25,110,Vikram,510,Bookshelf,Furniture,4,12000,100,COMPLETED,Kolkata,West Bengal,UPI
105003,2026-08-30,106,Ramesh,507,Desk,Furniture,1,15000,200,COMPLETED,Pune,Maharashtra,COD
105004,2026-08-22,109,Sneha,509,Monitor,Electronics,3,20000,100,COMPLETED,Delhi,Delhi,NET_BANKING
105005,2026-08-17,109,Sneha,510,Bookshelf,Furniture,4,12000,0,COMPLETED,Delhi,Delhi,NET_BANKING
105006,2026-08-15,104,Kumar,510,Bookshelf,Furniture,4,12000,200,COMPLETED,Bangalore,Karnataka,UPI
105007,2026-08-08,101,Ravi,508,Mobile,Electronics,4,25000,500,COMPLETED,Hyderabad,Telangana,NET_BANKING
105008,2026-08-15,105,Priya,506,Headphones,Electronics,3,5000,500,COMPLETED,Mumbai,Maharashtra,UPI
105009,2026-08-13,101,Ravi,508,Mobile,Electronics,5,25000,100,RETURNED,Hyderabad,Telangana,COD
105010,2026-08-21,103,Sita,507,Desk,Furniture,3,15000,500,COMPLETED,Chennai,Tamil Nadu,CARD
105011,2026-08-27,105,Priya,508,Mobile,Electronics,3,25000,0,CANCELLED,Mumbai,Maharashtra,COD
105012,2026-08-08,101,Ravi,505,Table,Furniture,3,10000,200,COMPLETED,Hyderabad,Telangana,NET_BANKING
105013,2026-08-15,110,Vikram,501,Laptop,Electronics,5,60000,2000,COMPLETED,Kolkata,West Bengal,NET_BANKING
105014,2026-08-25,108,Arjun,509,Monitor,Electronics,2,20000,5000,COMPLETED,Hyderabad,Telangana,COD
105015,2026-08-13,109,Sneha,502,Mouse,Electronics,4,1000,500,COMPLETED,Delhi,Delhi,NET_BANKING
105016,2026-08-27,101,Ravi,508,Mobile,Electronics,2,25000,0,COMPLETED,Hyderabad,Telangana,UPI
105017,2026-08-31,108,Arjun,508,Mobile,Electronics,4,25000,0,CANCELLED,Hyderabad,Telangana,CARD
105018,2026-08-21,106,Ramesh,501,Laptop,Electronics,1,60000,5000,COMPLETED,Pune,Maharashtra,CARD
105019,2026-08-06,107,Lakshmi,510,Bookshelf,Furniture,2,12000,200,COMPLETED,Chennai,Tamil Nadu,NET_BANKING
105020,2026-08-08,105,Priya,501,Laptop,Electronics,2,60000,2000,COMPLETED,Mumbai,Maharashtra,NET_BANKING
105021,2026-08-11,103,Sita,509,Monitor,Electronics,1,20000,100,COMPLETED,Chennai,Tamil Nadu,UPI
105022,2026-08-11,103,Sita,507,Desk,Furniture,2,15000,100,COMPLETED,Chennai,Tamil Nadu,CARD
105023,2026-08-26,106,Ramesh,506,Headphones,Electronics,1,5000,500,COMPLETED,Pune,Maharashtra,COD
105024,2026-08-20,103,Sita,505,Table,Furniture,1,10000,200,COMPLETED,Chennai,Tamil Nadu,CARD
105025,2026-08-16,104,Kumar,505,Table,Furniture,4,10000,0,COMPLETED,Bangalore,Karnataka,COD
105026,2026-08-29,110,Vikram,506,Headphones,Electronics,1,5000,200,CANCELLED,Kolkata,West Bengal,NET_BANKING
105027,2026-08-12,106,Ramesh,506,Headphones,Electronics,4,5000,0,COMPLETED,Pune,Maharashtra,UPI
105028,2026-08-04,101,Ravi,507,Desk,Furniture,4,15000,500,COMPLETED,Hyderabad,Telangana,CARD
105029,2026-08-09,107,Lakshmi,505,Table,Furniture,3,10000,500,COMPLETED,Chennai,Tamil Nadu,COD
105030,2026-08-04,102,Anil,503,Chair,Furniture,5,8000,200,COMPLETED,Hyderabad,Telangana,UPI
105031,2026-08-22,103,Sita,508,Mobile,Electronics,1,25000,2000,COMPLETED,Chennai,Tamil Nadu,UPI
105032,2026-08-04,108,Arjun,507,Desk,Furniture,2,15000,100,COMPLETED,Hyderabad,Telangana,CARD
105033,2026-08-13,101,Ravi,506,Headphones,Electronics,3,5000,500,COMPLETED,Hyderabad,Telangana,NET_BANKING
105034,2026-08-30,104,Kumar,501,Laptop,Electronics,3,60000,1000,COMPLETED,Bangalore,Karnataka,NET_BANKING
105035,2026-08-11,106,Ramesh,510,Bookshelf,Furniture,1,12000,100,COMPLETED,Pune,Maharashtra,CARD
105036,2026-08-01,106,Ramesh,507,Desk,Furniture,4,15000,5000,COMPLETED,Pune,Maharashtra,NET_BANKING
105037,2026-08-21,104,Kumar,504,Keyboard,Electronics,2,3000,5000,COMPLETED,Bangalore,Karnataka,CARD
105038,2026-08-02,110,Vikram,510,Bookshelf,Furniture,3,12000,2000,COMPLETED,Kolkata,West Bengal,UPI
105039,2026-08-23,109,Sneha,503,Chair,Furniture,2,8000,2000,COMPLETED,Delhi,Delhi,COD
105040,2026-08-29,103,Sita,507,Desk,Furniture,5,15000,0,COMPLETED,Chennai,Tamil Nadu,CARD
105041,2026-08-19,103,Sita,501,Laptop,Electronics,4,60000,1000,COMPLETED,Chennai,Tamil Nadu,UPI
105042,2026-08-15,107,Lakshmi,502,Mouse,Electronics,5,1000,0,COMPLETED,Chennai,Tamil Nadu,COD
105043,2026-08-31,101,Ravi,502,Mouse,Electronics,3,1000,0,COMPLETED,Hyderabad,Telangana,UPI
105044,2026-08-19,101,Ravi,504,Keyboard,Electronics,2,3000,500,COMPLETED,Hyderabad,Telangana,UPI
105045,2026-08-20,108,Arjun,507,Desk,Furniture,4,15000,100,COMPLETED,Hyderabad,Telangana,COD
105046,2026-08-18,103,Sita,502,Mouse,Electronics,2,1000,200,RETURNED,Chennai,Tamil Nadu,CARD
105047,2026-08-24,110,Vikram,502,Mouse,Electronics,5,1000,100,COMPLETED,Kolkata,West Bengal,COD
105048,2026-08-04,110,Vikram,503,Chair,Furniture,1,8000,1000,COMPLETED,Kolkata,West Bengal,UPI
105049,2026-08-06,108,Arjun,502,Mouse,Electronics,2,1000,2000,COMPLETED,Hyderabad,Telangana,UPI
105050,2026-08-29,109,Sneha,503,Chair,Furniture,2,8000,200,COMPLETED,Delhi,Delhi,COD
105051,2026-08-06,108,Arjun,505,Table,Furniture,4,10000,0,COMPLETED,Hyderabad,Telangana,NET_BANKING
105052,2026-08-11,110,Vikram,509,Monitor,Electronics,4,20000,5000,COMPLETED,Kolkata,West Bengal,CARD
105053,2026-08-07,101,Ravi,507,Desk,Furniture,2,15000,100,CANCELLED,Hyderabad,Telangana,UPI
105054,2026-08-14,102,Anil,503,Chair,Furniture,5,8000,0,COMPLETED,Hyderabad,Telangana,NET_BANKING
105055,2026-08-12,107,Lakshmi,507,Desk,Furniture,5,15000,1000,COMPLETED,Chennai,Tamil Nadu,NET_BANKING
105056,2026-08-01,108,Arjun,507,Desk,Furniture,5,15000,2000,CANCELLED,Hyderabad,Telangana,UPI
105057,2026-08-15,107,Lakshmi,505,Table,Furniture,2,10000,500,COMPLETED,Chennai,Tamil Nadu,CARD
105058,2026-08-07,106,Ramesh,508,Mobile,Electronics,4,25000,5000,CANCELLED,Pune,Maharashtra,NET_BANKING
105059,2026-08-18,108,Arjun,508,Mobile,Electronics,5,25000,500,COMPLETED,Hyderabad,Telangana,COD
105060,2026-08-09,101,Ravi,510,Bookshelf,Furniture,4,12000,1000,COMPLETED,Hyderabad,Telangana,COD
105061,2026-08-14,108,Arjun,501,Laptop,Electronics,1,60000,100,COMPLETED,Hyderabad,Telangana,COD
105062,2026-08-10,103,Sita,509,Monitor,Electronics,2,20000,2000,COMPLETED,Chennai,Tamil Nadu,UPI
105063,2026-08-17,110,Vikram,503,Chair,Furniture,2,8000,2000,CANCELLED,Kolkata,West Bengal,UPI
105064,2026-08-04,107,Lakshmi,505,Table,Furniture,4,10000,0,COMPLETED,Chennai,Tamil Nadu,NET_BANKING
105065,2026-08-03,104,Kumar,508,Mobile,Electronics,5,25000,2000,COMPLETED,Bangalore,Karnataka,NET_BANKING
105066,2026-08-18,107,Lakshmi,507,Desk,Furniture,5,15000,0,COMPLETED,Chennai,Tamil Nadu,UPI
105067,2026-08-10,107,Lakshmi,507,Desk,Furniture,4,15000,1000,COMPLETED,Chennai,Tamil Nadu,UPI
105068,2026-08-19,103,Sita,508,Mobile,Electronics,5,25000,200,COMPLETED,Chennai,Tamil Nadu,CARD
105069,2026-08-18,105,Priya,503,Chair,Furniture,3,8000,200,COMPLETED,Mumbai,Maharashtra,NET_BANKING
105070,2026-08-26,102,Anil,507,Desk,Furniture,1,15000,0,COMPLETED,Hyderabad,Telangana,UPI
105071,2026-08-22,110,Vikram,509,Monitor,Electronics,3,20000,0,COMPLETED,Kolkata,West Bengal,COD
105072,2026-08-16,101,Ravi,502,Mouse,Electronics,1,1000,2000,COMPLETED,Hyderabad,Telangana,UPI
105073,2026-08-02,106,Ramesh,503,Chair,Furniture,4,8000,5000,COMPLETED,Pune,Maharashtra,UPI
105074,2026-08-27,101,Ravi,508,Mobile,Electronics,3,25000,0,COMPLETED,Hyderabad,Telangana,CARD
105075,2026-08-18,104,Kumar,507,Desk,Furniture,5,15000,1000,CANCELLED,Bangalore,Karnataka,COD
105076,2026-08-15,110,Vikram,507,Desk,Furniture,2,15000,500,COMPLETED,Kolkata,West Bengal,UPI
105077,2026-08-03,101,Ravi,506,Headphones,Electronics,1,5000,0,COMPLETED,Hyderabad,Telangana,UPI
105078,2026-08-02,101,Ravi,508,Mobile,Electronics,1,25000,5000,COMPLETED,Hyderabad,Telangana,NET_BANKING
105079,2026-08-01,101,Ravi,503,Chair,Furniture,3,8000,0,COMPLETED,Hyderabad,Telangana,NET_BANKING
105080,2026-08-16,105,Priya,510,Bookshelf,Furniture,2,12000,200,CANCELLED,Mumbai,Maharashtra,CARD
105081,2026-08-01,101,Ravi,502,Mouse,Electronics,2,1000,5000,COMPLETED,Hyderabad,Telangana,COD
105082,2026-08-22,105,Priya,508,Mobile,Electronics,3,25000,200,COMPLETED,Mumbai,Maharashtra,COD
105083,2026-08-28,106,Ramesh,510,Bookshelf,Furniture,4,12000,500,COMPLETED,Pune,Maharashtra,CARD
105084,2026-08-13,106,Ramesh,503,Chair,Furniture,5,8000,500,CANCELLED,Pune,Maharashtra,CARD
105085,2026-08-03,101,Ravi,505,Table,Furniture,4,10000,500,COMPLETED,Hyderabad,Telangana,NET_BANKING
105086,2026-08-10,104,Kumar,508,Mobile,Electronics,1,25000,1000,COMPLETED,Bangalore,Karnataka,CARD
105087,2026-08-30,104,Kumar,508,Mobile,Electronics,5,25000,200,COMPLETED,Bangalore,Karnataka,COD
105088,2026-08-25,107,Lakshmi,510,Bookshelf,Furniture,5,12000,5000,COMPLETED,Chennai,Tamil Nadu,UPI
105089,2026-08-27,107,Lakshmi,501,Laptop,Electronics,5,60000,1000,COMPLETED,Chennai,Tamil Nadu,COD
105090,2026-08-10,102,Anil,508,Mobile,Electronics,5,25000,0,COMPLETED,Hyderabad,Telangana,NET_BANKING
105091,2026-08-17,110,Vikram,507,Desk,Furniture,5,15000,0,COMPLETED,Kolkata,West Bengal,NET_BANKING
105092,2026-08-02,110,Vikram,510,Bookshelf,Furniture,5,12000,0,COMPLETED,Kolkata,West Bengal,NET_BANKING
105093,2026-08-06,109,Sneha,507,Desk,Furniture,3,15000,0,CANCELLED,Delhi,Delhi,NET_BANKING
105094,2026-08-09,108,Arjun,505,Table,Furniture,3,10000,0,COMPLETED,Hyderabad,Telangana,COD
105095,2026-08-09,104,Kumar,503,Chair,Furniture,3,8000,200,COMPLETED,Bangalore,Karnataka,CARD
105096,2026-08-04,108,Arjun,510,Bookshelf,Furniture,1,12000,0,COMPLETED,Hyderabad,Telangana,UPI
105097,2026-08-26,109,Sneha,506,Headphones,Electronics,1,5000,500,COMPLETED,Delhi,Delhi,COD
105098,2026-08-18,109,Sneha,510,Bookshelf,Furniture,3,12000,200,COMPLETED,Delhi,Delhi,UPI
105099,2026-08-27,104,Kumar,506,Headphones,Electronics,5,5000,2000,COMPLETED,Bangalore,Karnataka,CARD
105100,2026-08-24,101,Ravi,508,Mobile,Electronics,2,25000,500,CANCELLED,Hyderabad,Telangana,UPI
105101,2026-08-05,101,Ravi,503,Chair,Furniture,4,8000,500,COMPLETED,Hyderabad,Telangana,NET_BANKING
105102,2026-08-22,110,Vikram,508,Mobile,Electronics,2,25000,0,COMPLETED,Kolkata,West Bengal,NET_BANKING
105103,2026-08-27,105,Priya,509,Monitor,Electronics,2,20000,5000,COMPLETED,Mumbai,Maharashtra,UPI
105104,2026-08-31,110,Vikram,503,Chair,Furniture,1,8000,500,COMPLETED,Kolkata,West Bengal,NET_BANKING
105105,2026-08-09,110,Vikram,509,Monitor,Electronics,4,20000,500,COMPLETED,Kolkata,West Bengal,UPI
105106,2026-08-19,105,Priya,503,Chair,Furniture,2,8000,5000,COMPLETED,Mumbai,Maharashtra,COD
105107,2026-08-22,109,Sneha,505,Table,Furniture,4,10000,100,COMPLETED,Delhi,Delhi,NET_BANKING
105108,2026-08-15,107,Lakshmi,502,Mouse,Electronics,2,1000,5000,COMPLETED,Chennai,Tamil Nadu,UPI
105109,2026-08-26,105,Priya,506,Headphones,Electronics,2,5000,100,COMPLETED,Mumbai,Maharashtra,COD
105110,2026-08-30,107,Lakshmi,510,Bookshelf,Furniture,5,12000,5000,COMPLETED,Chennai,Tamil Nadu,COD
105111,2026-08-10,108,Arjun,506,Headphones,Electronics,3,5000,1000,COMPLETED,Hyderabad,Telangana,NET_BANKING
105112,2026-08-31,108,Arjun,505,Table,Furniture,1,10000,200,COMPLETED,Hyderabad,Telangana,UPI
105113,2026-08-30,102,Anil,510,Bookshelf,Furniture,2,12000,200,COMPLETED,Hyderabad,Telangana,UPI
105114,2026-08-14,106,Ramesh,510,Bookshelf,Furniture,2,12000,5000,COMPLETED,Pune,Maharashtra,UPI
105115,2026-08-09,110,Vikram,504,Keyboard,Electronics,4,3000,200,COMPLETED,Kolkata,West Bengal,UPI
105116,2026-08-27,102,Anil,503,Chair,Furniture,3,8000,500,COMPLETED,Hyderabad,Telangana,COD
105117,2026-08-14,110,Vikram,504,Keyboard,Electronics,3,3000,2000,COMPLETED,Kolkata,West Bengal,UPI
105118,2026-08-18,106,Ramesh,507,Desk,Furniture,4,15000,100,CANCELLED,Pune,Maharashtra,CARD
105119,2026-08-31,104,Kumar,501,Laptop,Electronics,4,60000,0,COMPLETED,Bangalore,Karnataka,COD
105120,2026-08-09,106,Ramesh,510,Bookshelf,Furniture,5,12000,0,COMPLETED,Pune,Maharashtra,CARD
105121,2026-08-02,102,Anil,507,Desk,Furniture,2,15000,100,COMPLETED,Hyderabad,Telangana,NET_BANKING
105122,2026-08-02,104,Kumar,504,Keyboard,Electronics,2,3000,5000,CANCELLED,Bangalore,Karnataka,CARD
105123,2026-08-18,108,Arjun,502,Mouse,Electronics,4,1000,100,COMPLETED,Hyderabad,Telangana,NET_BANKING
105124,2026-08-14,108,Arjun,506,Headphones,Electronics,2,5000,0,COMPLETED,Hyderabad,Telangana,CARD
105125,2026-08-18,102,Anil,504,Keyboard,Electronics,1,3000,5000,COMPLETED,Hyderabad,Telangana,CARD
105126,2026-08-18,109,Sneha,508,Mobile,Electronics,1,25000,2000,COMPLETED,Delhi,Delhi,UPI
105127,2026-08-12,106,Ramesh,505,Table,Furniture,5,10000,1000,COMPLETED,Pune,Maharashtra,COD
105128,2026-08-12,107,Lakshmi,504,Keyboard,Electronics,4,3000,1000,CANCELLED,Chennai,Tamil Nadu,NET_BANKING
105129,2026-08-30,102,Anil,509,Monitor,Electronics,1,20000,100,COMPLETED,Hyderabad,Telangana,CARD
105130,2026-08-03,106,Ramesh,503,Chair,Furniture,2,8000,2000,COMPLETED,Pune,Maharashtra,UPI
105131,2026-08-09,106,Ramesh,510,Bookshelf,Furniture,4,12000,500,COMPLETED,Pune,Maharashtra,CARD
105132,2026-08-15,109,Sneha,505,Table,Furniture,1,10000,1000,COMPLETED,Delhi,Delhi,UPI
105133,2026-08-22,104,Kumar,502,Mouse,Electronics,2,1000,100,COMPLETED,Bangalore,Karnataka,COD
105134,2026-08-07,102,Anil,503,Chair,Furniture,2,8000,0,COMPLETED,Hyderabad,Telangana,COD
105135,2026-08-14,107,Lakshmi,509,Monitor,Electronics,3,20000,100,COMPLETED,Chennai,Tamil Nadu,COD
105136,2026-08-05,109,Sneha,507,Desk,Furniture,4,15000,1000,COMPLETED,Delhi,Delhi,COD
105137,2026-08-15,103,Sita,509,Monitor,Electronics,4,20000,0,CANCELLED,Chennai,Tamil Nadu,CARD
105138,2026-08-17,103,Sita,501,Laptop,Electronics,4,60000,5000,COMPLETED,Chennai,Tamil Nadu,CARD
105139,2026-08-03,105,Priya,508,Mobile,Electronics,1,25000,2000,COMPLETED,Mumbai,Maharashtra,CARD
105140,2026-08-21,104,Kumar,505,Table,Furniture,3,10000,1000,COMPLETED,Bangalore,Karnataka,CARD
105141,2026-08-06,106,Ramesh,507,Desk,Furniture,2,15000,100,COMPLETED,Pune,Maharashtra,COD
105142,2026-08-09,101,Ravi,501,Laptop,Electronics,3,60000,200,COMPLETED,Hyderabad,Telangana,NET_BANKING
105143,2026-08-07,110,Vikram,508,Mobile,Electronics,1,25000,100,RETURNED,Kolkata,West Bengal,COD
105144,2026-08-06,104,Kumar,503,Chair,Furniture,5,8000,1000,COMPLETED,Bangalore,Karnataka,UPI
105145,2026-08-26,105,Priya,503,Chair,Furniture,3,8000,0,RETURNED,Mumbai,Maharashtra,CARD
105146,2026-08-11,106,Ramesh,506,Headphones,Electronics,3,5000,2000,COMPLETED,Pune,Maharashtra,CARD
105147,2026-08-29,110,Vikram,508,Mobile,Electronics,4,25000,0,COMPLETED,Kolkata,West Bengal,UPI
105148,2026-08-16,102,Anil,507,Desk,Furniture,5,15000,0,COMPLETED,Hyderabad,Telangana,COD
105149,2026-08-28,105,Priya,507,Desk,Furniture,4,15000,200,COMPLETED,Mumbai,Maharashtra,COD
105150,2026-08-20,106,Ramesh,507,Desk,Furniture,1,15000,500,COMPLETED,Pune,Maharashtra,NET_BANKING
105151,2026-08-24,107,Lakshmi,508,Mobile,Electronics,2,25000,200,COMPLETED,Chennai,Tamil Nadu,CARD
105152,2026-08-31,110,Vikram,502,Mouse,Electronics,2,1000,500,COMPLETED,Kolkata,West Bengal,NET_BANKING
105153,2026-08-15,106,Ramesh,509,Monitor,Electronics,4,20000,0,COMPLETED,Pune,Maharashtra,COD
105154,2026-08-22,103,Sita,504,Keyboard,Electronics,5,3000,500,COMPLETED,Chennai,Tamil Nadu,NET_BANKING
105155,2026-08-09,103,Sita,507,Desk,Furniture,1,15000,5000,COMPLETED,Chennai,Tamil Nadu,UPI
105156,2026-08-11,109,Sneha,510,Bookshelf,Furniture,2,12000,0,COMPLETED,Delhi,Delhi,CARD
105157,2026-08-28,101,Ravi,504,Keyboard,Electronics,2,3000,0,CANCELLED,Hyderabad,Telangana,UPI
105158,2026-08-16,104,Kumar,509,Monitor,Electronics,1,20000,2000,COMPLETED,Bangalore,Karnataka,CARD
105159,2026-08-14,104,Kumar,506,Headphones,Electronics,5,5000,0,COMPLETED,Bangalore,Karnataka,UPI
105160,2026-08-22,101,Ravi,509,Monitor,Electronics,1,20000,0,COMPLETED,Hyderabad,Telangana,CARD
105161,2026-08-09,104,Kumar,508,Mobile,Electronics,2,25000,1000,COMPLETED,Bangalore,Karnataka,COD
105162,2026-08-21,101,Ravi,503,Chair,Furniture,4,8000,5000,COMPLETED,Hyderabad,Telangana,COD
105163,2026-08-30,102,Anil,506,Headphones,Electronics,4,5000,1000,COMPLETED,Hyderabad,Telangana,COD
105164,2026-08-15,110,Vikram,506,Headphones,Electronics,5,5000,500,COMPLETED,Kolkata,West Bengal,COD
105165,2026-08-11,106,Ramesh,510,Bookshelf,Furniture,5,12000,1000,COMPLETED,Pune,Maharashtra,UPI
105166,2026-08-29,106,Ramesh,506,Headphones,Electronics,2,5000,2000,COMPLETED,Pune,Maharashtra,UPI
105167,2026-08-10,108,Arjun,502,Mouse,Electronics,5,1000,1000,COMPLETED,Hyderabad,Telangana,UPI
105168,2026-08-20,109,Sneha,504,Keyboard,Electronics,3,3000,100,CANCELLED,Delhi,Delhi,NET_BANKING
105169,2026-08-05,103,Sita,506,Headphones,Electronics,1,5000,5000,CANCELLED,Chennai,Tamil Nadu,CARD
105170,2026-08-21,102,Anil,507,Desk,Furniture,3,15000,0,COMPLETED,Hyderabad,Telangana,CARD
105171,2026-08-27,102,Anil,505,Table,Furniture,3,10000,5000,COMPLETED,Hyderabad,Telangana,NET_BANKING
105172,2026-08-02,106,Ramesh,503,Chair,Furniture,2,8000,0,CANCELLED,Pune,Maharashtra,CARD
105173,2026-08-25,108,Arjun,507,Desk,Furniture,5,15000,500,COMPLETED,Hyderabad,Telangana,CARD
105174,2026-08-24,101,Ravi,509,Monitor,Electronics,5,20000,100,COMPLETED,Hyderabad,Telangana,UPI
105175,2026-08-22,104,Kumar,506,Headphones,Electronics,2,5000,100,CANCELLED,Bangalore,Karnataka,UPI
105176,2026-08-29,103,Sita,505,Table,Furniture,3,10000,0,CANCELLED,Chennai,Tamil Nadu,CARD
105177,2026-08-25,110,Vikram,504,Keyboard,Electronics,4,3000,200,COMPLETED,Kolkata,West Bengal,UPI
105178,2026-08-03,110,Vikram,505,Table,Furniture,2,10000,0,COMPLETED,Kolkata,West Bengal,UPI
105179,2026-08-12,106,Ramesh,503,Chair,Furniture,4,8000,1000,COMPLETED,Pune,Maharashtra,UPI
105180,2026-08-30,101,Ravi,505,Table,Furniture,4,10000,500,COMPLETED,Hyderabad,Telangana,CARD
105181,2026-08-11,104,Kumar,503,Chair,Furniture,3,8000,2000,COMPLETED,Bangalore,Karnataka,UPI
105182,2026-08-03,109,Sneha,510,Bookshelf,Furniture,1,12000,200,COMPLETED,Delhi,Delhi,CARD
105183,2026-08-23,105,Priya,509,Monitor,Electronics,3,20000,5000,COMPLETED,Mumbai,Maharashtra,CARD
105184,2026-08-25,104,Kumar,510,Bookshelf,Furniture,5,12000,2000,CANCELLED,Bangalore,Karnataka,CARD
105185,2026-08-18,108,Arjun,507,Desk,Furniture,4,15000,0,COMPLETED,Hyderabad,Telangana,COD
105186,2026-08-27,104,Kumar,505,Table,Furniture,2,10000,0,RETURNED,Bangalore,Karnataka,UPI
105187,2026-08-25,103,Sita,501,Laptop,Electronics,2,60000,0,CANCELLED,Chennai,Tamil Nadu,CARD
105188,2026-08-08,109,Sneha,502,Mouse,Electronics,1,1000,0,COMPLETED,Delhi,Delhi,NET_BANKING
105189,2026-08-06,109,Sneha,501,Laptop,Electronics,5,60000,0,COMPLETED,Delhi,Delhi,UPI
105190,2026-08-22,110,Vikram,507,Desk,Furniture,4,15000,500,COMPLETED,Kolkata,West Bengal,CARD
105191,2026-08-27,104,Kumar,502,Mouse,Electronics,5,1000,0,CANCELLED,Bangalore,Karnataka,UPI
105192,2026-08-03,109,Sneha,503,Chair,Furniture,2,8000,200,COMPLETED,Delhi,Delhi,COD
105193,2026-08-04,109,Sneha,504,Keyboard,Electronics,4,3000,100,COMPLETED,Delhi,Delhi,COD
105194,2026-08-02,107,Lakshmi,508,Mobile,Electronics,3,25000,0,COMPLETED,Chennai,Tamil Nadu,UPI
105195,2026-08-23,101,Ravi,504,Keyboard,Electronics,5,3000,0,COMPLETED,Hyderabad,Telangana,UPI
105196,2026-08-10,109,Sneha,508,Mobile,Electronics,1,25000,1000,COMPLETED,Delhi,Delhi,UPI
105197,2026-08-26,104,Kumar,504,Keyboard,Electronics,2,3000,0,RETURNED,Bangalore,Karnataka,CARD
105198,2026-08-19,105,Priya,505,Table,Furniture,3,10000,2000,COMPLETED,Mumbai,Maharashtra,COD
105199,2026-08-29,102,Anil,505,Table,Furniture,5,10000,5000,RETURNED,Hyderabad,Telangana,COD
105200,2026-08-27,106,Ramesh,501,Laptop,Electronics,4,60000,5000,COMPLETED,Pune,Maharashtra,CARD
105201,2026-08-05,106,Ramesh,508,Mobile,Electronics,2,25000,0,COMPLETED,Pune,Maharashtra,CARD
105202,2026-08-01,102,Anil,507,Desk,Furniture,2,15000,5000,COMPLETED,Hyderabad,Telangana,UPI
105203,2026-08-11,102,Anil,501,Laptop,Electronics,4,60000,0,COMPLETED,Hyderabad,Telangana,COD
105204,2026-08-14,104,Kumar,501,Laptop,Electronics,4,60000,5000,COMPLETED,Bangalore,Karnataka,UPI
105205,2026-08-20,106,Ramesh,510,Bookshelf,Furniture,3,12000,2000,COMPLETED,Pune,Maharashtra,COD
105206,2026-08-08,107,Lakshmi,510,Bookshelf,Furniture,2,12000,200,COMPLETED,Chennai,Tamil Nadu,COD
105207,2026-08-16,101,Ravi,501,Laptop,Electronics,1,60000,1000,COMPLETED,Hyderabad,Telangana,UPI
105208,2026-08-16,101,Ravi,510,Bookshelf,Furniture,1,12000,500,COMPLETED,Hyderabad,Telangana,UPI
105209,2026-08-07,109,Sneha,507,Desk,Furniture,2,15000,100,COMPLETED,Delhi,Delhi,NET_BANKING
105210,2026-08-26,104,Kumar,501,Laptop,Electronics,4,60000,1000,COMPLETED,Bangalore,Karnataka,COD
105211,2026-08-29,105,Priya,505,Table,Furniture,5,10000,200,COMPLETED,Mumbai,Maharashtra,CARD
105212,2026-08-11,104,Kumar,508,Mobile,Electronics,5,25000,0,COMPLETED,Bangalore,Karnataka,COD
105213,2026-08-17,103,Sita,503,Chair,Furniture,3,8000,100,CANCELLED,Chennai,Tamil Nadu,NET_BANKING
105214,2026-08-24,109,Sneha,506,Headphones,Electronics,3,5000,1000,COMPLETED,Delhi,Delhi,UPI
105215,2026-08-25,104,Kumar,510,Bookshelf,Furniture,1,12000,2000,COMPLETED,Bangalore,Karnataka,CARD
105216,2026-08-28,105,Priya,509,Monitor,Electronics,2,20000,200,COMPLETED,Mumbai,Maharashtra,COD
105217,2026-08-30,109,Sneha,509,Monitor,Electronics,2,20000,5000,COMPLETED,Delhi,Delhi,COD
105218,2026-08-05,110,Vikram,504,Keyboard,Electronics,2,3000,0,COMPLETED,Kolkata,West Bengal,NET_BANKING
105219,2026-08-09,104,Kumar,507,Desk,Furniture,4,15000,1000,COMPLETED,Bangalore,Karnataka,NET_BANKING
105220,2026-08-29,107,Lakshmi,507,Desk,Furniture,3,15000,2000,CANCELLED,Chennai,Tamil Nadu,COD
105221,2026-08-13,105,Priya,502,Mouse,Electronics,2,1000,5000,RETURNED,Mumbai,Maharashtra,UPI
105222,2026-08-13,103,Sita,501,Laptop,Electronics,2,60000,0,COMPLETED,Chennai,Tamil Nadu,NET_BANKING
105223,2026-08-19,106,Ramesh,503,Chair,Furniture,4,8000,5000,COMPLETED,Pune,Maharashtra,UPI
105224,2026-08-12,102,Anil,505,Table,Furniture,5,10000,500,COMPLETED,Hyderabad,Telangana,UPI
105225,2026-08-09,102,Anil,505,Table,Furniture,1,10000,1000,COMPLETED,Hyderabad,Telangana,CARD
105226,2026-08-23,109,Sneha,502,Mouse,Electronics,3,1000,200,CANCELLED,Delhi,Delhi,COD
105227,2026-08-14,102,Anil,502,Mouse,Electronics,5,1000,2000,COMPLETED,Hyderabad,Telangana,UPI
105228,2026-08-30,105,Priya,507,Desk,Furniture,1,15000,200,COMPLETED,Mumbai,Maharashtra,UPI
105229,2026-08-20,102,Anil,509,Monitor,Electronics,2,20000,2000,RETURNED,Hyderabad,Telangana,UPI
105230,2026-08-11,106,Ramesh,506,Headphones,Electronics,3,5000,2000,COMPLETED,Pune,Maharashtra,NET_BANKING
105231,2026-08-17,103,Sita,507,Desk,Furniture,2,15000,2000,COMPLETED,Chennai,Tamil Nadu,NET_BANKING
105232,2026-08-15,104,Kumar,508,Mobile,Electronics,1,25000,500,COMPLETED,Bangalore,Karnataka,CARD
105233,2026-08-21,105,Priya,505,Table,Furniture,3,10000,500,COMPLETED,Mumbai,Maharashtra,NET_BANKING
105234,2026-08-01,107,Lakshmi,507,Desk,Furniture,1,15000,200,COMPLETED,Chennai,Tamil Nadu,UPI
105235,2026-08-31,102,Anil,510,Bookshelf,Furniture,4,12000,100,COMPLETED,Hyderabad,Telangana,COD
105236,2026-08-31,103,Sita,504,Keyboard,Electronics,5,3000,2000,COMPLETED,Chennai,Tamil Nadu,COD
105237,2026-08-23,105,Priya,503,Chair,Furniture,1,8000,5000,RETURNED,Mumbai,Maharashtra,CARD
105238,2026-08-08,107,Lakshmi,509,Monitor,Electronics,5,20000,1000,COMPLETED,Chennai,Tamil Nadu,UPI
105239,2026-08-27,110,Vikram,506,Headphones,Electronics,4,5000,0,COMPLETED,Kolkata,West Bengal,CARD
105240,2026-08-25,105,Priya,501,Laptop,Electronics,5,60000,0,COMPLETED,Mumbai,Maharashtra,NET_BANKING
105241,2026-08-04,101,Ravi,509,Monitor,Electronics,1,20000,200,COMPLETED,Hyderabad,Telangana,NET_BANKING
105242,2026-08-09,101,Ravi,504,Keyboard,Electronics,5,3000,500,COMPLETED,Hyderabad,Telangana,NET_BANKING
105243,2026-08-27,104,Kumar,508,Mobile,Electronics,4,25000,0,COMPLETED,Bangalore,Karnataka,COD
105244,2026-08-30,103,Sita,508,Mobile,Electronics,5,25000,1000,CANCELLED,Chennai,Tamil Nadu,NET_BANKING
105245,2026-08-26,102,Anil,505,Table,Furniture,2,10000,1000,COMPLETED,Hyderabad,Telangana,NET_BANKING
105246,2026-08-14,110,Vikram,507,Desk,Furniture,5,15000,1000,COMPLETED,Kolkata,West Bengal,CARD
105247,2026-08-27,102,Anil,508,Mobile,Electronics,3,25000,2000,COMPLETED,Hyderabad,Telangana,COD
105248,2026-08-17,106,Ramesh,503,Chair,Furniture,1,8000,0,COMPLETED,Pune,Maharashtra,COD
105249,2026-08-07,102,Anil,508,Mobile,Electronics,3,25000,500,COMPLETED,Hyderabad,Telangana,NET_BANKING
105250,2026-08-06,106,Ramesh,510,Bookshelf,Furniture,2,12000,1000,CANCELLED,Pune,Maharashtra,UPI
105251,2026-08-18,107,Lakshmi,504,Keyboard,Electronics,2,3000,100,COMPLETED,Chennai,Tamil Nadu,NET_BANKING
105252,2026-08-16,109,Sneha,510,Bookshelf,Furniture,1,12000,0,COMPLETED,Delhi,Delhi,UPI
105253,2026-08-15,108,Arjun,501,Laptop,Electronics,5,60000,0,COMPLETED,Hyderabad,Telangana,NET_BANKING
105254,2026-08-13,106,Ramesh,508,Mobile,Electronics,1,25000,200,COMPLETED,Pune,Maharashtra,NET_BANKING
105255,2026-08-18,110,Vikram,505,Table,Furniture,3,10000,0,CANCELLED,Kolkata,West Bengal,NET_BANKING
105256,2026-08-11,103,Sita,504,Keyboard,Electronics,3,3000,100,COMPLETED,Chennai,Tamil Nadu,CARD
105257,2026-08-06,104,Kumar,508,Mobile,Electronics,5,25000,5000,CANCELLED,Bangalore,Karnataka,NET_BANKING
105258,2026-08-19,107,Lakshmi,508,Mobile,Electronics,5,25000,0,COMPLETED,Chennai,Tamil Nadu,CARD
105259,2026-08-14,101,Ravi,503,Chair,Furniture,3,8000,2000,COMPLETED,Hyderabad,Telangana,COD
105260,2026-08-27,108,Arjun,502,Mouse,Electronics,1,1000,1000,COMPLETED,Hyderabad,Telangana,CARD
105261,2026-08-28,102,Anil,509,Monitor,Electronics,4,20000,0,CANCELLED,Hyderabad,Telangana,NET_BANKING
105262,2026-08-16,102,Anil,501,Laptop,Electronics,5,60000,0,COMPLETED,Hyderabad,Telangana,COD
105263,2026-08-10,102,Anil,502,Mouse,Electronics,4,1000,500,COMPLETED,Hyderabad,Telangana,COD
105264,2026-08-19,102,Anil,502,Mouse,Electronics,5,1000,200,COMPLETED,Hyderabad,Telangana,COD
105265,2026-08-06,106,Ramesh,505,Table,Furniture,3,10000,5000,COMPLETED,Pune,Maharashtra,NET_BANKING
105266,2026-08-16,103,Sita,504,Keyboard,Electronics,4,3000,500,COMPLETED,Chennai,Tamil Nadu,COD
105267,2026-08-02,108,Arjun,501,Laptop,Electronics,4,60000,0,COMPLETED,Hyderabad,Telangana,CARD
105268,2026-08-06,106,Ramesh,504,Keyboard,Electronics,3,3000,0,COMPLETED,Pune,Maharashtra,UPI
105269,2026-08-18,109,Sneha,501,Laptop,Electronics,2,60000,100,COMPLETED,Delhi,Delhi,COD
105270,2026-08-02,110,Vikram,510,Bookshelf,Furniture,5,12000,2000,CANCELLED,Kolkata,West Bengal,COD
105271,2026-08-05,107,Lakshmi,501,Laptop,Electronics,5,60000,2000,COMPLETED,Chennai,Tamil Nadu,CARD
105272,2026-08-27,109,Sneha,504,Keyboard,Electronics,5,3000,1000,COMPLETED,Delhi,Delhi,UPI
105273,2026-08-13,107,Lakshmi,505,Table,Furniture,5,10000,100,COMPLETED,Chennai,Tamil Nadu,UPI
105274,2026-08-22,101,Ravi,504,Keyboard,Electronics,4,3000,0,RETURNED,Hyderabad,Telangana,UPI
105275,2026-08-26,108,Arjun,501,Laptop,Electronics,2,60000,5000,COMPLETED,Hyderabad,Telangana,UPI
105276,2026-08-25,109,Sneha,509,Monitor,Electronics,4,20000,2000,RETURNED,Delhi,Delhi,CARD
105277,2026-08-16,103,Sita,501,Laptop,Electronics,1,60000,200,COMPLETED,Chennai,Tamil Nadu,NET_BANKING
105278,2026-08-22,110,Vikram,503,Chair,Furniture,4,8000,5000,CANCELLED,Kolkata,West Bengal,NET_BANKING
105279,2026-08-28,109,Sneha,508,Mobile,Electronics,4,25000,100,COMPLETED,Delhi,Delhi,COD
105280,2026-08-28,106,Ramesh,501,Laptop,Electronics,4,60000,500,CANCELLED,Pune,Maharashtra,NET_BANKING
105281,2026-08-11,106,Ramesh,507,Desk,Furniture,4,15000,100,COMPLETED,Pune,Maharashtra,COD
105282,2026-08-22,107,Lakshmi,506,Headphones,Electronics,3,5000,0,RETURNED,Chennai,Tamil Nadu,CARD
105283,2026-08-15,109,Sneha,502,Mouse,Electronics,5,1000,500,COMPLETED,Delhi,Delhi,COD
105284,2026-08-01,110,Vikram,506,Headphones,Electronics,1,5000,200,COMPLETED,Kolkata,West Bengal,NET_BANKING
105285,2026-08-02,103,Sita,503,Chair,Furniture,2,8000,2000,COMPLETED,Chennai,Tamil Nadu,COD
105286,2026-08-02,110,Vikram,504,Keyboard,Electronics,2,3000,100,RETURNED,Kolkata,West Bengal,COD
105287,2026-08-06,105,Priya,506,Headphones,Electronics,3,5000,5000,COMPLETED,Mumbai,Maharashtra,CARD
105288,2026-08-30,101,Ravi,510,Bookshelf,Furniture,1,12000,5000,RETURNED,Hyderabad,Telangana,NET_BANKING
105289,2026-08-08,101,Ravi,507,Desk,Furniture,3,15000,0,COMPLETED,Hyderabad,Telangana,NET_BANKING
105290,2026-08-09,103,Sita,503,Chair,Furniture,4,8000,2000,RETURNED,Chennai,Tamil Nadu,COD
105291,2026-08-05,106,Ramesh,502,Mouse,Electronics,3,1000,200,COMPLETED,Pune,Maharashtra,UPI
105292,2026-08-27,101,Ravi,506,Headphones,Electronics,2,5000,2000,CANCELLED,Hyderabad,Telangana,COD
105293,2026-08-07,110,Vikram,504,Keyboard,Electronics,2,3000,5000,COMPLETED,Kolkata,West Bengal,CARD
105294,2026-08-05,104,Kumar,505,Table,Furniture,2,10000,1000,CANCELLED,Bangalore,Karnataka,COD
105295,2026-08-08,103,Sita,509,Monitor,Electronics,4,20000,100,COMPLETED,Chennai,Tamil Nadu,COD
105296,2026-08-11,103,Sita,503,Chair,Furniture,5,8000,200,COMPLETED,Chennai,Tamil Nadu,UPI
105297,2026-08-23,104,Kumar,504,Keyboard,Electronics,4,3000,0,COMPLETED,Bangalore,Karnataka,NET_BANKING
105298,2026-08-09,103,Sita,504,Keyboard,Electronics,1,3000,200,RETURNED,Chennai,Tamil Nadu,COD
105299,2026-08-07,101,Ravi,505,Table,Furniture,2,10000,200,RETURNED,Hyderabad,Telangana,CARD
105300,2026-08-29,102,Anil,509,Monitor,Electronics,5,20000,200,COMPLETED,Hyderabad,Telangana,NET_BANKING
105301,2026-08-21,106,Ramesh,507,Desk,Furniture,1,15000,100,COMPLETED,Pune,Maharashtra,COD
105302,2026-08-09,109,Sneha,501,Laptop,Electronics,4,60000,200,COMPLETED,Delhi,Delhi,UPI
105303,2026-08-26,110,Vikram,509,Monitor,Electronics,3,20000,0,COMPLETED,Kolkata,West Bengal,COD
105304,2026-08-18,110,Vikram,507,Desk,Furniture,1,15000,2000,COMPLETED,Kolkata,West Bengal,NET_BANKING
105305,2026-08-10,106,Ramesh,505,Table,Furniture,2,10000,0,COMPLETED,Pune,Maharashtra,COD
105306,2026-08-15,109,Sneha,504,Keyboard,Electronics,5,3000,100,COMPLETED,Delhi,Delhi,NET_BANKING
105307,2026-08-07,101,Ravi,506,Headphones,Electronics,2,5000,5000,COMPLETED,Hyderabad,Telangana,COD
105308,2026-08-12,109,Sneha,509,Monitor,Electronics,5,20000,200,COMPLETED,Delhi,Delhi,CARD
105309,2026-08-07,109,Sneha,509,Monitor,Electronics,5,20000,0,COMPLETED,Delhi,Delhi,COD
105310,2026-08-15,110,Vikram,510,Bookshelf,Furniture,5,12000,200,CANCELLED,Kolkata,West Bengal,CARD
105311,2026-08-01,102,Anil,506,Headphones,Electronics,2,5000,100,COMPLETED,Hyderabad,Telangana,NET_BANKING
105312,2026-08-31,110,Vikram,507,Desk,Furniture,3,15000,1000,RETURNED,Kolkata,West Bengal,UPI
105313,2026-08-11,101,Ravi,503,Chair,Furniture,1,8000,2000,COMPLETED,Hyderabad,Telangana,COD
105314,2026-08-21,109,Sneha,507,Desk,Furniture,1,15000,2000,COMPLETED,Delhi,Delhi,COD
105315,2026-08-16,104,Kumar,505,Table,Furniture,4,10000,5000,COMPLETED,Bangalore,Karnataka,NET_BANKING
105316,2026-08-22,110,Vikram,510,Bookshelf,Furniture,5,12000,2000,COMPLETED,Kolkata,West Bengal,CARD
105317,2026-08-12,109,Sneha,510,Bookshelf,Furniture,5,12000,0,CANCELLED,Delhi,Delhi,UPI
105318,2026-08-11,104,Kumar,509,Monitor,Electronics,2,20000,500,COMPLETED,Bangalore,Karnataka,COD
105319,2026-08-05,107,Lakshmi,503,Chair,Furniture,1,8000,1000,COMPLETED,Chennai,Tamil Nadu,COD
105320,2026-08-10,104,Kumar,508,Mobile,Electronics,2,25000,2000,COMPLETED,Bangalore,Karnataka,NET_BANKING
105321,2026-08-30,110,Vikram,506,Headphones,Electronics,5,5000,500,COMPLETED,Kolkata,West Bengal,CARD
105322,2026-08-12,109,Sneha,510,Bookshelf,Furniture,3,12000,500,COMPLETED,Delhi,Delhi,NET_BANKING
105323,2026-08-07,107,Lakshmi,506,Headphones,Electronics,1,5000,5000,COMPLETED,Chennai,Tamil Nadu,COD
105324,2026-08-02,104,Kumar,501,Laptop,Electronics,2,60000,0,COMPLETED,Bangalore,Karnataka,CARD
105325,2026-08-13,108,Arjun,504,Keyboard,Electronics,4,3000,200,CANCELLED,Hyderabad,Telangana,CARD
105326,2026-08-22,106,Ramesh,507,Desk,Furniture,4,15000,200,CANCELLED,Pune,Maharashtra,CARD
105327,2026-08-10,103,Sita,504,Keyboard,Electronics,5,3000,5000,COMPLETED,Chennai,Tamil Nadu,CARD
105328,2026-08-14,110,Vikram,502,Mouse,Electronics,4,1000,0,COMPLETED,Kolkata,West Bengal,UPI
105329,2026-08-01,101,Ravi,510,Bookshelf,Furniture,3,12000,2000,COMPLETED,Hyderabad,Telangana,UPI
105330,2026-08-28,108,Arjun,504,Keyboard,Electronics,2,3000,2000,COMPLETED,Hyderabad,Telangana,NET_BANKING
105331,2026-08-29,108,Arjun,509,Monitor,Electronics,5,20000,200,CANCELLED,Hyderabad,Telangana,COD
105332,2026-08-20,109,Sneha,506,Headphones,Electronics,3,5000,500,COMPLETED,Delhi,Delhi,COD
105333,2026-08-26,107,Lakshmi,501,Laptop,Electronics,5,60000,0,COMPLETED,Chennai,Tamil Nadu,CARD
105334,2026-08-30,108,Arjun,502,Mouse,Electronics,4,1000,500,RETURNED,Hyderabad,Telangana,NET_BANKING
105335,2026-08-01,109,Sneha,502,Mouse,Electronics,3,1000,1000,RETURNED,Delhi,Delhi,COD
105336,2026-08-14,104,Kumar,505,Table,Furniture,4,10000,500,COMPLETED,Bangalore,Karnataka,COD
105337,2026-08-18,104,Kumar,504,Keyboard,Electronics,4,3000,0,RETURNED,Bangalore,Karnataka,NET_BANKING
105338,2026-08-31,103,Sita,509,Monitor,Electronics,5,20000,0,COMPLETED,Chennai,Tamil Nadu,NET_BANKING
105339,2026-08-12,107,Lakshmi,507,Desk,Furniture,1,15000,200,COMPLETED,Chennai,Tamil Nadu,NET_BANKING
105340,2026-08-03,108,Arjun,508,Mobile,Electronics,5,25000,200,COMPLETED,Hyderabad,Telangana,NET_BANKING
105341,2026-08-12,104,Kumar,505,Table,Furniture,1,10000,2000,COMPLETED,Bangalore,Karnataka,NET_BANKING
105342,2026-08-17,110,Vikram,504,Keyboard,Electronics,1,3000,2000,COMPLETED,Kolkata,West Bengal,NET_BANKING
105343,2026-08-08,101,Ravi,503,Chair,Furniture,1,8000,2000,COMPLETED,Hyderabad,Telangana,COD
105344,2026-08-09,110,Vikram,503,Chair,Furniture,2,8000,500,RETURNED,Kolkata,West Bengal,CARD
105345,2026-08-17,106,Ramesh,505,Table,Furniture,4,10000,1000,COMPLETED,Pune,Maharashtra,UPI
105346,2026-08-22,103,Sita,502,Mouse,Electronics,3,1000,2000,COMPLETED,Chennai,Tamil Nadu,CARD
105347,2026-08-03,109,Sneha,508,Mobile,Electronics,1,25000,0,COMPLETED,Delhi,Delhi,NET_BANKING
105348,2026-08-20,105,Priya,507,Desk,Furniture,3,15000,2000,COMPLETED,Mumbai,Maharashtra,UPI
105349,2026-08-26,105,Priya,510,Bookshelf,Furniture,1,12000,200,COMPLETED,Mumbai,Maharashtra,COD
105350,2026-08-09,105,Priya,508,Mobile,Electronics,4,25000,2000,CANCELLED,Mumbai,Maharashtra,UPI
105351,2026-08-03,102,Anil,507,Desk,Furniture,2,15000,100,COMPLETED,Hyderabad,Telangana,NET_BANKING
105352,2026-08-24,101,Ravi,504,Keyboard,Electronics,5,3000,2000,CANCELLED,Hyderabad,Telangana,NET_BANKING
105353,2026-08-26,106,Ramesh,509,Monitor,Electronics,4,20000,0,COMPLETED,Pune,Maharashtra,UPI
105354,2026-08-04,101,Ravi,505,Table,Furniture,3,10000,200,COMPLETED,Hyderabad,Telangana,CARD
105355,2026-08-28,106,Ramesh,503,Chair,Furniture,5,8000,2000,CANCELLED,Pune,Maharashtra,COD
105356,2026-08-27,101,Ravi,502,Mouse,Electronics,2,1000,1000,COMPLETED,Hyderabad,Telangana,UPI
105357,2026-08-19,101,Ravi,503,Chair,Furniture,3,8000,5000,COMPLETED,Hyderabad,Telangana,UPI
105358,2026-08-03,102,Anil,501,Laptop,Electronics,2,60000,500,COMPLETED,Hyderabad,Telangana,COD
105359,2026-08-03,102,Anil,509,Monitor,Electronics,3,20000,0,COMPLETED,Hyderabad,Telangana,UPI
105360,2026-08-20,110,Vikram,505,Table,Furniture,5,10000,0,COMPLETED,Kolkata,West Bengal,COD
105361,2026-08-29,106,Ramesh,501,Laptop,Electronics,3,60000,1000,COMPLETED,Pune,Maharashtra,UPI
105362,2026-08-27,110,Vikram,504,Keyboard,Electronics,5,3000,2000,COMPLETED,Kolkata,West Bengal,COD
105363,2026-08-14,102,Anil,509,Monitor,Electronics,4,20000,0,COMPLETED,Hyderabad,Telangana,UPI
105364,2026-08-21,109,Sneha,501,Laptop,Electronics,3,60000,100,COMPLETED,Delhi,Delhi,CARD
105365,2026-08-30,103,Sita,509,Monitor,Electronics,3,20000,0,COMPLETED,Chennai,Tamil Nadu,UPI
105366,2026-08-03,110,Vikram,507,Desk,Furniture,2,15000,200,COMPLETED,Kolkata,West Bengal,CARD
105367,2026-08-09,102,Anil,504,Keyboard,Electronics,5,3000,1000,COMPLETED,Hyderabad,Telangana,CARD
105368,2026-08-28,101,Ravi,510,Bookshelf,Furniture,3,12000,0,CANCELLED,Hyderabad,Telangana,UPI
105369,2026-08-28,104,Kumar,508,Mobile,Electronics,1,25000,5000,COMPLETED,Bangalore,Karnataka,NET_BANKING
105370,2026-08-12,109,Sneha,509,Monitor,Electronics,4,20000,100,CANCELLED,Delhi,Delhi,COD
105371,2026-08-01,105,Priya,509,Monitor,Electronics,4,20000,2000,COMPLETED,Mumbai,Maharashtra,UPI
105372,2026-08-26,103,Sita,507,Desk,Furniture,2,15000,0,COMPLETED,Chennai,Tamil Nadu,CARD
105373,2026-08-19,101,Ravi,507,Desk,Furniture,3,15000,0,COMPLETED,Hyderabad,Telangana,NET_BANKING
105374,2026-08-06,108,Arjun,502,Mouse,Electronics,1,1000,0,COMPLETED,Hyderabad,Telangana,COD
105375,2026-08-18,101,Ravi,502,Mouse,Electronics,1,1000,0,CANCELLED,Hyderabad,Telangana,CARD
105376,2026-08-28,104,Kumar,510,Bookshelf,Furniture,5,12000,200,COMPLETED,Bangalore,Karnataka,UPI
105377,2026-08-12,103,Sita,506,Headphones,Electronics,5,5000,5000,COMPLETED,Chennai,Tamil Nadu,CARD
105378,2026-08-26,101,Ravi,507,Desk,Furniture,2,15000,200,COMPLETED,Hyderabad,Telangana,NET_BANKING
105379,2026-08-14,106,Ramesh,510,Bookshelf,Furniture,5,12000,0,COMPLETED,Pune,Maharashtra,COD
105380,2026-08-25,102,Anil,510,Bookshelf,Furniture,4,12000,0,COMPLETED,Hyderabad,Telangana,NET_BANKING
105381,2026-08-06,101,Ravi,506,Headphones,Electronics,1,5000,0,COMPLETED,Hyderabad,Telangana,UPI
105382,2026-08-01,104,Kumar,507,Desk,Furniture,5,15000,0,COMPLETED,Bangalore,Karnataka,NET_BANKING
105383,2026-08-25,102,Anil,509,Monitor,Electronics,1,20000,500,COMPLETED,Hyderabad,Telangana,COD
105384,2026-08-23,101,Ravi,509,Monitor,Electronics,1,20000,5000,COMPLETED,Hyderabad,Telangana,NET_BANKING
105385,2026-08-27,101,Ravi,509,Monitor,Electronics,2,20000,500,COMPLETED,Hyderabad,Telangana,NET_BANKING
105386,2026-08-19,105,Priya,505,Table,Furniture,3,10000,0,COMPLETED,Mumbai,Maharashtra,UPI
105387,2026-08-27,110,Vikram,506,Headphones,Electronics,5,5000,0,COMPLETED,Kolkata,West Bengal,CARD
105388,2026-08-11,108,Arjun,505,Table,Furniture,4,10000,2000,COMPLETED,Hyderabad,Telangana,CARD
105389,2026-08-30,110,Vikram,509,Monitor,Electronics,3,20000,0,COMPLETED,Kolkata,West Bengal,NET_BANKING
105390,2026-08-09,103,Sita,510,Bookshelf,Furniture,1,12000,500,COMPLETED,Chennai,Tamil Nadu,UPI
105391,2026-08-12,105,Priya,510,Bookshelf,Furniture,4,12000,5000,COMPLETED,Mumbai,Maharashtra,CARD
105392,2026-08-22,106,Ramesh,504,Keyboard,Electronics,5,3000,500,COMPLETED,Pune,Maharashtra,COD
105393,2026-08-03,107,Lakshmi,510,Bookshelf,Furniture,5,12000,1000,COMPLETED,Chennai,Tamil Nadu,UPI
105394,2026-08-31,102,Anil,507,Desk,Furniture,3,15000,5000,COMPLETED,Hyderabad,Telangana,COD
105395,2026-08-10,102,Anil,508,Mobile,Electronics,4,25000,1000,COMPLETED,Hyderabad,Telangana,UPI
105396,2026-08-05,103,Sita,507,Desk,Furniture,5,15000,5000,COMPLETED,Chennai,Tamil Nadu,UPI
105397,2026-08-13,102,Anil,507,Desk,Furniture,2,15000,2000,COMPLETED,Hyderabad,Telangana,UPI
105398,2026-08-20,104,Kumar,505,Table,Furniture,5,10000,100,COMPLETED,Bangalore,Karnataka,COD
105399,2026-08-30,109,Sneha,510,Bookshelf,Furniture,4,12000,5000,COMPLETED,Delhi,Delhi,UPI
105400,2026-08-12,102,Anil,507,Desk,Furniture,4,15000,100,COMPLETED,Hyderabad,Telangana,COD
105401,2026-08-06,105,Priya,501,Laptop,Electronics,1,60000,1000,COMPLETED,Mumbai,Maharashtra,CARD
105402,2026-08-23,104,Kumar,502,Mouse,Electronics,2,1000,1000,COMPLETED,Bangalore,Karnataka,NET_BANKING
105403,2026-08-11,103,Sita,504,Keyboard,Electronics,2,3000,1000,RETURNED,Chennai,Tamil Nadu,COD
105404,2026-08-17,101,Ravi,501,Laptop,Electronics,3,60000,500,COMPLETED,Hyderabad,Telangana,COD
105405,2026-08-06,102,Anil,508,Mobile,Electronics,1,25000,1000,COMPLETED,Hyderabad,Telangana,NET_BANKING
105406,2026-08-21,103,Sita,501,Laptop,Electronics,3,60000,200,COMPLETED,Chennai,Tamil Nadu,CARD
105407,2026-08-24,102,Anil,504,Keyboard,Electronics,1,3000,500,COMPLETED,Hyderabad,Telangana,COD
105408,2026-08-20,101,Ravi,506,Headphones,Electronics,5,5000,200,COMPLETED,Hyderabad,Telangana,CARD
105409,2026-08-05,104,Kumar,503,Chair,Furniture,1,8000,0,COMPLETED,Bangalore,Karnataka,UPI
105410,2026-08-09,103,Sita,510,Bookshelf,Furniture,3,12000,200,CANCELLED,Chennai,Tamil Nadu,UPI
105411,2026-08-09,105,Priya,502,Mouse,Electronics,1,1000,5000,COMPLETED,Mumbai,Maharashtra,CARD
105412,2026-08-22,105,Priya,504,Keyboard,Electronics,4,3000,5000,COMPLETED,Mumbai,Maharashtra,CARD
105413,2026-08-25,105,Priya,501,Laptop,Electronics,2,60000,0,COMPLETED,Mumbai,Maharashtra,COD
105414,2026-08-08,109,Sneha,503,Chair,Furniture,1,8000,200,COMPLETED,Delhi,Delhi,UPI
105415,2026-08-21,109,Sneha,502,Mouse,Electronics,1,1000,0,CANCELLED,Delhi,Delhi,COD
105416,2026-08-06,103,Sita,505,Table,Furniture,4,10000,1000,COMPLETED,Chennai,Tamil Nadu,COD
105417,2026-08-12,104,Kumar,506,Headphones,Electronics,5,5000,5000,COMPLETED,Bangalore,Karnataka,NET_BANKING
105418,2026-08-14,106,Ramesh,503,Chair,Furniture,2,8000,500,COMPLETED,Pune,Maharashtra,CARD
105419,2026-08-27,104,Kumar,508,Mobile,Electronics,2,25000,1000,COMPLETED,Bangalore,Karnataka,NET_BANKING
105420,2026-08-21,103,Sita,503,Chair,Furniture,3,8000,200,COMPLETED,Chennai,Tamil Nadu,UPI
105421,2026-08-17,102,Anil,508,Mobile,Electronics,5,25000,100,COMPLETED,Hyderabad,Telangana,UPI
105422,2026-08-08,106,Ramesh,501,Laptop,Electronics,3,60000,1000,COMPLETED,Pune,Maharashtra,CARD
105423,2026-08-06,109,Sneha,509,Monitor,Electronics,5,20000,5000,COMPLETED,Delhi,Delhi,UPI
105424,2026-08-13,105,Priya,508,Mobile,Electronics,4,25000,2000,COMPLETED,Mumbai,Maharashtra,COD
105425,2026-08-05,101,Ravi,509,Monitor,Electronics,5,20000,5000,COMPLETED,Hyderabad,Telangana,NET_BANKING
105426,2026-08-03,109,Sneha,508,Mobile,Electronics,2,25000,0,COMPLETED,Delhi,Delhi,COD
105427,2026-08-03,106,Ramesh,504,Keyboard,Electronics,2,3000,2000,COMPLETED,Pune,Maharashtra,NET_BANKING
105428,2026-08-04,110,Vikram,504,Keyboard,Electronics,3,3000,100,COMPLETED,Kolkata,West Bengal,CARD
105429,2026-08-16,102,Anil,501,Laptop,Electronics,3,60000,0,COMPLETED,Hyderabad,Telangana,NET_BANKING
105430,2026-08-21,104,Kumar,501,Laptop,Electronics,1,60000,0,COMPLETED,Bangalore,Karnataka,UPI
105431,2026-08-12,105,Priya,505,Table,Furniture,2,10000,2000,COMPLETED,Mumbai,Maharashtra,NET_BANKING
105432,2026-08-09,108,Arjun,505,Table,Furniture,2,10000,200,COMPLETED,Hyderabad,Telangana,COD
105433,2026-08-22,102,Anil,502,Mouse,Electronics,3,1000,200,COMPLETED,Hyderabad,Telangana,CARD
105434,2026-08-30,105,Priya,510,Bookshelf,Furniture,4,12000,100,COMPLETED,Mumbai,Maharashtra,COD
105435,2026-08-01,110,Vikram,508,Mobile,Electronics,1,25000,0,RETURNED,Kolkata,West Bengal,UPI
105436,2026-08-08,104,Kumar,505,Table,Furniture,3,10000,500,COMPLETED,Bangalore,Karnataka,COD
105437,2026-08-23,106,Ramesh,509,Monitor,Electronics,3,20000,2000,COMPLETED,Pune,Maharashtra,UPI
105438,2026-08-17,109,Sneha,509,Monitor,Electronics,1,20000,5000,COMPLETED,Delhi,Delhi,COD
105439,2026-08-04,101,Ravi,503,Chair,Furniture,3,8000,100,COMPLETED,Hyderabad,Telangana,NET_BANKING
105440,2026-08-14,104,Kumar,508,Mobile,Electronics,2,25000,100,COMPLETED,Bangalore,Karnataka,NET_BANKING
105441,2026-08-31,110,Vikram,501,Laptop,Electronics,2,60000,200,COMPLETED,Kolkata,West Bengal,CARD
105442,2026-08-08,103,Sita,503,Chair,Furniture,5,8000,1000,COMPLETED,Chennai,Tamil Nadu,UPI
105443,2026-08-10,108,Arjun,501,Laptop,Electronics,4,60000,200,CANCELLED,Hyderabad,Telangana,UPI
105444,2026-08-07,105,Priya,509,Monitor,Electronics,4,20000,5000,COMPLETED,Mumbai,Maharashtra,COD
105445,2026-08-09,108,Arjun,508,Mobile,Electronics,1,25000,5000,COMPLETED,Hyderabad,Telangana,CARD
105446,2026-08-14,107,Lakshmi,507,Desk,Furniture,3,15000,2000,COMPLETED,Chennai,Tamil Nadu,UPI
105447,2026-08-31,108,Arjun,507,Desk,Furniture,2,15000,100,COMPLETED,Hyderabad,Telangana,CARD
105448,2026-08-26,102,Anil,503,Chair,Furniture,5,8000,100,COMPLETED,Hyderabad,Telangana,CARD
105449,2026-08-28,109,Sneha,507,Desk,Furniture,5,15000,100,COMPLETED,Delhi,Delhi,NET_BANKING
105450,2026-08-14,108,Arjun,503,Chair,Furniture,3,8000,200,COMPLETED,Hyderabad,Telangana,CARD
105451,2026-08-30,104,Kumar,501,Laptop,Electronics,3,60000,1000,COMPLETED,Bangalore,Karnataka,COD
105452,2026-08-22,110,Vikram,503,Chair,Furniture,1,8000,2000,COMPLETED,Kolkata,West Bengal,COD
105453,2026-08-18,101,Ravi,505,Table,Furniture,3,10000,200,COMPLETED,Hyderabad,Telangana,CARD
105454,2026-08-21,104,Kumar,505,Table,Furniture,3,10000,200,COMPLETED,Bangalore,Karnataka,NET_BANKING
105455,2026-08-03,110,Vikram,509,Monitor,Electronics,1,20000,500,COMPLETED,Kolkata,West Bengal,NET_BANKING
105456,2026-08-31,102,Anil,503,Chair,Furniture,3,8000,100,COMPLETED,Hyderabad,Telangana,UPI
105457,2026-08-15,107,Lakshmi,504,Keyboard,Electronics,5,3000,0,COMPLETED,Chennai,Tamil Nadu,UPI
105458,2026-08-23,105,Priya,509,Monitor,Electronics,2,20000,2000,COMPLETED,Mumbai,Maharashtra,UPI
105459,2026-08-24,102,Anil,507,Desk,Furniture,3,15000,1000,COMPLETED,Hyderabad,Telangana,NET_BANKING
105460,2026-08-06,110,Vikram,505,Table,Furniture,1,10000,200,COMPLETED,Kolkata,West Bengal,CARD
105461,2026-08-25,102,Anil,504,Keyboard,Electronics,4,3000,200,CANCELLED,Hyderabad,Telangana,COD
105462,2026-08-16,106,Ramesh,510,Bookshelf,Furniture,2,12000,5000,COMPLETED,Pune,Maharashtra,COD
105463,2026-08-16,107,Lakshmi,509,Monitor,Electronics,4,20000,5000,COMPLETED,Chennai,Tamil Nadu,CARD
105464,2026-08-14,106,Ramesh,509,Monitor,Electronics,1,20000,200,RETURNED,Pune,Maharashtra,NET_BANKING
105465,2026-08-09,102,Anil,508,Mobile,Electronics,5,25000,0,COMPLETED,Hyderabad,Telangana,NET_BANKING
105466,2026-08-01,104,Kumar,509,Monitor,Electronics,5,20000,500,COMPLETED,Bangalore,Karnataka,COD
105467,2026-08-07,108,Arjun,503,Chair,Furniture,2,8000,0,CANCELLED,Hyderabad,Telangana,COD
105468,2026-08-12,107,Lakshmi,502,Mouse,Electronics,1,1000,0,COMPLETED,Chennai,Tamil Nadu,UPI
105469,2026-08-20,102,Anil,504,Keyboard,Electronics,1,3000,1000,COMPLETED,Hyderabad,Telangana,UPI
105470,2026-08-06,105,Priya,505,Table,Furniture,2,10000,2000,COMPLETED,Mumbai,Maharashtra,COD
105471,2026-08-25,110,Vikram,503,Chair,Furniture,1,8000,500,COMPLETED,Kolkata,West Bengal,UPI
105472,2026-08-28,102,Anil,501,Laptop,Electronics,5,60000,2000,COMPLETED,Hyderabad,Telangana,COD
105473,2026-08-23,105,Priya,508,Mobile,Electronics,5,25000,0,COMPLETED,Mumbai,Maharashtra,UPI
105474,2026-08-08,106,Ramesh,508,Mobile,Electronics,5,25000,0,COMPLETED,Pune,Maharashtra,COD
105475,2026-08-13,110,Vikram,510,Bookshelf,Furniture,4,12000,200,COMPLETED,Kolkata,West Bengal,COD
105476,2026-08-19,103,Sita,501,Laptop,Electronics,4,60000,0,COMPLETED,Chennai,Tamil Nadu,CARD
105477,2026-08-06,104,Kumar,508,Mobile,Electronics,4,25000,500,COMPLETED,Bangalore,Karnataka,CARD
105478,2026-08-17,101,Ravi,506,Headphones,Electronics,4,5000,5000,COMPLETED,Hyderabad,Telangana,NET_BANKING
105479,2026-08-16,106,Ramesh,510,Bookshelf,Furniture,1,12000,1000,COMPLETED,Pune,Maharashtra,COD
105480,2026-08-06,110,Vikram,504,Keyboard,Electronics,4,3000,5000,COMPLETED,Kolkata,West Bengal,UPI
105481,2026-08-10,102,Anil,506,Headphones,Electronics,5,5000,0,COMPLETED,Hyderabad,Telangana,COD
105482,2026-08-24,104,Kumar,503,Chair,Furniture,4,8000,0,COMPLETED,Bangalore,Karnataka,COD
105483,2026-08-14,109,Sneha,506,Headphones,Electronics,5,5000,2000,RETURNED,Delhi,Delhi,UPI
105484,2026-08-11,101,Ravi,509,Monitor,Electronics,5,20000,5000,COMPLETED,Hyderabad,Telangana,NET_BANKING
105485,2026-08-31,109,Sneha,507,Desk,Furniture,4,15000,500,COMPLETED,Delhi,Delhi,CARD
105486,2026-08-09,107,Lakshmi,505,Table,Furniture,4,10000,0,COMPLETED,Chennai,Tamil Nadu,COD
105487,2026-08-16,104,Kumar,503,Chair,Furniture,4,8000,5000,COMPLETED,Bangalore,Karnataka,COD
105488,2026-08-13,106,Ramesh,510,Bookshelf,Furniture,3,12000,1000,COMPLETED,Pune,Maharashtra,COD
105489,2026-08-20,107,Lakshmi,507,Desk,Furniture,3,15000,500,COMPLETED,Chennai,Tamil Nadu,UPI
105490,2026-08-27,106,Ramesh,506,Headphones,Electronics,2,5000,500,COMPLETED,Pune,Maharashtra,NET_BANKING
105491,2026-08-23,106,Ramesh,501,Laptop,Electronics,2,60000,500,COMPLETED,Pune,Maharashtra,NET_BANKING
105492,2026-08-16,104,Kumar,508,Mobile,Electronics,2,25000,0,COMPLETED,Bangalore,Karnataka,NET_BANKING
105493,2026-08-13,109,Sneha,510,Bookshelf,Furniture,3,12000,200,COMPLETED,Delhi,Delhi,NET_BANKING
105494,2026-08-08,106,Ramesh,501,Laptop,Electronics,4,60000,1000,COMPLETED,Pune,Maharashtra,UPI
105495,2026-08-01,108,Arjun,509,Monitor,Electronics,3,20000,200,COMPLETED,Hyderabad,Telangana,CARD
105496,2026-08-12,104,Kumar,509,Monitor,Electronics,4,20000,200,COMPLETED,Bangalore,Karnataka,UPI
105497,2026-08-20,104,Kumar,507,Desk,Furniture,4,15000,500,CANCELLED,Bangalore,Karnataka,UPI
105498,2026-08-16,105,Priya,501,Laptop,Electronics,2,60000,5000,COMPLETED,Mumbai,Maharashtra,UPI
105499,2026-08-12,105,Priya,502,Mouse,Electronics,1,1000,2000,COMPLETED,Mumbai,Maharashtra,CARD
105500,2026-08-11,105,Priya,501,Laptop,Electronics,1,60000,0,CANCELLED,Mumbai,Maharashtra,CARD
105501,2026-08-17,107,Lakshmi,506,Headphones,Electronics,2,5000,5000,COMPLETED,Chennai,Tamil Nadu,COD
105502,2026-08-29,104,Kumar,504,Keyboard,Electronics,3,3000,2000,COMPLETED,Bangalore,Karnataka,NET_BANKING
105503,2026-08-23,107,Lakshmi,505,Table,Furniture,4,10000,2000,RETURNED,Chennai,Tamil Nadu,UPI
105504,2026-08-28,104,Kumar,504,Keyboard,Electronics,2,3000,5000,COMPLETED,Bangalore,Karnataka,COD
105505,2026-08-11,105,Priya,502,Mouse,Electronics,5,1000,100,COMPLETED,Mumbai,Maharashtra,NET_BANKING
105506,2026-08-29,102,Anil,501,Laptop,Electronics,1,60000,0,COMPLETED,Hyderabad,Telangana,COD
105507,2026-08-16,107,Lakshmi,501,Laptop,Electronics,5,60000,0,CANCELLED,Chennai,Tamil Nadu,NET_BANKING
105508,2026-08-10,102,Anil,507,Desk,Furniture,5,15000,500,COMPLETED,Hyderabad,Telangana,COD
105509,2026-08-21,108,Arjun,510,Bookshelf,Furniture,4,12000,200,COMPLETED,Hyderabad,Telangana,CARD
105510,2026-08-14,104,Kumar,501,Laptop,Electronics,1,60000,500,COMPLETED,Bangalore,Karnataka,CARD
105511,2026-08-28,106,Ramesh,508,Mobile,Electronics,3,25000,500,CANCELLED,Pune,Maharashtra,COD
105512,2026-08-07,109,Sneha,510,Bookshelf,Furniture,3,12000,0,COMPLETED,Delhi,Delhi,CARD
105513,2026-08-06,107,Lakshmi,501,Laptop,Electronics,4,60000,0,CANCELLED,Chennai,Tamil Nadu,COD
105514,2026-08-11,109,Sneha,508,Mobile,Electronics,4,25000,5000,COMPLETED,Delhi,Delhi,COD
105515,2026-08-22,102,Anil,509,Monitor,Electronics,1,20000,100,COMPLETED,Hyderabad,Telangana,CARD
105516,2026-08-30,104,Kumar,507,Desk,Furniture,1,15000,200,COMPLETED,Bangalore,Karnataka,UPI
105517,2026-08-16,103,Sita,504,Keyboard,Electronics,4,3000,500,COMPLETED,Chennai,Tamil Nadu,NET_BANKING
105518,2026-08-30,102,Anil,504,Keyboard,Electronics,2,3000,5000,COMPLETED,Hyderabad,Telangana,COD
105519,2026-08-30,101,Ravi,506,Headphones,Electronics,5,5000,0,COMPLETED,Hyderabad,Telangana,UPI
105520,2026-08-28,101,Ravi,507,Desk,Furniture,3,15000,0,COMPLETED,Hyderabad,Telangana,COD
105521,2026-08-16,105,Priya,501,Laptop,Electronics,1,60000,5000,COMPLETED,Mumbai,Maharashtra,CARD
105522,2026-08-15,109,Sneha,505,Table,Furniture,5,10000,500,COMPLETED,Delhi,Delhi,CARD
105523,2026-08-09,101,Ravi,504,Keyboard,Electronics,5,3000,1000,COMPLETED,Hyderabad,Telangana,CARD
105524,2026-08-22,107,Lakshmi,506,Headphones,Electronics,3,5000,0,COMPLETED,Chennai,Tamil Nadu,NET_BANKING
105525,2026-08-16,110,Vikram,503,Chair,Furniture,2,8000,0,COMPLETED,Kolkata,West Bengal,UPI
105526,2026-08-28,104,Kumar,502,Mouse,Electronics,4,1000,200,COMPLETED,Bangalore,Karnataka,COD
105527,2026-08-24,105,Priya,504,Keyboard,Electronics,1,3000,2000,COMPLETED,Mumbai,Maharashtra,NET_BANKING
105528,2026-08-27,110,Vikram,509,Monitor,Electronics,3,20000,500,COMPLETED,Kolkata,West Bengal,UPI
105529,2026-08-22,109,Sneha,509,Monitor,Electronics,5,20000,1000,RETURNED,Delhi,Delhi,CARD
105530,2026-08-06,101,Ravi,504,Keyboard,Electronics,1,3000,5000,COMPLETED,Hyderabad,Telangana,NET_BANKING
105531,2026-08-28,107,Lakshmi,501,Laptop,Electronics,3,60000,100,COMPLETED,Chennai,Tamil Nadu,UPI
105532,2026-08-06,102,Anil,506,Headphones,Electronics,2,5000,0,COMPLETED,Hyderabad,Telangana,COD
105533,2026-08-08,107,Lakshmi,504,Keyboard,Electronics,1,3000,100,COMPLETED,Chennai,Tamil Nadu,NET_BANKING
105534,2026-08-09,107,Lakshmi,506,Headphones,Electronics,1,5000,200,COMPLETED,Chennai,Tamil Nadu,COD
105535,2026-08-04,110,Vikram,510,Bookshelf,Furniture,3,12000,500,COMPLETED,Kolkata,West Bengal,CARD
105536,2026-08-30,108,Arjun,504,Keyboard,Electronics,2,3000,0,COMPLETED,Hyderabad,Telangana,CARD
105537,2026-08-07,110,Vikram,506,Headphones,Electronics,1,5000,1000,COMPLETED,Kolkata,West Bengal,UPI
105538,2026-08-07,105,Priya,503,Chair,Furniture,1,8000,100,CANCELLED,Mumbai,Maharashtra,UPI
105539,2026-08-05,107,Lakshmi,509,Monitor,Electronics,1,20000,500,COMPLETED,Chennai,Tamil Nadu,UPI
105540,2026-08-08,101,Ravi,510,Bookshelf,Furniture,1,12000,1000,COMPLETED,Hyderabad,Telangana,NET_BANKING
105541,2026-08-30,108,Arjun,504,Keyboard,Electronics,5,3000,1000,COMPLETED,Hyderabad,Telangana,COD
105542,2026-08-29,110,Vikram,508,Mobile,Electronics,2,25000,100,COMPLETED,Kolkata,West Bengal,NET_BANKING
105543,2026-08-17,106,Ramesh,504,Keyboard,Electronics,1,3000,1000,COMPLETED,Pune,Maharashtra,CARD
105544,2026-08-28,108,Arjun,503,Chair,Furniture,2,8000,100,COMPLETED,Hyderabad,Telangana,NET_BANKING
105545,2026-08-12,103,Sita,510,Bookshelf,Furniture,1,12000,1000,COMPLETED,Chennai,Tamil Nadu,NET_BANKING
105546,2026-08-22,106,Ramesh,508,Mobile,Electronics,4,25000,0,COMPLETED,Pune,Maharashtra,NET_BANKING
105547,2026-08-08,110,Vikram,501,Laptop,Electronics,1,60000,0,COMPLETED,Kolkata,West Bengal,COD
105548,2026-08-28,110,Vikram,506,Headphones,Electronics,3,5000,500,CANCELLED,Kolkata,West Bengal,COD
105549,2026-08-22,107,Lakshmi,502,Mouse,Electronics,3,1000,0,CANCELLED,Chennai,Tamil Nadu,NET_BANKING
105550,2026-08-10,109,Sneha,509,Monitor,Electronics,5,20000,0,CANCELLED,Delhi,Delhi,NET_BANKING
105551,2026-08-19,101,Ravi,509,Monitor,Electronics,2,20000,500,COMPLETED,Hyderabad,Telangana,COD
105552,2026-08-08,105,Priya,501,Laptop,Electronics,3,60000,0,COMPLETED,Mumbai,Maharashtra,COD
105553,2026-08-12,110,Vikram,506,Headphones,Electronics,3,5000,200,COMPLETED,Kolkata,West Bengal,NET_BANKING
105554,2026-08-03,109,Sneha,509,Monitor,Electronics,1,20000,100,COMPLETED,Delhi,Delhi,CARD
105555,2026-08-25,108,Arjun,508,Mobile,Electronics,3,25000,500,COMPLETED,Hyderabad,Telangana,COD
105556,2026-08-09,108,Arjun,508,Mobile,Electronics,3,25000,100,COMPLETED,Hyderabad,Telangana,NET_BANKING
105557,2026-08-07,102,Anil,503,Chair,Furniture,5,8000,5000,COMPLETED,Hyderabad,Telangana,NET_BANKING
105558,2026-08-16,110,Vikram,504,Keyboard,Electronics,5,3000,5000,COMPLETED,Kolkata,West Bengal,UPI
105559,2026-08-02,101,Ravi,508,Mobile,Electronics,3,25000,1000,COMPLETED,Hyderabad,Telangana,NET_BANKING
105560,2026-08-19,109,Sneha,505,Table,Furniture,4,10000,5000,COMPLETED,Delhi,Delhi,UPI
105561,2026-08-05,107,Lakshmi,507,Desk,Furniture,2,15000,1000,COMPLETED,Chennai,Tamil Nadu,COD
105562,2026-08-11,102,Anil,503,Chair,Furniture,3,8000,200,COMPLETED,Hyderabad,Telangana,UPI
105563,2026-08-14,103,Sita,508,Mobile,Electronics,4,25000,500,COMPLETED,Chennai,Tamil Nadu,UPI
105564,2026-08-04,107,Lakshmi,505,Table,Furniture,2,10000,100,COMPLETED,Chennai,Tamil Nadu,CARD
105565,2026-08-12,108,Arjun,507,Desk,Furniture,2,15000,0,COMPLETED,Hyderabad,Telangana,NET_BANKING
105566,2026-08-09,102,Anil,504,Keyboard,Electronics,1,3000,5000,COMPLETED,Hyderabad,Telangana,UPI
105567,2026-08-10,101,Ravi,506,Headphones,Electronics,3,5000,1000,COMPLETED,Hyderabad,Telangana,CARD
105568,2026-08-12,105,Priya,506,Headphones,Electronics,5,5000,1000,COMPLETED,Mumbai,Maharashtra,COD
105569,2026-08-14,103,Sita,502,Mouse,Electronics,5,1000,200,COMPLETED,Chennai,Tamil Nadu,NET_BANKING
105570,2026-08-14,108,Arjun,507,Desk,Furniture,5,15000,0,COMPLETED,Hyderabad,Telangana,NET_BANKING
105571,2026-08-26,101,Ravi,505,Table,Furniture,5,10000,0,COMPLETED,Hyderabad,Telangana,COD
105572,2026-08-07,101,Ravi,505,Table,Furniture,1,10000,5000,COMPLETED,Hyderabad,Telangana,NET_BANKING
105573,2026-08-18,106,Ramesh,508,Mobile,Electronics,3,25000,100,COMPLETED,Pune,Maharashtra,COD
105574,2026-08-08,110,Vikram,504,Keyboard,Electronics,4,3000,2000,COMPLETED,Kolkata,West Bengal,CARD
105575,2026-08-02,102,Anil,507,Desk,Furniture,5,15000,1000,COMPLETED,Hyderabad,Telangana,UPI
105576,2026-08-12,102,Anil,501,Laptop,Electronics,3,60000,200,COMPLETED,Hyderabad,Telangana,UPI
105577,2026-08-12,102,Anil,502,Mouse,Electronics,2,1000,100,COMPLETED,Hyderabad,Telangana,CARD
105578,2026-08-02,107,Lakshmi,505,Table,Furniture,1,10000,200,CANCELLED,Chennai,Tamil Nadu,CARD
105579,2026-08-14,104,Kumar,510,Bookshelf,Furniture,2,12000,5000,COMPLETED,Bangalore,Karnataka,UPI
105580,2026-08-22,103,Sita,501,Laptop,Electronics,2,60000,5000,COMPLETED,Chennai,Tamil Nadu,CARD
105581,2026-08-18,102,Anil,509,Monitor,Electronics,5,20000,200,COMPLETED,Hyderabad,Telangana,NET_BANKING
105582,2026-08-17,105,Priya,508,Mobile,Electronics,1,25000,2000,RETURNED,Mumbai,Maharashtra,COD
105583,2026-08-08,107,Lakshmi,507,Desk,Furniture,3,15000,100,CANCELLED,Chennai,Tamil Nadu,UPI
105584,2026-08-10,109,Sneha,504,Keyboard,Electronics,5,3000,0,COMPLETED,Delhi,Delhi,NET_BANKING
105585,2026-08-14,103,Sita,507,Desk,Furniture,3,15000,5000,COMPLETED,Chennai,Tamil Nadu,CARD
105586,2026-08-09,107,Lakshmi,505,Table,Furniture,1,10000,500,COMPLETED,Chennai,Tamil Nadu,CARD
105587,2026-08-20,103,Sita,508,Mobile,Electronics,4,25000,2000,COMPLETED,Chennai,Tamil Nadu,COD
105588,2026-08-17,110,Vikram,506,Headphones,Electronics,1,5000,5000,COMPLETED,Kolkata,West Bengal,NET_BANKING
105589,2026-08-19,105,Priya,510,Bookshelf,Furniture,2,12000,500,COMPLETED,Mumbai,Maharashtra,COD
105590,2026-08-30,102,Anil,505,Table,Furniture,3,10000,2000,COMPLETED,Hyderabad,Telangana,CARD
105591,2026-08-23,110,Vikram,510,Bookshelf,Furniture,3,12000,200,COMPLETED,Kolkata,West Bengal,NET_BANKING
105592,2026-08-13,106,Ramesh,507,Desk,Furniture,3,15000,100,COMPLETED,Pune,Maharashtra,NET_BANKING
105593,2026-08-21,101,Ravi,503,Chair,Furniture,4,8000,0,COMPLETED,Hyderabad,Telangana,COD
105594,2026-08-13,105,Priya,510,Bookshelf,Furniture,4,12000,2000,CANCELLED,Mumbai,Maharashtra,UPI
105595,2026-08-06,102,Anil,509,Monitor,Electronics,2,20000,100,COMPLETED,Hyderabad,Telangana,CARD
105596,2026-08-18,105,Priya,507,Desk,Furniture,4,15000,100,COMPLETED,Mumbai,Maharashtra,UPI
105597,2026-08-07,104,Kumar,508,Mobile,Electronics,2,25000,5000,CANCELLED,Bangalore,Karnataka,NET_BANKING
105598,2026-08-22,101,Ravi,507,Desk,Furniture,1,15000,200,COMPLETED,Hyderabad,Telangana,COD
105599,2026-08-23,108,Arjun,505,Table,Furniture,5,10000,1000,COMPLETED,Hyderabad,Telangana,CARD
105600,2026-08-26,101,Ravi,505,Table,Furniture,3,10000,1000,COMPLETED,Hyderabad,Telangana,COD
105601,2026-08-22,106,Ramesh,508,Mobile,Electronics,4,25000,1000,COMPLETED,Pune,Maharashtra,COD
105602,2026-08-02,109,Sneha,501,Laptop,Electronics,3,60000,1000,COMPLETED,Delhi,Delhi,CARD
105603,2026-08-21,107,Lakshmi,508,Mobile,Electronics,4,25000,500,COMPLETED,Chennai,Tamil Nadu,NET_BANKING
105604,2026-08-07,110,Vikram,505,Table,Furniture,4,10000,200,COMPLETED,Kolkata,West Bengal,COD
105605,2026-08-14,101,Ravi,506,Headphones,Electronics,1,5000,500,COMPLETED,Hyderabad,Telangana,NET_BANKING
105606,2026-08-26,104,Kumar,505,Table,Furniture,3,10000,100,COMPLETED,Bangalore,Karnataka,UPI
105607,2026-08-03,105,Priya,503,Chair,Furniture,5,8000,2000,COMPLETED,Mumbai,Maharashtra,NET_BANKING
105608,2026-08-28,108,Arjun,502,Mouse,Electronics,3,1000,100,COMPLETED,Hyderabad,Telangana,CARD
105609,2026-08-21,106,Ramesh,502,Mouse,Electronics,5,1000,0,COMPLETED,Pune,Maharashtra,NET_BANKING
105610,2026-08-14,101,Ravi,506,Headphones,Electronics,3,5000,0,COMPLETED,Hyderabad,Telangana,CARD
105611,2026-08-11,106,Ramesh,509,Monitor,Electronics,1,20000,0,COMPLETED,Pune,Maharashtra,NET_BANKING
105612,2026-08-27,104,Kumar,503,Chair,Furniture,2,8000,5000,COMPLETED,Bangalore,Karnataka,COD
105613,2026-08-28,104,Kumar,503,Chair,Furniture,4,8000,0,RETURNED,Bangalore,Karnataka,NET_BANKING
105614,2026-08-07,103,Sita,504,Keyboard,Electronics,5,3000,0,COMPLETED,Chennai,Tamil Nadu,COD
105615,2026-08-20,101,Ravi,509,Monitor,Electronics,1,20000,5000,COMPLETED,Hyderabad,Telangana,UPI
105616,2026-08-05,106,Ramesh,503,Chair,Furniture,5,8000,0,COMPLETED,Pune,Maharashtra,NET_BANKING
105617,2026-08-29,106,Ramesh,508,Mobile,Electronics,3,25000,2000,COMPLETED,Pune,Maharashtra,UPI
105618,2026-08-16,106,Ramesh,503,Chair,Furniture,1,8000,100,COMPLETED,Pune,Maharashtra,COD
105619,2026-08-26,102,Anil,502,Mouse,Electronics,3,1000,200,COMPLETED,Hyderabad,Telangana,CARD
105620,2026-08-31,101,Ravi,505,Table,Furniture,1,10000,5000,COMPLETED,Hyderabad,Telangana,NET_BANKING
105621,2026-08-02,102,Anil,504,Keyboard,Electronics,4,3000,0,COMPLETED,Hyderabad,Telangana,CARD
105622,2026-08-13,103,Sita,502,Mouse,Electronics,5,1000,5000,COMPLETED,Chennai,Tamil Nadu,NET_BANKING
105623,2026-08-04,104,Kumar,508,Mobile,Electronics,3,25000,5000,COMPLETED,Bangalore,Karnataka,CARD
105624,2026-08-08,101,Ravi,505,Table,Furniture,1,10000,100,COMPLETED,Hyderabad,Telangana,NET_BANKING
105625,2026-08-06,104,Kumar,502,Mouse,Electronics,4,1000,2000,COMPLETED,Bangalore,Karnataka,NET_BANKING
105626,2026-08-06,107,Lakshmi,501,Laptop,Electronics,2,60000,200,COMPLETED,Chennai,Tamil Nadu,UPI
105627,2026-08-11,107,Lakshmi,506,Headphones,Electronics,5,5000,0,COMPLETED,Chennai,Tamil Nadu,CARD
105628,2026-08-11,105,Priya,508,Mobile,Electronics,3,25000,1000,COMPLETED,Mumbai,Maharashtra,COD
105629,2026-08-29,108,Arjun,503,Chair,Furniture,1,8000,200,COMPLETED,Hyderabad,Telangana,COD
105630,2026-08-15,101,Ravi,503,Chair,Furniture,3,8000,0,COMPLETED,Hyderabad,Telangana,UPI
105631,2026-08-18,106,Ramesh,507,Desk,Furniture,4,15000,0,COMPLETED,Pune,Maharashtra,UPI
105632,2026-08-31,106,Ramesh,508,Mobile,Electronics,1,25000,0,COMPLETED,Pune,Maharashtra,UPI
105633,2026-08-28,109,Sneha,502,Mouse,Electronics,4,1000,5000,CANCELLED,Delhi,Delhi,CARD
105634,2026-08-12,103,Sita,504,Keyboard,Electronics,2,3000,200,RETURNED,Chennai,Tamil Nadu,CARD
105635,2026-08-09,101,Ravi,506,Headphones,Electronics,5,5000,500,CANCELLED,Hyderabad,Telangana,NET_BANKING
105636,2026-08-11,102,Anil,507,Desk,Furniture,4,15000,0,COMPLETED,Hyderabad,Telangana,NET_BANKING
105637,2026-08-28,104,Kumar,503,Chair,Furniture,1,8000,200,COMPLETED,Bangalore,Karnataka,CARD
105638,2026-08-13,105,Priya,503,Chair,Furniture,3,8000,2000,RETURNED,Mumbai,Maharashtra,NET_BANKING
105639,2026-08-19,106,Ramesh,502,Mouse,Electronics,1,1000,100,CANCELLED,Pune,Maharashtra,UPI
105640,2026-08-28,105,Priya,502,Mouse,Electronics,1,1000,1000,CANCELLED,Mumbai,Maharashtra,NET_BANKING
105641,2026-08-02,109,Sneha,509,Monitor,Electronics,3,20000,0,COMPLETED,Delhi,Delhi,CARD
105642,2026-08-13,104,Kumar,505,Table,Furniture,3,10000,200,COMPLETED,Bangalore,Karnataka,COD
105643,2026-08-01,104,Kumar,504,Keyboard,Electronics,3,3000,5000,CANCELLED,Bangalore,Karnataka,NET_BANKING
105644,2026-08-15,105,Priya,504,Keyboard,Electronics,1,3000,0,COMPLETED,Mumbai,Maharashtra,NET_BANKING
105645,2026-08-25,102,Anil,507,Desk,Furniture,3,15000,200,COMPLETED,Hyderabad,Telangana,COD
105646,2026-08-04,101,Ravi,503,Chair,Furniture,4,8000,0,RETURNED,Hyderabad,Telangana,NET_BANKING
105647,2026-08-04,108,Arjun,501,Laptop,Electronics,2,60000,1000,CANCELLED,Hyderabad,Telangana,CARD
105648,2026-08-28,109,Sneha,504,Keyboard,Electronics,2,3000,5000,COMPLETED,Delhi,Delhi,COD
105649,2026-08-13,109,Sneha,506,Headphones,Electronics,5,5000,0,COMPLETED,Delhi,Delhi,COD
105650,2026-08-12,110,Vikram,508,Mobile,Electronics,1,25000,1000,COMPLETED,Kolkata,West Bengal,UPI
105651,2026-08-31,108,Arjun,504,Keyboard,Electronics,5,3000,200,COMPLETED,Hyderabad,Telangana,UPI
105652,2026-08-24,101,Ravi,506,Headphones,Electronics,3,5000,0,RETURNED,Hyderabad,Telangana,COD
105653,2026-08-07,110,Vikram,509,Monitor,Electronics,2,20000,0,COMPLETED,Kolkata,West Bengal,CARD
105654,2026-08-21,107,Lakshmi,505,Table,Furniture,4,10000,0,COMPLETED,Chennai,Tamil Nadu,NET_BANKING
105655,2026-08-13,105,Priya,501,Laptop,Electronics,3,60000,500,COMPLETED,Mumbai,Maharashtra,CARD
105656,2026-08-07,106,Ramesh,510,Bookshelf,Furniture,3,12000,5000,COMPLETED,Pune,Maharashtra,COD
105657,2026-08-01,107,Lakshmi,506,Headphones,Electronics,5,5000,500,COMPLETED,Chennai,Tamil Nadu,CARD
105658,2026-08-18,101,Ravi,508,Mobile,Electronics,3,25000,2000,COMPLETED,Hyderabad,Telangana,CARD
105659,2026-08-19,108,Arjun,502,Mouse,Electronics,2,1000,2000,COMPLETED,Hyderabad,Telangana,CARD
105660,2026-08-04,107,Lakshmi,502,Mouse,Electronics,5,1000,2000,COMPLETED,Chennai,Tamil Nadu,UPI
105661,2026-08-20,102,Anil,501,Laptop,Electronics,2,60000,2000,COMPLETED,Hyderabad,Telangana,UPI
105662,2026-08-28,110,Vikram,505,Table,Furniture,5,10000,0,COMPLETED,Kolkata,West Bengal,UPI
105663,2026-08-02,108,Arjun,501,Laptop,Electronics,2,60000,100,COMPLETED,Hyderabad,Telangana,COD
105664,2026-08-01,103,Sita,509,Monitor,Electronics,3,20000,5000,COMPLETED,Chennai,Tamil Nadu,COD
105665,2026-08-03,108,Arjun,501,Laptop,Electronics,3,60000,5000,COMPLETED,Hyderabad,Telangana,COD
105666,2026-08-29,109,Sneha,503,Chair,Furniture,1,8000,0,COMPLETED,Delhi,Delhi,NET_BANKING
105667,2026-08-30,107,Lakshmi,510,Bookshelf,Furniture,4,12000,500,COMPLETED,Chennai,Tamil Nadu,UPI
105668,2026-08-07,108,Arjun,508,Mobile,Electronics,3,25000,1000,COMPLETED,Hyderabad,Telangana,UPI
105669,2026-08-05,110,Vikram,503,Chair,Furniture,1,8000,1000,COMPLETED,Kolkata,West Bengal,CARD
105670,2026-08-08,106,Ramesh,507,Desk,Furniture,5,15000,5000,COMPLETED,Pune,Maharashtra,CARD
105671,2026-08-02,106,Ramesh,501,Laptop,Electronics,4,60000,1000,COMPLETED,Pune,Maharashtra,COD
105672,2026-08-29,108,Arjun,505,Table,Furniture,5,10000,2000,COMPLETED,Hyderabad,Telangana,COD
105673,2026-08-18,104,Kumar,506,Headphones,Electronics,1,5000,100,CANCELLED,Bangalore,Karnataka,UPI
105674,2026-08-09,108,Arjun,508,Mobile,Electronics,5,25000,5000,COMPLETED,Hyderabad,Telangana,COD
105675,2026-08-08,108,Arjun,510,Bookshelf,Furniture,3,12000,1000,COMPLETED,Hyderabad,Telangana,NET_BANKING
105676,2026-08-08,104,Kumar,509,Monitor,Electronics,3,20000,2000,COMPLETED,Bangalore,Karnataka,COD
105677,2026-08-12,102,Anil,503,Chair,Furniture,2,8000,0,COMPLETED,Hyderabad,Telangana,CARD
105678,2026-08-29,101,Ravi,507,Desk,Furniture,3,15000,2000,COMPLETED,Hyderabad,Telangana,UPI
105679,2026-08-26,103,Sita,507,Desk,Furniture,4,15000,0,COMPLETED,Chennai,Tamil Nadu,UPI
105680,2026-08-31,110,Vikram,507,Desk,Furniture,5,15000,200,COMPLETED,Kolkata,West Bengal,NET_BANKING
105681,2026-08-07,104,Kumar,501,Laptop,Electronics,1,60000,200,RETURNED,Bangalore,Karnataka,COD
105682,2026-08-02,109,Sneha,504,Keyboard,Electronics,3,3000,2000,COMPLETED,Delhi,Delhi,CARD
105683,2026-08-12,109,Sneha,508,Mobile,Electronics,2,25000,200,COMPLETED,Delhi,Delhi,NET_BANKING
105684,2026-08-23,103,Sita,507,Desk,Furniture,2,15000,0,COMPLETED,Chennai,Tamil Nadu,NET_BANKING
105685,2026-08-09,109,Sneha,508,Mobile,Electronics,4,25000,0,COMPLETED,Delhi,Delhi,CARD
105686,2026-08-13,109,Sneha,503,Chair,Furniture,5,8000,200,COMPLETED,Delhi,Delhi,NET_BANKING
105687,2026-08-08,102,Anil,508,Mobile,Electronics,5,25000,100,COMPLETED,Hyderabad,Telangana,CARD
105688,2026-08-03,110,Vikram,504,Keyboard,Electronics,4,3000,5000,COMPLETED,Kolkata,West Bengal,COD
105689,2026-08-26,106,Ramesh,501,Laptop,Electronics,2,60000,500,CANCELLED,Pune,Maharashtra,COD
105690,2026-08-11,106,Ramesh,501,Laptop,Electronics,3,60000,5000,CANCELLED,Pune,Maharashtra,COD
105691,2026-08-03,108,Arjun,510,Bookshelf,Furniture,4,12000,500,COMPLETED,Hyderabad,Telangana,UPI
105692,2026-08-07,103,Sita,505,Table,Furniture,3,10000,1000,COMPLETED,Chennai,Tamil Nadu,NET_BANKING
105693,2026-08-30,104,Kumar,509,Monitor,Electronics,1,20000,0,CANCELLED,Bangalore,Karnataka,NET_BANKING
105694,2026-08-02,108,Arjun,506,Headphones,Electronics,5,5000,100,COMPLETED,Hyderabad,Telangana,CARD
105695,2026-08-09,101,Ravi,510,Bookshelf,Furniture,5,12000,0,CANCELLED,Hyderabad,Telangana,CARD
105696,2026-08-23,107,Lakshmi,510,Bookshelf,Furniture,3,12000,5000,COMPLETED,Chennai,Tamil Nadu,NET_BANKING
105697,2026-08-29,107,Lakshmi,503,Chair,Furniture,5,8000,500,COMPLETED,Chennai,Tamil Nadu,CARD
105698,2026-08-14,110,Vikram,502,Mouse,Electronics,5,1000,2000,COMPLETED,Kolkata,West Bengal,UPI
105699,2026-08-11,109,Sneha,509,Monitor,Electronics,3,20000,0,COMPLETED,Delhi,Delhi,NET_BANKING
105700,2026-08-21,104,Kumar,510,Bookshelf,Furniture,3,12000,500,COMPLETED,Bangalore,Karnataka,UPI
105701,2026-08-10,102,Anil,501,Laptop,Electronics,2,60000,5000,RETURNED,Hyderabad,Telangana,COD
105702,2026-08-07,105,Priya,510,Bookshelf,Furniture,3,12000,500,COMPLETED,Mumbai,Maharashtra,CARD
105703,2026-08-04,102,Anil,501,Laptop,Electronics,5,60000,0,COMPLETED,Hyderabad,Telangana,COD
105704,2026-08-21,110,Vikram,510,Bookshelf,Furniture,1,12000,200,COMPLETED,Kolkata,West Bengal,CARD
105705,2026-08-31,106,Ramesh,508,Mobile,Electronics,3,25000,200,COMPLETED,Pune,Maharashtra,NET_BANKING
105706,2026-08-04,109,Sneha,502,Mouse,Electronics,1,1000,1000,CANCELLED,Delhi,Delhi,COD
105707,2026-08-10,101,Ravi,504,Keyboard,Electronics,4,3000,1000,COMPLETED,Hyderabad,Telangana,UPI
105708,2026-08-10,102,Anil,507,Desk,Furniture,2,15000,2000,COMPLETED,Hyderabad,Telangana,NET_BANKING
105709,2026-08-10,106,Ramesh,506,Headphones,Electronics,4,5000,100,COMPLETED,Pune,Maharashtra,CARD
105710,2026-08-11,102,Anil,504,Keyboard,Electronics,3,3000,2000,COMPLETED,Hyderabad,Telangana,CARD
105711,2026-08-19,103,Sita,504,Keyboard,Electronics,3,3000,0,COMPLETED,Chennai,Tamil Nadu,UPI
105712,2026-08-22,108,Arjun,504,Keyboard,Electronics,3,3000,200,COMPLETED,Hyderabad,Telangana,COD
105713,2026-08-30,107,Lakshmi,501,Laptop,Electronics,5,60000,1000,COMPLETED,Chennai,Tamil Nadu,COD
105714,2026-08-14,101,Ravi,501,Laptop,Electronics,1,60000,200,COMPLETED,Hyderabad,Telangana,UPI
105715,2026-08-19,101,Ravi,508,Mobile,Electronics,3,25000,0,COMPLETED,Hyderabad,Telangana,CARD
105716,2026-08-03,106,Ramesh,503,Chair,Furniture,3,8000,0,CANCELLED,Pune,Maharashtra,CARD
105717,2026-08-06,101,Ravi,503,Chair,Furniture,3,8000,0,COMPLETED,Hyderabad,Telangana,NET_BANKING
105718,2026-08-13,107,Lakshmi,502,Mouse,Electronics,5,1000,0,COMPLETED,Chennai,Tamil Nadu,NET_BANKING
105719,2026-08-22,107,Lakshmi,505,Table,Furniture,1,10000,1000,COMPLETED,Chennai,Tamil Nadu,UPI
105720,2026-08-22,104,Kumar,504,Keyboard,Electronics,2,3000,2000,COMPLETED,Bangalore,Karnataka,NET_BANKING
105721,2026-08-17,101,Ravi,503,Chair,Furniture,3,8000,0,COMPLETED,Hyderabad,Telangana,COD
105722,2026-08-04,106,Ramesh,509,Monitor,Electronics,4,20000,0,CANCELLED,Pune,Maharashtra,NET_BANKING
105723,2026-08-06,108,Arjun,509,Monitor,Electronics,5,20000,0,CANCELLED,Hyderabad,Telangana,NET_BANKING
105724,2026-08-19,103,Sita,505,Table,Furniture,2,10000,100,COMPLETED,Chennai,Tamil Nadu,UPI
105725,2026-08-06,102,Anil,505,Table,Furniture,5,10000,500,COMPLETED,Hyderabad,Telangana,UPI
105726,2026-08-10,105,Priya,502,Mouse,Electronics,1,1000,0,COMPLETED,Mumbai,Maharashtra,NET_BANKING
105727,2026-08-19,107,Lakshmi,510,Bookshelf,Furniture,2,12000,0,COMPLETED,Chennai,Tamil Nadu,CARD
105728,2026-08-05,107,Lakshmi,506,Headphones,Electronics,1,5000,0,COMPLETED,Chennai,Tamil Nadu,UPI
105729,2026-08-10,102,Anil,508,Mobile,Electronics,1,25000,100,COMPLETED,Hyderabad,Telangana,NET_BANKING
105730,2026-08-20,105,Priya,507,Desk,Furniture,5,15000,2000,COMPLETED,Mumbai,Maharashtra,NET_BANKING
105731,2026-08-18,110,Vikram,505,Table,Furniture,1,10000,100,COMPLETED,Kolkata,West Bengal,CARD
105732,2026-08-08,110,Vikram,502,Mouse,Electronics,4,1000,5000,CANCELLED,Kolkata,West Bengal,NET_BANKING
105733,2026-08-30,110,Vikram,502,Mouse,Electronics,4,1000,500,COMPLETED,Kolkata,West Bengal,UPI
105734,2026-08-26,106,Ramesh,504,Keyboard,Electronics,2,3000,0,COMPLETED,Pune,Maharashtra,UPI
105735,2026-08-07,102,Anil,502,Mouse,Electronics,1,1000,1000,COMPLETED,Hyderabad,Telangana,CARD
105736,2026-08-13,102,Anil,506,Headphones,Electronics,5,5000,100,COMPLETED,Hyderabad,Telangana,NET_BANKING
105737,2026-08-09,103,Sita,509,Monitor,Electronics,1,20000,100,COMPLETED,Chennai,Tamil Nadu,NET_BANKING
105738,2026-08-31,107,Lakshmi,503,Chair,Furniture,4,8000,5000,COMPLETED,Chennai,Tamil Nadu,CARD
105739,2026-08-05,103,Sita,501,Laptop,Electronics,3,60000,200,RETURNED,Chennai,Tamil Nadu,NET_BANKING
105740,2026-08-18,103,Sita,504,Keyboard,Electronics,4,3000,5000,COMPLETED,Chennai,Tamil Nadu,COD
105741,2026-08-01,108,Arjun,507,Desk,Furniture,3,15000,100,COMPLETED,Hyderabad,Telangana,CARD
105742,2026-08-16,110,Vikram,509,Monitor,Electronics,4,20000,2000,COMPLETED,Kolkata,West Bengal,NET_BANKING
105743,2026-08-23,101,Ravi,509,Monitor,Electronics,4,20000,5000,COMPLETED,Hyderabad,Telangana,UPI
105744,2026-08-21,101,Ravi,508,Mobile,Electronics,3,25000,100,COMPLETED,Hyderabad,Telangana,UPI
105745,2026-08-27,101,Ravi,504,Keyboard,Electronics,2,3000,0,COMPLETED,Hyderabad,Telangana,UPI
105746,2026-08-23,101,Ravi,510,Bookshelf,Furniture,4,12000,100,COMPLETED,Hyderabad,Telangana,COD
105747,2026-08-09,103,Sita,506,Headphones,Electronics,2,5000,2000,COMPLETED,Chennai,Tamil Nadu,NET_BANKING
105748,2026-08-24,102,Anil,507,Desk,Furniture,5,15000,200,COMPLETED,Hyderabad,Telangana,CARD
105749,2026-08-25,108,Arjun,507,Desk,Furniture,2,15000,1000,CANCELLED,Hyderabad,Telangana,CARD
105750,2026-08-22,104,Kumar,509,Monitor,Electronics,1,20000,100,COMPLETED,Bangalore,Karnataka,CARD
105751,2026-08-22,107,Lakshmi,504,Keyboard,Electronics,2,3000,5000,COMPLETED,Chennai,Tamil Nadu,COD
105752,2026-08-16,109,Sneha,501,Laptop,Electronics,1,60000,500,COMPLETED,Delhi,Delhi,CARD
105753,2026-08-25,106,Ramesh,508,Mobile,Electronics,2,25000,0,COMPLETED,Pune,Maharashtra,NET_BANKING
105754,2026-08-03,110,Vikram,504,Keyboard,Electronics,1,3000,2000,CANCELLED,Kolkata,West Bengal,CARD
105755,2026-08-11,102,Anil,504,Keyboard,Electronics,2,3000,500,CANCELLED,Hyderabad,Telangana,COD
105756,2026-08-01,101,Ravi,506,Headphones,Electronics,4,5000,0,COMPLETED,Hyderabad,Telangana,COD
105757,2026-08-24,106,Ramesh,501,Laptop,Electronics,5,60000,500,COMPLETED,Pune,Maharashtra,NET_BANKING
105758,2026-08-20,110,Vikram,510,Bookshelf,Furniture,4,12000,200,COMPLETED,Kolkata,West Bengal,COD
105759,2026-08-14,107,Lakshmi,509,Monitor,Electronics,4,20000,100,RETURNED,Chennai,Tamil Nadu,UPI
105760,2026-08-30,104,Kumar,509,Monitor,Electronics,1,20000,1000,COMPLETED,Bangalore,Karnataka,NET_BANKING
105761,2026-08-25,102,Anil,510,Bookshelf,Furniture,3,12000,500,CANCELLED,Hyderabad,Telangana,NET_BANKING
105762,2026-08-06,105,Priya,503,Chair,Furniture,3,8000,1000,COMPLETED,Mumbai,Maharashtra,UPI
105763,2026-08-23,104,Kumar,504,Keyboard,Electronics,1,3000,1000,COMPLETED,Bangalore,Karnataka,UPI
105764,2026-08-04,106,Ramesh,505,Table,Furniture,5,10000,2000,COMPLETED,Pune,Maharashtra,NET_BANKING
105765,2026-08-01,102,Anil,502,Mouse,Electronics,5,1000,2000,COMPLETED,Hyderabad,Telangana,NET_BANKING
105766,2026-08-22,106,Ramesh,502,Mouse,Electronics,2,1000,2000,COMPLETED,Pune,Maharashtra,COD
105767,2026-08-01,106,Ramesh,510,Bookshelf,Furniture,3,12000,0,COMPLETED,Pune,Maharashtra,UPI
105768,2026-08-16,108,Arjun,504,Keyboard,Electronics,2,3000,100,COMPLETED,Hyderabad,Telangana,NET_BANKING
105769,2026-08-28,103,Sita,507,Desk,Furniture,4,15000,5000,COMPLETED,Chennai,Tamil Nadu,CARD
105770,2026-08-21,103,Sita,504,Keyboard,Electronics,5,3000,0,COMPLETED,Chennai,Tamil Nadu,UPI
105771,2026-08-29,108,Arjun,502,Mouse,Electronics,5,1000,200,COMPLETED,Hyderabad,Telangana,NET_BANKING
105772,2026-08-29,108,Arjun,506,Headphones,Electronics,2,5000,0,COMPLETED,Hyderabad,Telangana,CARD
105773,2026-08-31,108,Arjun,506,Headphones,Electronics,5,5000,2000,COMPLETED,Hyderabad,Telangana,COD
105774,2026-08-03,104,Kumar,502,Mouse,Electronics,3,1000,200,COMPLETED,Bangalore,Karnataka,UPI
105775,2026-08-17,101,Ravi,509,Monitor,Electronics,4,20000,100,COMPLETED,Hyderabad,Telangana,UPI
105776,2026-08-26,107,Lakshmi,506,Headphones,Electronics,5,5000,500,CANCELLED,Chennai,Tamil Nadu,UPI
105777,2026-08-27,101,Ravi,504,Keyboard,Electronics,5,3000,0,COMPLETED,Hyderabad,Telangana,UPI
105778,2026-08-10,104,Kumar,507,Desk,Furniture,5,15000,1000,CANCELLED,Bangalore,Karnataka,UPI
105779,2026-08-05,101,Ravi,501,Laptop,Electronics,1,60000,100,COMPLETED,Hyderabad,Telangana,UPI
105780,2026-08-18,105,Priya,501,Laptop,Electronics,1,60000,5000,COMPLETED,Mumbai,Maharashtra,CARD
105781,2026-08-14,109,Sneha,505,Table,Furniture,1,10000,2000,COMPLETED,Delhi,Delhi,COD
105782,2026-08-21,109,Sneha,508,Mobile,Electronics,2,25000,100,RETURNED,Delhi,Delhi,UPI
105783,2026-08-20,105,Priya,510,Bookshelf,Furniture,5,12000,5000,COMPLETED,Mumbai,Maharashtra,CARD
105784,2026-08-09,103,Sita,501,Laptop,Electronics,2,60000,500,CANCELLED,Chennai,Tamil Nadu,COD
105785,2026-08-24,105,Priya,504,Keyboard,Electronics,2,3000,500,COMPLETED,Mumbai,Maharashtra,CARD
105786,2026-08-14,102,Anil,501,Laptop,Electronics,3,60000,0,COMPLETED,Hyderabad,Telangana,UPI
105787,2026-08-01,105,Priya,507,Desk,Furniture,1,15000,0,COMPLETED,Mumbai,Maharashtra,NET_BANKING
105788,2026-08-04,102,Anil,504,Keyboard,Electronics,2,3000,1000,COMPLETED,Hyderabad,Telangana,NET_BANKING
105789,2026-08-10,108,Arjun,510,Bookshelf,Furniture,2,12000,0,CANCELLED,Hyderabad,Telangana,COD
105790,2026-08-22,103,Sita,503,Chair,Furniture,2,8000,1000,COMPLETED,Chennai,Tamil Nadu,COD
105791,2026-08-16,103,Sita,502,Mouse,Electronics,4,1000,0,CANCELLED,Chennai,Tamil Nadu,COD
105792,2026-08-16,109,Sneha,508,Mobile,Electronics,4,25000,5000,CANCELLED,Delhi,Delhi,COD
105793,2026-08-07,106,Ramesh,502,Mouse,Electronics,5,1000,5000,COMPLETED,Pune,Maharashtra,UPI
105794,2026-08-20,103,Sita,504,Keyboard,Electronics,5,3000,0,COMPLETED,Chennai,Tamil Nadu,CARD
105795,2026-08-21,110,Vikram,508,Mobile,Electronics,2,25000,0,COMPLETED,Kolkata,West Bengal,COD
105796,2026-08-09,104,Kumar,501,Laptop,Electronics,3,60000,0,COMPLETED,Bangalore,Karnataka,NET_BANKING
105797,2026-08-24,106,Ramesh,506,Headphones,Electronics,5,5000,2000,COMPLETED,Pune,Maharashtra,UPI
105798,2026-08-09,108,Arjun,504,Keyboard,Electronics,1,3000,0,COMPLETED,Hyderabad,Telangana,COD
105799,2026-08-08,105,Priya,501,Laptop,Electronics,1,60000,1000,COMPLETED,Mumbai,Maharashtra,NET_BANKING
105800,2026-08-20,109,Sneha,506,Headphones,Electronics,2,5000,0,RETURNED,Delhi,Delhi,NET_BANKING
105801,2026-08-24,104,Kumar,507,Desk,Furniture,2,15000,0,COMPLETED,Bangalore,Karnataka,NET_BANKING
105802,2026-08-07,105,Priya,510,Bookshelf,Furniture,2,12000,100,COMPLETED,Mumbai,Maharashtra,UPI
105803,2026-08-09,110,Vikram,506,Headphones,Electronics,1,5000,2000,COMPLETED,Kolkata,West Bengal,NET_BANKING
105804,2026-08-01,107,Lakshmi,508,Mobile,Electronics,2,25000,0,CANCELLED,Chennai,Tamil Nadu,COD
105805,2026-08-07,102,Anil,506,Headphones,Electronics,4,5000,500,COMPLETED,Hyderabad,Telangana,UPI
105806,2026-08-22,106,Ramesh,506,Headphones,Electronics,3,5000,1000,RETURNED,Pune,Maharashtra,CARD
105807,2026-08-10,106,Ramesh,505,Table,Furniture,1,10000,5000,RETURNED,Pune,Maharashtra,COD
105808,2026-08-23,108,Arjun,508,Mobile,Electronics,5,25000,100,COMPLETED,Hyderabad,Telangana,CARD
105809,2026-08-24,102,Anil,501,Laptop,Electronics,1,60000,5000,RETURNED,Hyderabad,Telangana,CARD
105810,2026-08-01,101,Ravi,505,Table,Furniture,5,10000,500,COMPLETED,Hyderabad,Telangana,UPI
105811,2026-08-10,102,Anil,503,Chair,Furniture,4,8000,0,CANCELLED,Hyderabad,Telangana,COD
105812,2026-08-18,106,Ramesh,508,Mobile,Electronics,1,25000,500,COMPLETED,Pune,Maharashtra,UPI
105813,2026-08-14,105,Priya,509,Monitor,Electronics,4,20000,5000,COMPLETED,Mumbai,Maharashtra,COD
105814,2026-08-05,105,Priya,505,Table,Furniture,4,10000,100,RETURNED,Mumbai,Maharashtra,NET_BANKING
105815,2026-08-02,105,Priya,508,Mobile,Electronics,3,25000,2000,COMPLETED,Mumbai,Maharashtra,UPI
105816,2026-08-04,102,Anil,501,Laptop,Electronics,5,60000,5000,COMPLETED,Hyderabad,Telangana,UPI
105817,2026-08-06,104,Kumar,504,Keyboard,Electronics,3,3000,5000,RETURNED,Bangalore,Karnataka,UPI
105818,2026-08-08,105,Priya,505,Table,Furniture,1,10000,5000,COMPLETED,Mumbai,Maharashtra,CARD
105819,2026-08-22,105,Priya,507,Desk,Furniture,4,15000,5000,COMPLETED,Mumbai,Maharashtra,NET_BANKING
105820,2026-08-25,110,Vikram,501,Laptop,Electronics,2,60000,0,COMPLETED,Kolkata,West Bengal,CARD
105821,2026-08-26,109,Sneha,502,Mouse,Electronics,4,1000,5000,COMPLETED,Delhi,Delhi,CARD
105822,2026-08-27,105,Priya,507,Desk,Furniture,5,15000,100,COMPLETED,Mumbai,Maharashtra,COD
105823,2026-08-28,101,Ravi,505,Table,Furniture,5,10000,0,COMPLETED,Hyderabad,Telangana,CARD
105824,2026-08-17,101,Ravi,502,Mouse,Electronics,4,1000,500,COMPLETED,Hyderabad,Telangana,CARD
105825,2026-08-27,104,Kumar,502,Mouse,Electronics,3,1000,1000,CANCELLED,Bangalore,Karnataka,COD
105826,2026-08-17,106,Ramesh,502,Mouse,Electronics,1,1000,100,COMPLETED,Pune,Maharashtra,NET_BANKING
105827,2026-08-29,110,Vikram,502,Mouse,Electronics,4,1000,0,COMPLETED,Kolkata,West Bengal,CARD
105828,2026-08-29,105,Priya,504,Keyboard,Electronics,4,3000,500,COMPLETED,Mumbai,Maharashtra,CARD
105829,2026-08-26,106,Ramesh,507,Desk,Furniture,4,15000,500,COMPLETED,Pune,Maharashtra,NET_BANKING
105830,2026-08-05,104,Kumar,507,Desk,Furniture,3,15000,0,COMPLETED,Bangalore,Karnataka,CARD
105831,2026-08-03,104,Kumar,502,Mouse,Electronics,3,1000,500,COMPLETED,Bangalore,Karnataka,UPI
105832,2026-08-27,102,Anil,510,Bookshelf,Furniture,1,12000,100,COMPLETED,Hyderabad,Telangana,COD
105833,2026-08-04,101,Ravi,508,Mobile,Electronics,2,25000,2000,COMPLETED,Hyderabad,Telangana,CARD
105834,2026-08-12,101,Ravi,501,Laptop,Electronics,2,60000,100,COMPLETED,Hyderabad,Telangana,NET_BANKING
105835,2026-08-21,105,Priya,503,Chair,Furniture,4,8000,5000,COMPLETED,Mumbai,Maharashtra,CARD
105836,2026-08-18,106,Ramesh,504,Keyboard,Electronics,3,3000,100,COMPLETED,Pune,Maharashtra,COD
105837,2026-08-27,102,Anil,502,Mouse,Electronics,4,1000,0,CANCELLED,Hyderabad,Telangana,NET_BANKING
105838,2026-08-23,110,Vikram,510,Bookshelf,Furniture,5,12000,500,COMPLETED,Kolkata,West Bengal,CARD
105839,2026-08-18,107,Lakshmi,502,Mouse,Electronics,3,1000,1000,COMPLETED,Chennai,Tamil Nadu,CARD
105840,2026-08-18,108,Arjun,506,Headphones,Electronics,2,5000,2000,COMPLETED,Hyderabad,Telangana,CARD
105841,2026-08-02,110,Vikram,506,Headphones,Electronics,5,5000,0,COMPLETED,Kolkata,West Bengal,NET_BANKING
105842,2026-08-26,101,Ravi,503,Chair,Furniture,2,8000,100,COMPLETED,Hyderabad,Telangana,NET_BANKING
105843,2026-08-19,109,Sneha,506,Headphones,Electronics,2,5000,1000,COMPLETED,Delhi,Delhi,UPI
105844,2026-08-29,104,Kumar,506,Headphones,Electronics,2,5000,0,COMPLETED,Bangalore,Karnataka,UPI
105845,2026-08-02,108,Arjun,506,Headphones,Electronics,4,5000,0,COMPLETED,Hyderabad,Telangana,COD
105846,2026-08-09,104,Kumar,506,Headphones,Electronics,3,5000,100,COMPLETED,Bangalore,Karnataka,CARD
105847,2026-08-16,105,Priya,508,Mobile,Electronics,4,25000,5000,COMPLETED,Mumbai,Maharashtra,NET_BANKING
105848,2026-08-13,105,Priya,510,Bookshelf,Furniture,3,12000,200,COMPLETED,Mumbai,Maharashtra,NET_BANKING
105849,2026-08-26,107,Lakshmi,505,Table,Furniture,1,10000,0,COMPLETED,Chennai,Tamil Nadu,UPI
105850,2026-08-18,107,Lakshmi,510,Bookshelf,Furniture,5,12000,100,COMPLETED,Chennai,Tamil Nadu,NET_BANKING
105851,2026-08-05,109,Sneha,507,Desk,Furniture,4,15000,1000,COMPLETED,Delhi,Delhi,CARD
105852,2026-08-19,108,Arjun,508,Mobile,Electronics,2,25000,1000,COMPLETED,Hyderabad,Telangana,NET_BANKING
105853,2026-08-19,107,Lakshmi,501,Laptop,Electronics,1,60000,100,COMPLETED,Chennai,Tamil Nadu,UPI
105854,2026-08-15,105,Priya,501,Laptop,Electronics,2,60000,1000,COMPLETED,Mumbai,Maharashtra,NET_BANKING
105855,2026-08-14,104,Kumar,510,Bookshelf,Furniture,1,12000,0,RETURNED,Bangalore,Karnataka,COD
105856,2026-08-27,101,Ravi,510,Bookshelf,Furniture,5,12000,200,COMPLETED,Hyderabad,Telangana,NET_BANKING
105857,2026-08-15,108,Arjun,501,Laptop,Electronics,5,60000,100,COMPLETED,Hyderabad,Telangana,CARD
105858,2026-08-23,106,Ramesh,502,Mouse,Electronics,4,1000,500,COMPLETED,Pune,Maharashtra,UPI
105859,2026-08-07,107,Lakshmi,501,Laptop,Electronics,2,60000,1000,COMPLETED,Chennai,Tamil Nadu,CARD
105860,2026-08-08,110,Vikram,505,Table,Furniture,5,10000,500,COMPLETED,Kolkata,West Bengal,CARD
105861,2026-08-19,108,Arjun,509,Monitor,Electronics,3,20000,100,CANCELLED,Hyderabad,Telangana,CARD
105862,2026-08-26,107,Lakshmi,502,Mouse,Electronics,4,1000,500,COMPLETED,Chennai,Tamil Nadu,COD
105863,2026-08-30,105,Priya,506,Headphones,Electronics,3,5000,1000,CANCELLED,Mumbai,Maharashtra,NET_BANKING
105864,2026-08-29,108,Arjun,509,Monitor,Electronics,1,20000,100,COMPLETED,Hyderabad,Telangana,CARD
105865,2026-08-23,102,Anil,508,Mobile,Electronics,3,25000,100,COMPLETED,Hyderabad,Telangana,UPI
105866,2026-08-05,109,Sneha,504,Keyboard,Electronics,2,3000,500,COMPLETED,Delhi,Delhi,CARD
105867,2026-08-31,104,Kumar,510,Bookshelf,Furniture,2,12000,2000,CANCELLED,Bangalore,Karnataka,CARD
105868,2026-08-04,108,Arjun,507,Desk,Furniture,4,15000,2000,COMPLETED,Hyderabad,Telangana,UPI
105869,2026-08-09,105,Priya,501,Laptop,Electronics,4,60000,1000,COMPLETED,Mumbai,Maharashtra,NET_BANKING
105870,2026-08-06,102,Anil,502,Mouse,Electronics,5,1000,2000,COMPLETED,Hyderabad,Telangana,UPI
105871,2026-08-12,102,Anil,501,Laptop,Electronics,1,60000,100,CANCELLED,Hyderabad,Telangana,CARD
105872,2026-08-06,109,Sneha,510,Bookshelf,Furniture,1,12000,5000,RETURNED,Delhi,Delhi,NET_BANKING
105873,2026-08-12,106,Ramesh,510,Bookshelf,Furniture,2,12000,100,COMPLETED,Pune,Maharashtra,COD
105874,2026-08-26,108,Arjun,508,Mobile,Electronics,3,25000,100,COMPLETED,Hyderabad,Telangana,CARD
105875,2026-08-07,106,Ramesh,505,Table,Furniture,2,10000,5000,COMPLETED,Pune,Maharashtra,CARD
105876,2026-08-31,108,Arjun,509,Monitor,Electronics,2,20000,2000,RETURNED,Hyderabad,Telangana,CARD
105877,2026-08-04,102,Anil,506,Headphones,Electronics,1,5000,0,COMPLETED,Hyderabad,Telangana,COD
105878,2026-08-15,101,Ravi,508,Mobile,Electronics,2,25000,0,COMPLETED,Hyderabad,Telangana,CARD
105879,2026-08-13,105,Priya,509,Monitor,Electronics,5,20000,2000,COMPLETED,Mumbai,Maharashtra,CARD
105880,2026-08-12,108,Arjun,502,Mouse,Electronics,3,1000,5000,COMPLETED,Hyderabad,Telangana,UPI
105881,2026-08-06,101,Ravi,506,Headphones,Electronics,1,5000,200,COMPLETED,Hyderabad,Telangana,COD
105882,2026-08-22,104,Kumar,501,Laptop,Electronics,5,60000,1000,COMPLETED,Bangalore,Karnataka,COD
105883,2026-08-27,110,Vikram,504,Keyboard,Electronics,2,3000,5000,COMPLETED,Kolkata,West Bengal,CARD
105884,2026-08-20,102,Anil,503,Chair,Furniture,4,8000,200,COMPLETED,Hyderabad,Telangana,UPI
105885,2026-08-11,105,Priya,509,Monitor,Electronics,1,20000,100,CANCELLED,Mumbai,Maharashtra,COD
105886,2026-08-21,106,Ramesh,510,Bookshelf,Furniture,1,12000,100,COMPLETED,Pune,Maharashtra,UPI
105887,2026-08-02,101,Ravi,510,Bookshelf,Furniture,4,12000,100,COMPLETED,Hyderabad,Telangana,UPI
105888,2026-08-03,109,Sneha,508,Mobile,Electronics,2,25000,0,COMPLETED,Delhi,Delhi,NET_BANKING
105889,2026-08-08,106,Ramesh,503,Chair,Furniture,5,8000,1000,COMPLETED,Pune,Maharashtra,COD
105890,2026-08-08,101,Ravi,503,Chair,Furniture,2,8000,0,COMPLETED,Hyderabad,Telangana,COD
105891,2026-08-15,106,Ramesh,502,Mouse,Electronics,3,1000,5000,COMPLETED,Pune,Maharashtra,UPI
105892,2026-08-07,104,Kumar,503,Chair,Furniture,1,8000,0,COMPLETED,Bangalore,Karnataka,UPI
105893,2026-08-31,110,Vikram,505,Table,Furniture,1,10000,5000,COMPLETED,Kolkata,West Bengal,UPI
105894,2026-08-04,103,Sita,505,Table,Furniture,2,10000,0,COMPLETED,Chennai,Tamil Nadu,COD
105895,2026-08-14,109,Sneha,509,Monitor,Electronics,4,20000,1000,COMPLETED,Delhi,Delhi,COD
105896,2026-08-22,106,Ramesh,506,Headphones,Electronics,5,5000,1000,COMPLETED,Pune,Maharashtra,NET_BANKING
105897,2026-08-10,110,Vikram,502,Mouse,Electronics,3,1000,0,COMPLETED,Kolkata,West Bengal,COD
105898,2026-08-13,103,Sita,504,Keyboard,Electronics,4,3000,500,CANCELLED,Chennai,Tamil Nadu,COD
105899,2026-08-06,103,Sita,508,Mobile,Electronics,5,25000,2000,COMPLETED,Chennai,Tamil Nadu,UPI
105900,2026-08-10,109,Sneha,502,Mouse,Electronics,2,1000,0,COMPLETED,Delhi,Delhi,CARD
105901,2026-08-25,109,Sneha,505,Table,Furniture,3,10000,0,CANCELLED,Delhi,Delhi,NET_BANKING
105902,2026-08-04,107,Lakshmi,503,Chair,Furniture,4,8000,2000,COMPLETED,Chennai,Tamil Nadu,CARD
105903,2026-08-28,105,Priya,510,Bookshelf,Furniture,2,12000,500,COMPLETED,Mumbai,Maharashtra,COD
105904,2026-08-09,107,Lakshmi,508,Mobile,Electronics,1,25000,5000,COMPLETED,Chennai,Tamil Nadu,COD
105905,2026-08-24,110,Vikram,509,Monitor,Electronics,3,20000,1000,COMPLETED,Kolkata,West Bengal,NET_BANKING
105906,2026-08-31,110,Vikram,502,Mouse,Electronics,1,1000,0,COMPLETED,Kolkata,West Bengal,COD
105907,2026-08-14,108,Arjun,503,Chair,Furniture,3,8000,0,COMPLETED,Hyderabad,Telangana,COD
105908,2026-08-21,110,Vikram,504,Keyboard,Electronics,5,3000,5000,COMPLETED,Kolkata,West Bengal,NET_BANKING
105909,2026-08-16,104,Kumar,508,Mobile,Electronics,1,25000,0,COMPLETED,Bangalore,Karnataka,NET_BANKING
105910,2026-08-29,110,Vikram,504,Keyboard,Electronics,1,3000,2000,CANCELLED,Kolkata,West Bengal,NET_BANKING
105911,2026-08-17,106,Ramesh,510,Bookshelf,Furniture,2,12000,500,COMPLETED,Pune,Maharashtra,COD
105912,2026-08-09,109,Sneha,501,Laptop,Electronics,4,60000,0,COMPLETED,Delhi,Delhi,UPI
105913,2026-08-07,108,Arjun,510,Bookshelf,Furniture,4,12000,1000,COMPLETED,Hyderabad,Telangana,COD
105914,2026-08-26,106,Ramesh,507,Desk,Furniture,5,15000,100,COMPLETED,Pune,Maharashtra,CARD
105915,2026-08-22,101,Ravi,504,Keyboard,Electronics,2,3000,5000,COMPLETED,Hyderabad,Telangana,NET_BANKING
105916,2026-08-05,108,Arjun,502,Mouse,Electronics,3,1000,2000,COMPLETED,Hyderabad,Telangana,CARD
105917,2026-08-28,102,Anil,503,Chair,Furniture,2,8000,0,COMPLETED,Hyderabad,Telangana,NET_BANKING
105918,2026-08-28,108,Arjun,509,Monitor,Electronics,5,20000,1000,COMPLETED,Hyderabad,Telangana,UPI
105919,2026-08-05,106,Ramesh,504,Keyboard,Electronics,3,3000,100,COMPLETED,Pune,Maharashtra,COD
105920,2026-08-01,107,Lakshmi,501,Laptop,Electronics,5,60000,0,COMPLETED,Chennai,Tamil Nadu,COD
105921,2026-08-14,109,Sneha,504,Keyboard,Electronics,5,3000,0,CANCELLED,Delhi,Delhi,CARD
105922,2026-08-29,101,Ravi,504,Keyboard,Electronics,3,3000,0,COMPLETED,Hyderabad,Telangana,COD
105923,2026-08-05,106,Ramesh,504,Keyboard,Electronics,5,3000,1000,COMPLETED,Pune,Maharashtra,NET_BANKING
105924,2026-08-28,110,Vikram,510,Bookshelf,Furniture,4,12000,5000,COMPLETED,Kolkata,West Bengal,COD
105925,2026-08-02,101,Ravi,507,Desk,Furniture,1,15000,5000,COMPLETED,Hyderabad,Telangana,COD
105926,2026-08-26,102,Anil,505,Table,Furniture,2,10000,200,COMPLETED,Hyderabad,Telangana,UPI
105927,2026-08-24,101,Ravi,505,Table,Furniture,5,10000,0,CANCELLED,Hyderabad,Telangana,COD
105928,2026-08-07,105,Priya,505,Table,Furniture,4,10000,5000,COMPLETED,Mumbai,Maharashtra,COD
105929,2026-08-30,104,Kumar,509,Monitor,Electronics,4,20000,2000,COMPLETED,Bangalore,Karnataka,UPI
105930,2026-08-23,106,Ramesh,508,Mobile,Electronics,4,25000,500,COMPLETED,Pune,Maharashtra,NET_BANKING
105931,2026-08-27,105,Priya,506,Headphones,Electronics,5,5000,2000,COMPLETED,Mumbai,Maharashtra,UPI
105932,2026-08-10,109,Sneha,503,Chair,Furniture,5,8000,5000,COMPLETED,Delhi,Delhi,UPI
105933,2026-08-16,105,Priya,503,Chair,Furniture,5,8000,1000,COMPLETED,Mumbai,Maharashtra,UPI
105934,2026-08-24,105,Priya,502,Mouse,Electronics,5,1000,5000,COMPLETED,Mumbai,Maharashtra,COD
105935,2026-08-22,104,Kumar,505,Table,Furniture,5,10000,100,COMPLETED,Bangalore,Karnataka,CARD
105936,2026-08-23,103,Sita,504,Keyboard,Electronics,2,3000,100,COMPLETED,Chennai,Tamil Nadu,NET_BANKING
105937,2026-08-01,110,Vikram,501,Laptop,Electronics,4,60000,0,COMPLETED,Kolkata,West Bengal,CARD
105938,2026-08-23,101,Ravi,505,Table,Furniture,3,10000,500,RETURNED,Hyderabad,Telangana,NET_BANKING
105939,2026-08-30,107,Lakshmi,508,Mobile,Electronics,4,25000,0,COMPLETED,Chennai,Tamil Nadu,NET_BANKING
105940,2026-08-21,102,Anil,508,Mobile,Electronics,4,25000,2000,COMPLETED,Hyderabad,Telangana,NET_BANKING
105941,2026-08-18,106,Ramesh,507,Desk,Furniture,5,15000,200,COMPLETED,Pune,Maharashtra,UPI
105942,2026-08-22,102,Anil,507,Desk,Furniture,3,15000,1000,COMPLETED,Hyderabad,Telangana,COD
105943,2026-08-25,108,Arjun,508,Mobile,Electronics,4,25000,1000,COMPLETED,Hyderabad,Telangana,COD
105944,2026-08-28,107,Lakshmi,507,Desk,Furniture,3,15000,5000,COMPLETED,Chennai,Tamil Nadu,UPI
105945,2026-08-05,109,Sneha,506,Headphones,Electronics,1,5000,1000,COMPLETED,Delhi,Delhi,CARD
105946,2026-08-10,110,Vikram,507,Desk,Furniture,3,15000,1000,COMPLETED,Kolkata,West Bengal,UPI
105947,2026-08-02,108,Arjun,506,Headphones,Electronics,3,5000,5000,COMPLETED,Hyderabad,Telangana,CARD
105948,2026-08-17,110,Vikram,509,Monitor,Electronics,4,20000,100,COMPLETED,Kolkata,West Bengal,NET_BANKING
105949,2026-08-05,105,Priya,505,Table,Furniture,2,10000,0,COMPLETED,Mumbai,Maharashtra,UPI
105950,2026-08-23,109,Sneha,506,Headphones,Electronics,1,5000,2000,COMPLETED,Delhi,Delhi,CARD
105951,2026-08-15,110,Vikram,509,Monitor,Electronics,2,20000,2000,CANCELLED,Kolkata,West Bengal,NET_BANKING
105952,2026-08-13,101,Ravi,501,Laptop,Electronics,4,60000,100,COMPLETED,Hyderabad,Telangana,COD
105953,2026-08-19,107,Lakshmi,504,Keyboard,Electronics,1,3000,200,COMPLETED,Chennai,Tamil Nadu,UPI
105954,2026-08-02,105,Priya,504,Keyboard,Electronics,2,3000,0,COMPLETED,Mumbai,Maharashtra,CARD
105955,2026-08-08,110,Vikram,504,Keyboard,Electronics,1,3000,0,COMPLETED,Kolkata,West Bengal,UPI
105956,2026-08-22,109,Sneha,505,Table,Furniture,1,10000,2000,COMPLETED,Delhi,Delhi,NET_BANKING
105957,2026-08-11,109,Sneha,509,Monitor,Electronics,3,20000,5000,COMPLETED,Delhi,Delhi,NET_BANKING
105958,2026-08-12,103,Sita,505,Table,Furniture,2,10000,2000,COMPLETED,Chennai,Tamil Nadu,NET_BANKING
105959,2026-08-07,102,Anil,505,Table,Furniture,4,10000,5000,COMPLETED,Hyderabad,Telangana,NET_BANKING
105960,2026-08-07,108,Arjun,509,Monitor,Electronics,3,20000,0,COMPLETED,Hyderabad,Telangana,CARD
105961,2026-08-23,109,Sneha,508,Mobile,Electronics,1,25000,200,COMPLETED,Delhi,Delhi,NET_BANKING
105962,2026-08-30,107,Lakshmi,507,Desk,Furniture,5,15000,2000,COMPLETED,Chennai,Tamil Nadu,CARD
105963,2026-08-12,109,Sneha,510,Bookshelf,Furniture,5,12000,2000,CANCELLED,Delhi,Delhi,NET_BANKING
105964,2026-08-21,102,Anil,508,Mobile,Electronics,5,25000,100,COMPLETED,Hyderabad,Telangana,COD
105965,2026-08-20,101,Ravi,502,Mouse,Electronics,5,1000,0,RETURNED,Hyderabad,Telangana,COD
105966,2026-08-28,103,Sita,505,Table,Furniture,4,10000,500,COMPLETED,Chennai,Tamil Nadu,COD
105967,2026-08-19,107,Lakshmi,503,Chair,Furniture,2,8000,2000,CANCELLED,Chennai,Tamil Nadu,NET_BANKING
105968,2026-08-17,103,Sita,507,Desk,Furniture,3,15000,0,COMPLETED,Chennai,Tamil Nadu,COD
105969,2026-08-16,104,Kumar,507,Desk,Furniture,5,15000,0,COMPLETED,Bangalore,Karnataka,UPI
105970,2026-08-27,103,Sita,508,Mobile,Electronics,1,25000,0,CANCELLED,Chennai,Tamil Nadu,NET_BANKING
105971,2026-08-07,103,Sita,501,Laptop,Electronics,5,60000,5000,COMPLETED,Chennai,Tamil Nadu,UPI
105972,2026-08-25,103,Sita,502,Mouse,Electronics,3,1000,0,COMPLETED,Chennai,Tamil Nadu,UPI
105973,2026-08-24,105,Priya,506,Headphones,Electronics,4,5000,100,COMPLETED,Mumbai,Maharashtra,NET_BANKING
105974,2026-08-05,107,Lakshmi,503,Chair,Furniture,1,8000,0,COMPLETED,Chennai,Tamil Nadu,NET_BANKING
105975,2026-08-07,107,Lakshmi,507,Desk,Furniture,2,15000,200,CANCELLED,Chennai,Tamil Nadu,NET_BANKING
105976,2026-08-05,101,Ravi,509,Monitor,Electronics,3,20000,200,CANCELLED,Hyderabad,Telangana,CARD
105977,2026-08-11,107,Lakshmi,503,Chair,Furniture,2,8000,0,COMPLETED,Chennai,Tamil Nadu,UPI
105978,2026-08-21,104,Kumar,501,Laptop,Electronics,4,60000,1000,COMPLETED,Bangalore,Karnataka,NET_BANKING
105979,2026-08-29,102,Anil,505,Table,Furniture,2,10000,0,COMPLETED,Hyderabad,Telangana,NET_BANKING
105980,2026-08-07,109,Sneha,505,Table,Furniture,3,10000,0,COMPLETED,Delhi,Delhi,NET_BANKING
105981,2026-08-25,106,Ramesh,501,Laptop,Electronics,5,60000,200,CANCELLED,Pune,Maharashtra,CARD
105982,2026-08-02,103,Sita,509,Monitor,Electronics,5,20000,5000,COMPLETED,Chennai,Tamil Nadu,CARD
105983,2026-08-01,105,Priya,505,Table,Furniture,3,10000,200,COMPLETED,Mumbai,Maharashtra,UPI
105984,2026-08-15,110,Vikram,501,Laptop,Electronics,4,60000,0,CANCELLED,Kolkata,West Bengal,CARD
105985,2026-08-23,104,Kumar,506,Headphones,Electronics,2,5000,100,RETURNED,Bangalore,Karnataka,COD
105986,2026-08-16,108,Arjun,504,Keyboard,Electronics,4,3000,1000,COMPLETED,Hyderabad,Telangana,NET_BANKING
105987,2026-08-03,108,Arjun,507,Desk,Furniture,4,15000,100,COMPLETED,Hyderabad,Telangana,NET_BANKING
105988,2026-08-11,108,Arjun,504,Keyboard,Electronics,3,3000,500,COMPLETED,Hyderabad,Telangana,UPI
105989,2026-08-31,105,Priya,508,Mobile,Electronics,1,25000,100,COMPLETED,Mumbai,Maharashtra,COD
105990,2026-08-11,107,Lakshmi,502,Mouse,Electronics,2,1000,200,RETURNED,Chennai,Tamil Nadu,CARD
105991,2026-08-06,110,Vikram,505,Table,Furniture,4,10000,0,COMPLETED,Kolkata,West Bengal,UPI
105992,2026-08-30,106,Ramesh,501,Laptop,Electronics,1,60000,200,COMPLETED,Pune,Maharashtra,CARD
105993,2026-08-02,104,Kumar,510,Bookshelf,Furniture,4,12000,100,COMPLETED,Bangalore,Karnataka,NET_BANKING
105994,2026-08-29,109,Sneha,503,Chair,Furniture,3,8000,5000,COMPLETED,Delhi,Delhi,CARD
105995,2026-08-03,104,Kumar,510,Bookshelf,Furniture,2,12000,0,COMPLETED,Bangalore,Karnataka,COD
105996,2026-08-04,102,Anil,510,Bookshelf,Furniture,2,12000,5000,COMPLETED,Hyderabad,Telangana,CARD
105997,2026-08-11,110,Vikram,506,Headphones,Electronics,4,5000,0,COMPLETED,Kolkata,West Bengal,CARD
105998,2026-08-14,102,Anil,502,Mouse,Electronics,2,1000,100,COMPLETED,Hyderabad,Telangana,COD
105999,2026-08-03,106,Ramesh,510,Bookshelf,Furniture,1,12000,0,CANCELLED,Pune,Maharashtra,NET_BANKING
106000,2026-08-13,105,Priya,504,Keyboard,Electronics,3,3000,200,COMPLETED,Mumbai,Maharashtra,NET_BANKING
106001,2026-08-07,105,Priya,505,Table,Furniture,2,10000,2000,COMPLETED,Mumbai,Maharashtra,UPI
106002,2026-08-06,105,Priya,503,Chair,Furniture,1,8000,0,COMPLETED,Mumbai,Maharashtra,CARD
106003,2026-08-13,103,Sita,508,Mobile,Electronics,5,25000,200,COMPLETED,Chennai,Tamil Nadu,CARD
106004,2026-08-02,108,Arjun,509,Monitor,Electronics,5,20000,5000,COMPLETED,Hyderabad,Telangana,NET_BANKING
106005,2026-08-02,108,Arjun,502,Mouse,Electronics,5,1000,200,COMPLETED,Hyderabad,Telangana,NET_BANKING
106006,2026-08-01,104,Kumar,501,Laptop,Electronics,1,60000,0,COMPLETED,Bangalore,Karnataka,COD
106007,2026-08-11,104,Kumar,503,Chair,Furniture,5,8000,2000,COMPLETED,Bangalore,Karnataka,COD
106008,2026-08-10,108,Arjun,506,Headphones,Electronics,4,5000,1000,COMPLETED,Hyderabad,Telangana,COD
106009,2026-08-06,102,Anil,508,Mobile,Electronics,5,25000,500,COMPLETED,Hyderabad,Telangana,UPI
106010,2026-08-09,104,Kumar,505,Table,Furniture,4,10000,200,COMPLETED,Bangalore,Karnataka,CARD
106011,2026-08-12,105,Priya,507,Desk,Furniture,4,15000,500,RETURNED,Mumbai,Maharashtra,UPI
106012,2026-08-24,106,Ramesh,505,Table,Furniture,4,10000,200,COMPLETED,Pune,Maharashtra,UPI
106013,2026-08-16,108,Arjun,506,Headphones,Electronics,2,5000,1000,RETURNED,Hyderabad,Telangana,UPI
106014,2026-08-04,109,Sneha,506,Headphones,Electronics,4,5000,2000,COMPLETED,Delhi,Delhi,COD
106015,2026-08-12,106,Ramesh,510,Bookshelf,Furniture,5,12000,2000,COMPLETED,Pune,Maharashtra,COD
106016,2026-08-26,101,Ravi,501,Laptop,Electronics,2,60000,200,COMPLETED,Hyderabad,Telangana,NET_BANKING
106017,2026-08-19,103,Sita,503,Chair,Furniture,4,8000,500,COMPLETED,Chennai,Tamil Nadu,NET_BANKING
106018,2026-08-01,103,Sita,502,Mouse,Electronics,5,1000,100,COMPLETED,Chennai,Tamil Nadu,CARD
106019,2026-08-24,106,Ramesh,502,Mouse,Electronics,3,1000,1000,COMPLETED,Pune,Maharashtra,COD
106020,2026-08-27,110,Vikram,506,Headphones,Electronics,2,5000,5000,COMPLETED,Kolkata,West Bengal,CARD
106021,2026-08-13,104,Kumar,508,Mobile,Electronics,4,25000,0,COMPLETED,Bangalore,Karnataka,UPI
106022,2026-08-30,105,Priya,503,Chair,Furniture,4,8000,500,COMPLETED,Mumbai,Maharashtra,UPI
106023,2026-08-28,103,Sita,510,Bookshelf,Furniture,4,12000,0,COMPLETED,Chennai,Tamil Nadu,UPI
106024,2026-08-05,104,Kumar,508,Mobile,Electronics,2,25000,100,COMPLETED,Bangalore,Karnataka,UPI
106025,2026-08-12,110,Vikram,504,Keyboard,Electronics,2,3000,500,CANCELLED,Kolkata,West Bengal,CARD
106026,2026-08-06,110,Vikram,503,Chair,Furniture,5,8000,1000,COMPLETED,Kolkata,West Bengal,UPI
106027,2026-08-13,105,Priya,510,Bookshelf,Furniture,2,12000,500,COMPLETED,Mumbai,Maharashtra,COD
106028,2026-08-26,107,Lakshmi,510,Bookshelf,Furniture,3,12000,200,COMPLETED,Chennai,Tamil Nadu,UPI
106029,2026-08-18,109,Sneha,508,Mobile,Electronics,2,25000,500,RETURNED,Delhi,Delhi,COD
106030,2026-08-22,107,Lakshmi,508,Mobile,Electronics,5,25000,0,COMPLETED,Chennai,Tamil Nadu,COD
106031,2026-08-10,109,Sneha,503,Chair,Furniture,3,8000,2000,COMPLETED,Delhi,Delhi,COD
106032,2026-08-10,107,Lakshmi,510,Bookshelf,Furniture,5,12000,200,COMPLETED,Chennai,Tamil Nadu,UPI
106033,2026-08-07,110,Vikram,505,Table,Furniture,5,10000,2000,COMPLETED,Kolkata,West Bengal,CARD
106034,2026-08-17,106,Ramesh,501,Laptop,Electronics,3,60000,1000,COMPLETED,Pune,Maharashtra,CARD
106035,2026-08-06,106,Ramesh,507,Desk,Furniture,5,15000,5000,COMPLETED,Pune,Maharashtra,COD
106036,2026-08-25,107,Lakshmi,510,Bookshelf,Furniture,2,12000,200,RETURNED,Chennai,Tamil Nadu,CARD
106037,2026-08-24,106,Ramesh,508,Mobile,Electronics,2,25000,5000,COMPLETED,Pune,Maharashtra,NET_BANKING
106038,2026-08-27,107,Lakshmi,509,Monitor,Electronics,5,20000,100,COMPLETED,Chennai,Tamil Nadu,UPI
106039,2026-08-06,105,Priya,508,Mobile,Electronics,2,25000,200,COMPLETED,Mumbai,Maharashtra,NET_BANKING
106040,2026-08-13,107,Lakshmi,507,Desk,Furniture,1,15000,0,COMPLETED,Chennai,Tamil Nadu,UPI
106041,2026-08-24,105,Priya,510,Bookshelf,Furniture,4,12000,0,COMPLETED,Mumbai,Maharashtra,UPI
106042,2026-08-13,107,Lakshmi,509,Monitor,Electronics,2,20000,2000,RETURNED,Chennai,Tamil Nadu,COD
106043,2026-08-09,110,Vikram,503,Chair,Furniture,3,8000,500,COMPLETED,Kolkata,West Bengal,CARD
106044,2026-08-03,110,Vikram,506,Headphones,Electronics,5,5000,2000,COMPLETED,Kolkata,West Bengal,NET_BANKING
106045,2026-08-08,107,Lakshmi,502,Mouse,Electronics,3,1000,500,COMPLETED,Chennai,Tamil Nadu,CARD
106046,2026-08-18,104,Kumar,502,Mouse,Electronics,2,1000,0,COMPLETED,Bangalore,Karnataka,COD
106047,2026-08-09,110,Vikram,504,Keyboard,Electronics,4,3000,2000,COMPLETED,Kolkata,West Bengal,UPI
106048,2026-08-16,103,Sita,504,Keyboard,Electronics,4,3000,200,COMPLETED,Chennai,Tamil Nadu,UPI
106049,2026-08-06,102,Anil,503,Chair,Furniture,1,8000,0,COMPLETED,Hyderabad,Telangana,CARD
106050,2026-08-25,102,Anil,509,Monitor,Electronics,3,20000,100,COMPLETED,Hyderabad,Telangana,UPI
106051,2026-08-19,103,Sita,504,Keyboard,Electronics,1,3000,1000,COMPLETED,Chennai,Tamil Nadu,CARD
106052,2026-08-08,102,Anil,504,Keyboard,Electronics,4,3000,200,CANCELLED,Hyderabad,Telangana,UPI
106053,2026-08-19,105,Priya,501,Laptop,Electronics,5,60000,100,COMPLETED,Mumbai,Maharashtra,CARD
106054,2026-08-06,108,Arjun,501,Laptop,Electronics,2,60000,0,COMPLETED,Hyderabad,Telangana,COD
106055,2026-08-02,108,Arjun,503,Chair,Furniture,1,8000,100,COMPLETED,Hyderabad,Telangana,NET_BANKING
106056,2026-08-29,110,Vikram,501,Laptop,Electronics,2,60000,0,COMPLETED,Kolkata,West Bengal,COD
106057,2026-08-13,108,Arjun,506,Headphones,Electronics,5,5000,0,COMPLETED,Hyderabad,Telangana,UPI
106058,2026-08-21,102,Anil,510,Bookshelf,Furniture,1,12000,5000,COMPLETED,Hyderabad,Telangana,NET_BANKING
106059,2026-08-31,104,Kumar,503,Chair,Furniture,3,8000,500,COMPLETED,Bangalore,Karnataka,CARD
106060,2026-08-26,105,Priya,504,Keyboard,Electronics,5,3000,5000,COMPLETED,Mumbai,Maharashtra,NET_BANKING
106061,2026-08-10,102,Anil,506,Headphones,Electronics,4,5000,500,COMPLETED,Hyderabad,Telangana,UPI
106062,2026-08-21,102,Anil,508,Mobile,Electronics,1,25000,5000,COMPLETED,Hyderabad,Telangana,CARD
106063,2026-08-18,108,Arjun,503,Chair,Furniture,2,8000,0,COMPLETED,Hyderabad,Telangana,UPI
106064,2026-08-08,101,Ravi,510,Bookshelf,Furniture,5,12000,0,COMPLETED,Hyderabad,Telangana,CARD
106065,2026-08-21,105,Priya,510,Bookshelf,Furniture,1,12000,100,COMPLETED,Mumbai,Maharashtra,CARD
106066,2026-08-22,102,Anil,507,Desk,Furniture,1,15000,0,COMPLETED,Hyderabad,Telangana,CARD
106067,2026-08-23,103,Sita,505,Table,Furniture,1,10000,200,COMPLETED,Chennai,Tamil Nadu,NET_BANKING
106068,2026-08-13,103,Sita,508,Mobile,Electronics,2,25000,1000,COMPLETED,Chennai,Tamil Nadu,UPI
106069,2026-08-08,103,Sita,502,Mouse,Electronics,1,1000,0,COMPLETED,Chennai,Tamil Nadu,COD
106070,2026-08-24,110,Vikram,506,Headphones,Electronics,3,5000,100,COMPLETED,Kolkata,West Bengal,CARD
106071,2026-08-16,103,Sita,507,Desk,Furniture,1,15000,0,RETURNED,Chennai,Tamil Nadu,UPI
106072,2026-08-17,107,Lakshmi,508,Mobile,Electronics,1,25000,0,COMPLETED,Chennai,Tamil Nadu,COD
106073,2026-08-24,109,Sneha,507,Desk,Furniture,2,15000,0,COMPLETED,Delhi,Delhi,NET_BANKING
106074,2026-08-07,102,Anil,506,Headphones,Electronics,5,5000,2000,COMPLETED,Hyderabad,Telangana,CARD
106075,2026-08-08,107,Lakshmi,508,Mobile,Electronics,1,25000,100,COMPLETED,Chennai,Tamil Nadu,UPI
106076,2026-08-10,110,Vikram,510,Bookshelf,Furniture,1,12000,5000,CANCELLED,Kolkata,West Bengal,NET_BANKING
106077,2026-08-10,104,Kumar,501,Laptop,Electronics,1,60000,1000,COMPLETED,Bangalore,Karnataka,UPI
106078,2026-08-09,110,Vikram,509,Monitor,Electronics,1,20000,0,CANCELLED,Kolkata,West Bengal,NET_BANKING
106079,2026-08-11,101,Ravi,508,Mobile,Electronics,3,25000,0,COMPLETED,Hyderabad,Telangana,NET_BANKING
106080,2026-08-06,109,Sneha,506,Headphones,Electronics,5,5000,500,COMPLETED,Delhi,Delhi,COD
106081,2026-08-08,108,Arjun,501,Laptop,Electronics,4,60000,500,COMPLETED,Hyderabad,Telangana,COD
106082,2026-08-02,110,Vikram,508,Mobile,Electronics,1,25000,200,COMPLETED,Kolkata,West Bengal,COD
106083,2026-08-22,107,Lakshmi,505,Table,Furniture,3,10000,0,COMPLETED,Chennai,Tamil Nadu,CARD
106084,2026-08-23,106,Ramesh,506,Headphones,Electronics,1,5000,0,COMPLETED,Pune,Maharashtra,CARD
106085,2026-08-15,108,Arjun,503,Chair,Furniture,5,8000,5000,COMPLETED,Hyderabad,Telangana,CARD
106086,2026-08-19,109,Sneha,503,Chair,Furniture,1,8000,0,CANCELLED,Delhi,Delhi,CARD
106087,2026-08-12,103,Sita,501,Laptop,Electronics,1,60000,0,RETURNED,Chennai,Tamil Nadu,CARD
106088,2026-08-09,102,Anil,504,Keyboard,Electronics,1,3000,2000,COMPLETED,Hyderabad,Telangana,COD
106089,2026-08-03,109,Sneha,501,Laptop,Electronics,5,60000,0,COMPLETED,Delhi,Delhi,UPI
106090,2026-08-02,103,Sita,505,Table,Furniture,4,10000,1000,COMPLETED,Chennai,Tamil Nadu,UPI
106091,2026-08-28,108,Arjun,505,Table,Furniture,4,10000,0,CANCELLED,Hyderabad,Telangana,UPI
106092,2026-08-22,108,Arjun,501,Laptop,Electronics,4,60000,500,COMPLETED,Hyderabad,Telangana,NET_BANKING
106093,2026-08-14,108,Arjun,510,Bookshelf,Furniture,5,12000,2000,COMPLETED,Hyderabad,Telangana,UPI
106094,2026-08-27,103,Sita,505,Table,Furniture,1,10000,5000,CANCELLED,Chennai,Tamil Nadu,UPI
106095,2026-08-18,105,Priya,505,Table,Furniture,1,10000,200,COMPLETED,Mumbai,Maharashtra,UPI
106096,2026-08-30,110,Vikram,501,Laptop,Electronics,1,60000,0,RETURNED,Kolkata,West Bengal,NET_BANKING
106097,2026-08-16,106,Ramesh,507,Desk,Furniture,4,15000,5000,COMPLETED,Pune,Maharashtra,COD
106098,2026-08-28,102,Anil,510,Bookshelf,Furniture,3,12000,100,COMPLETED,Hyderabad,Telangana,COD
106099,2026-08-16,101,Ravi,502,Mouse,Electronics,1,1000,100,COMPLETED,Hyderabad,Telangana,COD
106100,2026-08-11,107,Lakshmi,505,Table,Furniture,1,10000,5000,COMPLETED,Chennai,Tamil Nadu,UPI
106101,2026-08-22,103,Sita,503,Chair,Furniture,2,8000,0,COMPLETED,Chennai,Tamil Nadu,NET_BANKING
106102,2026-08-15,104,Kumar,505,Table,Furniture,5,10000,100,COMPLETED,Bangalore,Karnataka,COD
106103,2026-08-28,103,Sita,506,Headphones,Electronics,2,5000,100,COMPLETED,Chennai,Tamil Nadu,NET_BANKING
106104,2026-08-18,110,Vikram,503,Chair,Furniture,3,8000,5000,COMPLETED,Kolkata,West Bengal,NET_BANKING
106105,2026-08-06,109,Sneha,508,Mobile,Electronics,4,25000,100,COMPLETED,Delhi,Delhi,CARD
106106,2026-08-23,104,Kumar,506,Headphones,Electronics,4,5000,0,COMPLETED,Bangalore,Karnataka,NET_BANKING
106107,2026-08-08,101,Ravi,510,Bookshelf,Furniture,5,12000,2000,CANCELLED,Hyderabad,Telangana,COD
106108,2026-08-26,104,Kumar,510,Bookshelf,Furniture,5,12000,500,RETURNED,Bangalore,Karnataka,COD
106109,2026-08-10,105,Priya,509,Monitor,Electronics,3,20000,100,CANCELLED,Mumbai,Maharashtra,COD
106110,2026-08-18,104,Kumar,510,Bookshelf,Furniture,2,12000,1000,CANCELLED,Bangalore,Karnataka,COD
106111,2026-08-23,106,Ramesh,503,Chair,Furniture,2,8000,0,COMPLETED,Pune,Maharashtra,COD
106112,2026-08-06,108,Arjun,507,Desk,Furniture,2,15000,5000,COMPLETED,Hyderabad,Telangana,NET_BANKING
106113,2026-08-28,104,Kumar,504,Keyboard,Electronics,3,3000,0,COMPLETED,Bangalore,Karnataka,CARD
106114,2026-08-14,101,Ravi,502,Mouse,Electronics,4,1000,200,COMPLETED,Hyderabad,Telangana,NET_BANKING
106115,2026-08-09,101,Ravi,502,Mouse,Electronics,2,1000,0,COMPLETED,Hyderabad,Telangana,COD
106116,2026-08-29,104,Kumar,505,Table,Furniture,3,10000,100,COMPLETED,Bangalore,Karnataka,CARD
106117,2026-08-26,107,Lakshmi,503,Chair,Furniture,5,8000,2000,COMPLETED,Chennai,Tamil Nadu,CARD
106118,2026-08-15,104,Kumar,506,Headphones,Electronics,1,5000,500,COMPLETED,Bangalore,Karnataka,NET_BANKING
106119,2026-08-26,106,Ramesh,506,Headphones,Electronics,1,5000,500,COMPLETED,Pune,Maharashtra,NET_BANKING
106120,2026-08-03,105,Priya,503,Chair,Furniture,1,8000,0,COMPLETED,Mumbai,Maharashtra,NET_BANKING
106121,2026-08-09,105,Priya,510,Bookshelf,Furniture,3,12000,1000,COMPLETED,Mumbai,Maharashtra,NET_BANKING
106122,2026-08-21,103,Sita,502,Mouse,Electronics,5,1000,500,COMPLETED,Chennai,Tamil Nadu,NET_BANKING
106123,2026-08-17,107,Lakshmi,504,Keyboard,Electronics,1,3000,1000,COMPLETED,Chennai,Tamil Nadu,CARD
106124,2026-08-04,110,Vikram,502,Mouse,Electronics,4,1000,500,RETURNED,Kolkata,West Bengal,COD
106125,2026-08-29,110,Vikram,503,Chair,Furniture,3,8000,2000,COMPLETED,Kolkata,West Bengal,CARD
106126,2026-08-29,110,Vikram,510,Bookshelf,Furniture,5,12000,5000,COMPLETED,Kolkata,West Bengal,NET_BANKING
106127,2026-08-11,108,Arjun,504,Keyboard,Electronics,2,3000,5000,COMPLETED,Hyderabad,Telangana,UPI
106128,2026-08-28,106,Ramesh,504,Keyboard,Electronics,1,3000,0,COMPLETED,Pune,Maharashtra,NET_BANKING
106129,2026-08-12,102,Anil,505,Table,Furniture,1,10000,200,COMPLETED,Hyderabad,Telangana,COD
106130,2026-08-30,110,Vikram,503,Chair,Furniture,2,8000,0,COMPLETED,Kolkata,West Bengal,COD
106131,2026-08-09,109,Sneha,503,Chair,Furniture,3,8000,200,COMPLETED,Delhi,Delhi,UPI
106132,2026-08-05,109,Sneha,502,Mouse,Electronics,3,1000,2000,COMPLETED,Delhi,Delhi,CARD
106133,2026-08-21,108,Arjun,509,Monitor,Electronics,4,20000,100,COMPLETED,Hyderabad,Telangana,CARD
106134,2026-08-30,101,Ravi,502,Mouse,Electronics,3,1000,2000,COMPLETED,Hyderabad,Telangana,COD
106135,2026-08-13,107,Lakshmi,510,Bookshelf,Furniture,1,12000,0,COMPLETED,Chennai,Tamil Nadu,COD
106136,2026-08-30,104,Kumar,508,Mobile,Electronics,3,25000,0,COMPLETED,Bangalore,Karnataka,UPI
106137,2026-08-20,109,Sneha,508,Mobile,Electronics,1,25000,2000,COMPLETED,Delhi,Delhi,UPI
106138,2026-08-28,107,Lakshmi,502,Mouse,Electronics,3,1000,5000,COMPLETED,Chennai,Tamil Nadu,NET_BANKING
106139,2026-08-04,110,Vikram,501,Laptop,Electronics,1,60000,100,COMPLETED,Kolkata,West Bengal,UPI
106140,2026-08-03,103,Sita,504,Keyboard,Electronics,4,3000,0,COMPLETED,Chennai,Tamil Nadu,NET_BANKING
106141,2026-08-30,101,Ravi,503,Chair,Furniture,4,8000,100,COMPLETED,Hyderabad,Telangana,COD
106142,2026-08-21,109,Sneha,504,Keyboard,Electronics,2,3000,0,COMPLETED,Delhi,Delhi,UPI
106143,2026-08-29,109,Sneha,507,Desk,Furniture,1,15000,500,RETURNED,Delhi,Delhi,NET_BANKING
106144,2026-08-02,103,Sita,506,Headphones,Electronics,4,5000,2000,RETURNED,Chennai,Tamil Nadu,COD
106145,2026-08-27,110,Vikram,510,Bookshelf,Furniture,4,12000,500,COMPLETED,Kolkata,West Bengal,UPI
106146,2026-08-10,101,Ravi,502,Mouse,Electronics,1,1000,500,COMPLETED,Hyderabad,Telangana,CARD
106147,2026-08-01,105,Priya,507,Desk,Furniture,4,15000,200,COMPLETED,Mumbai,Maharashtra,CARD
106148,2026-08-30,104,Kumar,509,Monitor,Electronics,4,20000,0,CANCELLED,Bangalore,Karnataka,NET_BANKING
106149,2026-08-06,110,Vikram,506,Headphones,Electronics,5,5000,1000,CANCELLED,Kolkata,West Bengal,NET_BANKING
106150,2026-08-22,108,Arjun,506,Headphones,Electronics,4,5000,2000,COMPLETED,Hyderabad,Telangana,COD
106151,2026-08-06,110,Vikram,509,Monitor,Electronics,5,20000,200,COMPLETED,Kolkata,West Bengal,NET_BANKING
106152,2026-08-16,106,Ramesh,508,Mobile,Electronics,5,25000,5000,COMPLETED,Pune,Maharashtra,CARD
106153,2026-08-14,107,Lakshmi,508,Mobile,Electronics,1,25000,5000,COMPLETED,Chennai,Tamil Nadu,UPI
106154,2026-08-19,101,Ravi,506,Headphones,Electronics,2,5000,500,CANCELLED,Hyderabad,Telangana,UPI
106155,2026-08-25,106,Ramesh,501,Laptop,Electronics,3,60000,200,COMPLETED,Pune,Maharashtra,UPI
106156,2026-08-26,104,Kumar,506,Headphones,Electronics,4,5000,0,COMPLETED,Bangalore,Karnataka,NET_BANKING
106157,2026-08-20,109,Sneha,507,Desk,Furniture,4,15000,2000,CANCELLED,Delhi,Delhi,UPI
106158,2026-08-07,110,Vikram,507,Desk,Furniture,3,15000,500,CANCELLED,Kolkata,West Bengal,COD
106159,2026-08-30,107,Lakshmi,501,Laptop,Electronics,4,60000,1000,COMPLETED,Chennai,Tamil Nadu,CARD
106160,2026-08-03,102,Anil,501,Laptop,Electronics,5,60000,500,COMPLETED,Hyderabad,Telangana,COD
106161,2026-08-13,103,Sita,503,Chair,Furniture,3,8000,500,COMPLETED,Chennai,Tamil Nadu,UPI
106162,2026-08-12,103,Sita,505,Table,Furniture,5,10000,500,COMPLETED,Chennai,Tamil Nadu,NET_BANKING
106163,2026-08-11,110,Vikram,504,Keyboard,Electronics,4,3000,1000,COMPLETED,Kolkata,West Bengal,NET_BANKING
106164,2026-08-21,103,Sita,505,Table,Furniture,2,10000,5000,RETURNED,Chennai,Tamil Nadu,COD
106165,2026-08-02,110,Vikram,506,Headphones,Electronics,4,5000,2000,CANCELLED,Kolkata,West Bengal,NET_BANKING
106166,2026-08-29,106,Ramesh,508,Mobile,Electronics,2,25000,5000,COMPLETED,Pune,Maharashtra,NET_BANKING
106167,2026-08-03,103,Sita,506,Headphones,Electronics,2,5000,100,COMPLETED,Chennai,Tamil Nadu,NET_BANKING
106168,2026-08-26,107,Lakshmi,508,Mobile,Electronics,5,25000,0,COMPLETED,Chennai,Tamil Nadu,COD
106169,2026-08-28,106,Ramesh,503,Chair,Furniture,2,8000,5000,COMPLETED,Pune,Maharashtra,CARD
106170,2026-08-19,110,Vikram,505,Table,Furniture,4,10000,1000,COMPLETED,Kolkata,West Bengal,CARD
106171,2026-08-16,110,Vikram,507,Desk,Furniture,3,15000,0,COMPLETED,Kolkata,West Bengal,UPI
106172,2026-08-11,104,Kumar,509,Monitor,Electronics,3,20000,0,COMPLETED,Bangalore,Karnataka,UPI
106173,2026-08-09,101,Ravi,509,Monitor,Electronics,1,20000,1000,COMPLETED,Hyderabad,Telangana,UPI
106174,2026-08-05,103,Sita,505,Table,Furniture,4,10000,1000,COMPLETED,Chennai,Tamil Nadu,NET_BANKING
106175,2026-08-11,104,Kumar,509,Monitor,Electronics,1,20000,200,CANCELLED,Bangalore,Karnataka,COD
106176,2026-08-11,107,Lakshmi,504,Keyboard,Electronics,2,3000,500,COMPLETED,Chennai,Tamil Nadu,UPI
106177,2026-08-24,105,Priya,503,Chair,Furniture,4,8000,100,COMPLETED,Mumbai,Maharashtra,NET_BANKING
106178,2026-08-12,101,Ravi,509,Monitor,Electronics,2,20000,0,COMPLETED,Hyderabad,Telangana,CARD
106179,2026-08-29,104,Kumar,505,Table,Furniture,4,10000,0,COMPLETED,Bangalore,Karnataka,COD
106180,2026-08-07,109,Sneha,508,Mobile,Electronics,4,25000,100,COMPLETED,Delhi,Delhi,CARD
106181,2026-08-20,107,Lakshmi,506,Headphones,Electronics,2,5000,200,CANCELLED,Chennai,Tamil Nadu,UPI
106182,2026-08-23,105,Priya,502,Mouse,Electronics,5,1000,0,COMPLETED,Mumbai,Maharashtra,UPI
106183,2026-08-08,107,Lakshmi,501,Laptop,Electronics,2,60000,200,COMPLETED,Chennai,Tamil Nadu,NET_BANKING
106184,2026-08-03,105,Priya,505,Table,Furniture,5,10000,500,COMPLETED,Mumbai,Maharashtra,COD
106185,2026-08-22,107,Lakshmi,501,Laptop,Electronics,2,60000,0,COMPLETED,Chennai,Tamil Nadu,CARD
106186,2026-08-16,102,Anil,504,Keyboard,Electronics,5,3000,0,CANCELLED,Hyderabad,Telangana,CARD
106187,2026-08-19,102,Anil,501,Laptop,Electronics,2,60000,2000,COMPLETED,Hyderabad,Telangana,COD
106188,2026-08-26,108,Arjun,508,Mobile,Electronics,4,25000,5000,COMPLETED,Hyderabad,Telangana,COD
106189,2026-08-13,106,Ramesh,508,Mobile,Electronics,3,25000,1000,COMPLETED,Pune,Maharashtra,NET_BANKING
106190,2026-08-29,106,Ramesh,510,Bookshelf,Furniture,1,12000,200,COMPLETED,Pune,Maharashtra,UPI
106191,2026-08-26,110,Vikram,506,Headphones,Electronics,3,5000,200,COMPLETED,Kolkata,West Bengal,UPI
106192,2026-08-05,102,Anil,501,Laptop,Electronics,4,60000,200,COMPLETED,Hyderabad,Telangana,NET_BANKING
106193,2026-08-08,106,Ramesh,504,Keyboard,Electronics,1,3000,100,COMPLETED,Pune,Maharashtra,CARD
106194,2026-08-07,104,Kumar,502,Mouse,Electronics,3,1000,0,COMPLETED,Bangalore,Karnataka,NET_BANKING
106195,2026-08-15,106,Ramesh,501,Laptop,Electronics,1,60000,100,COMPLETED,Pune,Maharashtra,NET_BANKING
106196,2026-08-05,101,Ravi,507,Desk,Furniture,4,15000,0,COMPLETED,Hyderabad,Telangana,COD
106197,2026-08-11,105,Priya,502,Mouse,Electronics,1,1000,500,COMPLETED,Mumbai,Maharashtra,COD
106198,2026-08-04,107,Lakshmi,503,Chair,Furniture,4,8000,500,COMPLETED,Chennai,Tamil Nadu,CARD
106199,2026-08-15,105,Priya,503,Chair,Furniture,5,8000,5000,COMPLETED,Mumbai,Maharashtra,UPI
106200,2026-08-10,103,Sita,510,Bookshelf,Furniture,1,12000,2000,COMPLETED,Chennai,Tamil Nadu,NET_BANKING
106201,2026-08-12,108,Arjun,503,Chair,Furniture,2,8000,0,COMPLETED,Hyderabad,Telangana,CARD
106202,2026-08-20,106,Ramesh,509,Monitor,Electronics,2,20000,5000,COMPLETED,Pune,Maharashtra,UPI
106203,2026-08-18,103,Sita,506,Headphones,Electronics,2,5000,500,COMPLETED,Chennai,Tamil Nadu,UPI
106204,2026-08-31,110,Vikram,510,Bookshelf,Furniture,3,12000,1000,COMPLETED,Kolkata,West Bengal,COD
106205,2026-08-19,106,Ramesh,510,Bookshelf,Furniture,1,12000,500,COMPLETED,Pune,Maharashtra,COD
106206,2026-08-14,105,Priya,505,Table,Furniture,3,10000,1000,COMPLETED,Mumbai,Maharashtra,CARD
106207,2026-08-01,110,Vikram,501,Laptop,Electronics,3,60000,0,COMPLETED,Kolkata,West Bengal,CARD
106208,2026-08-29,105,Priya,503,Chair,Furniture,5,8000,2000,COMPLETED,Mumbai,Maharashtra,NET_BANKING
106209,2026-08-16,106,Ramesh,505,Table,Furniture,1,10000,0,COMPLETED,Pune,Maharashtra,COD
106210,2026-08-22,108,Arjun,510,Bookshelf,Furniture,3,12000,0,COMPLETED,Hyderabad,Telangana,NET_BANKING
106211,2026-08-31,107,Lakshmi,508,Mobile,Electronics,1,25000,200,COMPLETED,Chennai,Tamil Nadu,COD
106212,2026-08-29,103,Sita,506,Headphones,Electronics,1,5000,100,COMPLETED,Chennai,Tamil Nadu,UPI
106213,2026-08-22,101,Ravi,505,Table,Furniture,1,10000,5000,COMPLETED,Hyderabad,Telangana,UPI
106214,2026-08-09,108,Arjun,504,Keyboard,Electronics,4,3000,0,CANCELLED,Hyderabad,Telangana,CARD
106215,2026-08-04,102,Anil,507,Desk,Furniture,2,15000,500,COMPLETED,Hyderabad,Telangana,COD
106216,2026-08-05,110,Vikram,510,Bookshelf,Furniture,1,12000,2000,COMPLETED,Kolkata,West Bengal,NET_BANKING
106217,2026-08-27,108,Arjun,506,Headphones,Electronics,2,5000,5000,COMPLETED,Hyderabad,Telangana,NET_BANKING
106218,2026-08-23,103,Sita,509,Monitor,Electronics,2,20000,100,RETURNED,Chennai,Tamil Nadu,COD
106219,2026-08-11,108,Arjun,509,Monitor,Electronics,1,20000,1000,CANCELLED,Hyderabad,Telangana,UPI
106220,2026-08-17,107,Lakshmi,507,Desk,Furniture,5,15000,0,COMPLETED,Chennai,Tamil Nadu,NET_BANKING
106221,2026-08-23,108,Arjun,502,Mouse,Electronics,3,1000,1000,COMPLETED,Hyderabad,Telangana,COD
106222,2026-08-14,102,Anil,507,Desk,Furniture,5,15000,500,COMPLETED,Hyderabad,Telangana,CARD
106223,2026-08-13,107,Lakshmi,504,Keyboard,Electronics,3,3000,2000,COMPLETED,Chennai,Tamil Nadu,UPI
106224,2026-08-29,106,Ramesh,510,Bookshelf,Furniture,3,12000,1000,COMPLETED,Pune,Maharashtra,COD
106225,2026-08-08,102,Anil,502,Mouse,Electronics,2,1000,1000,COMPLETED,Hyderabad,Telangana,CARD
106226,2026-08-09,103,Sita,503,Chair,Furniture,3,8000,0,COMPLETED,Chennai,Tamil Nadu,CARD
106227,2026-08-20,106,Ramesh,507,Desk,Furniture,4,15000,0,COMPLETED,Pune,Maharashtra,CARD
106228,2026-08-21,102,Anil,503,Chair,Furniture,4,8000,5000,CANCELLED,Hyderabad,Telangana,NET_BANKING
106229,2026-08-19,109,Sneha,507,Desk,Furniture,4,15000,500,COMPLETED,Delhi,Delhi,COD
106230,2026-08-21,110,Vikram,509,Monitor,Electronics,5,20000,2000,CANCELLED,Kolkata,West Bengal,CARD
106231,2026-08-14,102,Anil,510,Bookshelf,Furniture,2,12000,0,COMPLETED,Hyderabad,Telangana,CARD
106232,2026-08-09,108,Arjun,501,Laptop,Electronics,2,60000,2000,COMPLETED,Hyderabad,Telangana,CARD
106233,2026-08-27,103,Sita,506,Headphones,Electronics,5,5000,0,COMPLETED,Chennai,Tamil Nadu,NET_BANKING
106234,2026-08-01,103,Sita,504,Keyboard,Electronics,1,3000,100,COMPLETED,Chennai,Tamil Nadu,NET_BANKING
106235,2026-08-30,107,Lakshmi,510,Bookshelf,Furniture,1,12000,0,COMPLETED,Chennai,Tamil Nadu,COD
106236,2026-08-25,104,Kumar,502,Mouse,Electronics,5,1000,0,COMPLETED,Bangalore,Karnataka,COD
106237,2026-08-22,104,Kumar,508,Mobile,Electronics,1,25000,1000,CANCELLED,Bangalore,Karnataka,NET_BANKING
106238,2026-08-01,104,Kumar,507,Desk,Furniture,4,15000,100,COMPLETED,Bangalore,Karnataka,CARD
106239,2026-08-07,101,Ravi,507,Desk,Furniture,3,15000,2000,COMPLETED,Hyderabad,Telangana,CARD
106240,2026-08-15,106,Ramesh,508,Mobile,Electronics,3,25000,2000,COMPLETED,Pune,Maharashtra,NET_BANKING
106241,2026-08-17,103,Sita,510,Bookshelf,Furniture,3,12000,0,COMPLETED,Chennai,Tamil Nadu,NET_BANKING
106242,2026-08-07,101,Ravi,501,Laptop,Electronics,2,60000,5000,COMPLETED,Hyderabad,Telangana,UPI
106243,2026-08-10,104,Kumar,503,Chair,Furniture,5,8000,100,CANCELLED,Bangalore,Karnataka,COD
106244,2026-08-07,105,Priya,507,Desk,Furniture,3,15000,100,CANCELLED,Mumbai,Maharashtra,CARD
106245,2026-08-03,106,Ramesh,507,Desk,Furniture,1,15000,100,COMPLETED,Pune,Maharashtra,CARD
106246,2026-08-22,109,Sneha,501,Laptop,Electronics,4,60000,1000,COMPLETED,Delhi,Delhi,COD
106247,2026-08-18,103,Sita,502,Mouse,Electronics,3,1000,200,COMPLETED,Chennai,Tamil Nadu,UPI
106248,2026-08-21,102,Anil,502,Mouse,Electronics,2,1000,0,COMPLETED,Hyderabad,Telangana,COD
106249,2026-08-26,110,Vikram,501,Laptop,Electronics,2,60000,2000,COMPLETED,Kolkata,West Bengal,COD
106250,2026-08-13,107,Lakshmi,504,Keyboard,Electronics,5,3000,500,COMPLETED,Chennai,Tamil Nadu,CARD
106251,2026-08-21,109,Sneha,502,Mouse,Electronics,2,1000,100,COMPLETED,Delhi,Delhi,NET_BANKING
106252,2026-08-09,110,Vikram,509,Monitor,Electronics,3,20000,0,COMPLETED,Kolkata,West Bengal,CARD
106253,2026-08-02,108,Arjun,510,Bookshelf,Furniture,2,12000,500,COMPLETED,Hyderabad,Telangana,CARD
106254,2026-08-07,108,Arjun,506,Headphones,Electronics,3,5000,200,CANCELLED,Hyderabad,Telangana,UPI
106255,2026-08-23,104,Kumar,503,Chair,Furniture,3,8000,1000,COMPLETED,Bangalore,Karnataka,COD
106256,2026-08-15,106,Ramesh,507,Desk,Furniture,1,15000,1000,COMPLETED,Pune,Maharashtra,CARD
106257,2026-08-13,101,Ravi,506,Headphones,Electronics,5,5000,5000,COMPLETED,Hyderabad,Telangana,UPI
106258,2026-08-05,108,Arjun,502,Mouse,Electronics,4,1000,1000,COMPLETED,Hyderabad,Telangana,NET_BANKING
106259,2026-08-26,110,Vikram,505,Table,Furniture,5,10000,0,COMPLETED,Kolkata,West Bengal,NET_BANKING
106260,2026-08-31,103,Sita,510,Bookshelf,Furniture,5,12000,200,COMPLETED,Chennai,Tamil Nadu,CARD
106261,2026-08-11,101,Ravi,502,Mouse,Electronics,1,1000,500,COMPLETED,Hyderabad,Telangana,COD
106262,2026-08-14,108,Arjun,508,Mobile,Electronics,3,25000,0,COMPLETED,Hyderabad,Telangana,COD
106263,2026-08-28,102,Anil,507,Desk,Furniture,3,15000,5000,COMPLETED,Hyderabad,Telangana,NET_BANKING
106264,2026-08-29,103,Sita,509,Monitor,Electronics,2,20000,100,CANCELLED,Chennai,Tamil Nadu,COD
106265,2026-08-21,102,Anil,510,Bookshelf,Furniture,3,12000,500,CANCELLED,Hyderabad,Telangana,UPI
106266,2026-08-10,103,Sita,510,Bookshelf,Furniture,5,12000,500,COMPLETED,Chennai,Tamil Nadu,NET_BANKING
106267,2026-08-24,104,Kumar,505,Table,Furniture,3,10000,5000,COMPLETED,Bangalore,Karnataka,COD
106268,2026-08-24,107,Lakshmi,502,Mouse,Electronics,2,1000,2000,COMPLETED,Chennai,Tamil Nadu,NET_BANKING
106269,2026-08-23,101,Ravi,501,Laptop,Electronics,5,60000,0,CANCELLED,Hyderabad,Telangana,NET_BANKING
106270,2026-08-24,110,Vikram,506,Headphones,Electronics,4,5000,5000,COMPLETED,Kolkata,West Bengal,CARD
106271,2026-08-19,103,Sita,504,Keyboard,Electronics,3,3000,200,COMPLETED,Chennai,Tamil Nadu,UPI
106272,2026-08-25,102,Anil,510,Bookshelf,Furniture,3,12000,0,COMPLETED,Hyderabad,Telangana,COD
106273,2026-08-13,101,Ravi,507,Desk,Furniture,1,15000,1000,CANCELLED,Hyderabad,Telangana,CARD
106274,2026-08-23,107,Lakshmi,501,Laptop,Electronics,5,60000,5000,COMPLETED,Chennai,Tamil Nadu,UPI
106275,2026-08-01,108,Arjun,503,Chair,Furniture,2,8000,0,COMPLETED,Hyderabad,Telangana,CARD
106276,2026-08-04,109,Sneha,509,Monitor,Electronics,1,20000,100,COMPLETED,Delhi,Delhi,COD
106277,2026-08-14,107,Lakshmi,508,Mobile,Electronics,2,25000,5000,COMPLETED,Chennai,Tamil Nadu,UPI
106278,2026-08-08,104,Kumar,508,Mobile,Electronics,3,25000,500,COMPLETED,Bangalore,Karnataka,CARD
106279,2026-08-14,107,Lakshmi,506,Headphones,Electronics,4,5000,0,COMPLETED,Chennai,Tamil Nadu,UPI
106280,2026-08-12,110,Vikram,501,Laptop,Electronics,4,60000,1000,COMPLETED,Kolkata,West Bengal,NET_BANKING
106281,2026-08-14,104,Kumar,510,Bookshelf,Furniture,4,12000,5000,COMPLETED,Bangalore,Karnataka,NET_BANKING
106282,2026-08-27,105,Priya,507,Desk,Furniture,4,15000,200,COMPLETED,Mumbai,Maharashtra,CARD
106283,2026-08-09,102,Anil,507,Desk,Furniture,5,15000,0,COMPLETED,Hyderabad,Telangana,NET_BANKING
106284,2026-08-29,105,Priya,507,Desk,Furniture,5,15000,5000,RETURNED,Mumbai,Maharashtra,CARD
106285,2026-08-17,101,Ravi,506,Headphones,Electronics,5,5000,2000,COMPLETED,Hyderabad,Telangana,UPI
106286,2026-08-11,101,Ravi,503,Chair,Furniture,2,8000,0,COMPLETED,Hyderabad,Telangana,CARD
106287,2026-08-05,107,Lakshmi,507,Desk,Furniture,3,15000,500,COMPLETED,Chennai,Tamil Nadu,UPI
106288,2026-08-11,101,Ravi,510,Bookshelf,Furniture,5,12000,0,COMPLETED,Hyderabad,Telangana,UPI
106289,2026-08-13,102,Anil,505,Table,Furniture,1,10000,1000,COMPLETED,Hyderabad,Telangana,COD
106290,2026-08-01,101,Ravi,501,Laptop,Electronics,1,60000,0,COMPLETED,Hyderabad,Telangana,COD
106291,2026-08-17,104,Kumar,509,Monitor,Electronics,3,20000,500,COMPLETED,Bangalore,Karnataka,COD
106292,2026-08-24,104,Kumar,505,Table,Furniture,4,10000,500,COMPLETED,Bangalore,Karnataka,COD
106293,2026-08-27,110,Vikram,504,Keyboard,Electronics,5,3000,0,COMPLETED,Kolkata,West Bengal,NET_BANKING
106294,2026-08-04,102,Anil,504,Keyboard,Electronics,5,3000,1000,COMPLETED,Hyderabad,Telangana,COD
106295,2026-08-17,108,Arjun,502,Mouse,Electronics,2,1000,100,COMPLETED,Hyderabad,Telangana,CARD
106296,2026-08-10,101,Ravi,506,Headphones,Electronics,2,5000,500,COMPLETED,Hyderabad,Telangana,CARD
106297,2026-08-04,106,Ramesh,502,Mouse,Electronics,1,1000,0,COMPLETED,Pune,Maharashtra,NET_BANKING
106298,2026-08-28,110,Vikram,505,Table,Furniture,1,10000,500,COMPLETED,Kolkata,West Bengal,NET_BANKING
106299,2026-08-11,102,Anil,503,Chair,Furniture,5,8000,5000,COMPLETED,Hyderabad,Telangana,UPI
106300,2026-08-08,104,Kumar,503,Chair,Furniture,5,8000,5000,CANCELLED,Bangalore,Karnataka,COD
106301,2026-08-28,108,Arjun,507,Desk,Furniture,4,15000,0,COMPLETED,Hyderabad,Telangana,COD
106302,2026-08-19,103,Sita,509,Monitor,Electronics,3,20000,0,COMPLETED,Chennai,Tamil Nadu,NET_BANKING
106303,2026-08-19,101,Ravi,504,Keyboard,Electronics,5,3000,5000,COMPLETED,Hyderabad,Telangana,CARD
106304,2026-08-10,109,Sneha,508,Mobile,Electronics,3,25000,200,COMPLETED,Delhi,Delhi,UPI
106305,2026-08-14,109,Sneha,504,Keyboard,Electronics,2,3000,100,CANCELLED,Delhi,Delhi,CARD
106306,2026-08-23,110,Vikram,508,Mobile,Electronics,1,25000,100,COMPLETED,Kolkata,West Bengal,COD
106307,2026-08-06,104,Kumar,509,Monitor,Electronics,1,20000,5000,COMPLETED,Bangalore,Karnataka,NET_BANKING
106308,2026-08-03,105,Priya,509,Monitor,Electronics,5,20000,1000,COMPLETED,Mumbai,Maharashtra,CARD
106309,2026-08-03,104,Kumar,502,Mouse,Electronics,4,1000,2000,COMPLETED,Bangalore,Karnataka,NET_BANKING
106310,2026-08-13,108,Arjun,508,Mobile,Electronics,4,25000,5000,COMPLETED,Hyderabad,Telangana,CARD
106311,2026-08-20,109,Sneha,509,Monitor,Electronics,2,20000,0,COMPLETED,Delhi,Delhi,UPI
106312,2026-08-15,103,Sita,509,Monitor,Electronics,3,20000,5000,COMPLETED,Chennai,Tamil Nadu,UPI
106313,2026-08-20,106,Ramesh,509,Monitor,Electronics,2,20000,200,CANCELLED,Pune,Maharashtra,UPI
106314,2026-08-01,104,Kumar,507,Desk,Furniture,4,15000,5000,COMPLETED,Bangalore,Karnataka,COD
106315,2026-08-28,102,Anil,510,Bookshelf,Furniture,2,12000,500,RETURNED,Hyderabad,Telangana,COD
106316,2026-08-11,103,Sita,507,Desk,Furniture,3,15000,5000,COMPLETED,Chennai,Tamil Nadu,CARD
106317,2026-08-19,107,Lakshmi,505,Table,Furniture,4,10000,5000,COMPLETED,Chennai,Tamil Nadu,NET_BANKING
106318,2026-08-11,102,Anil,505,Table,Furniture,2,10000,5000,COMPLETED,Hyderabad,Telangana,CARD
106319,2026-08-24,106,Ramesh,508,Mobile,Electronics,3,25000,500,CANCELLED,Pune,Maharashtra,CARD
106320,2026-08-24,106,Ramesh,503,Chair,Furniture,4,8000,0,CANCELLED,Pune,Maharashtra,UPI
106321,2026-08-31,109,Sneha,506,Headphones,Electronics,1,5000,0,COMPLETED,Delhi,Delhi,NET_BANKING
106322,2026-08-29,107,Lakshmi,508,Mobile,Electronics,2,25000,200,COMPLETED,Chennai,Tamil Nadu,NET_BANKING
106323,2026-08-15,102,Anil,506,Headphones,Electronics,4,5000,500,CANCELLED,Hyderabad,Telangana,COD
106324,2026-08-21,108,Arjun,501,Laptop,Electronics,3,60000,0,COMPLETED,Hyderabad,Telangana,COD
106325,2026-08-20,109,Sneha,501,Laptop,Electronics,5,60000,200,COMPLETED,Delhi,Delhi,CARD
106326,2026-08-08,102,Anil,510,Bookshelf,Furniture,3,12000,2000,COMPLETED,Hyderabad,Telangana,UPI
106327,2026-08-11,103,Sita,508,Mobile,Electronics,5,25000,2000,COMPLETED,Chennai,Tamil Nadu,CARD
106328,2026-08-13,105,Priya,506,Headphones,Electronics,2,5000,200,COMPLETED,Mumbai,Maharashtra,CARD
106329,2026-08-20,104,Kumar,505,Table,Furniture,3,10000,100,COMPLETED,Bangalore,Karnataka,NET_BANKING
106330,2026-08-11,108,Arjun,501,Laptop,Electronics,1,60000,1000,COMPLETED,Hyderabad,Telangana,COD
106331,2026-08-13,109,Sneha,503,Chair,Furniture,2,8000,0,COMPLETED,Delhi,Delhi,CARD
106332,2026-08-22,103,Sita,505,Table,Furniture,2,10000,5000,COMPLETED,Chennai,Tamil Nadu,COD
106333,2026-08-24,102,Anil,509,Monitor,Electronics,4,20000,100,CANCELLED,Hyderabad,Telangana,COD
106334,2026-08-31,110,Vikram,508,Mobile,Electronics,3,25000,5000,COMPLETED,Kolkata,West Bengal,CARD
106335,2026-08-01,104,Kumar,508,Mobile,Electronics,2,25000,1000,COMPLETED,Bangalore,Karnataka,NET_BANKING
106336,2026-08-25,108,Arjun,509,Monitor,Electronics,4,20000,100,COMPLETED,Hyderabad,Telangana,UPI
106337,2026-08-30,110,Vikram,504,Keyboard,Electronics,1,3000,100,COMPLETED,Kolkata,West Bengal,NET_BANKING
106338,2026-08-30,102,Anil,503,Chair,Furniture,2,8000,100,COMPLETED,Hyderabad,Telangana,UPI
106339,2026-08-12,107,Lakshmi,503,Chair,Furniture,2,8000,500,CANCELLED,Chennai,Tamil Nadu,UPI
106340,2026-08-09,109,Sneha,506,Headphones,Electronics,3,5000,1000,COMPLETED,Delhi,Delhi,UPI
106341,2026-08-06,109,Sneha,510,Bookshelf,Furniture,3,12000,200,COMPLETED,Delhi,Delhi,NET_BANKING
106342,2026-08-29,101,Ravi,501,Laptop,Electronics,2,60000,1000,COMPLETED,Hyderabad,Telangana,CARD
106343,2026-08-29,101,Ravi,504,Keyboard,Electronics,2,3000,100,COMPLETED,Hyderabad,Telangana,COD
106344,2026-08-22,104,Kumar,506,Headphones,Electronics,3,5000,0,COMPLETED,Bangalore,Karnataka,COD
106345,2026-08-31,110,Vikram,509,Monitor,Electronics,4,20000,1000,COMPLETED,Kolkata,West Bengal,UPI
106346,2026-08-19,107,Lakshmi,509,Monitor,Electronics,4,20000,100,COMPLETED,Chennai,Tamil Nadu,CARD
106347,2026-08-02,103,Sita,506,Headphones,Electronics,5,5000,2000,COMPLETED,Chennai,Tamil Nadu,COD
106348,2026-08-13,109,Sneha,506,Headphones,Electronics,3,5000,200,COMPLETED,Delhi,Delhi,COD
106349,2026-08-22,107,Lakshmi,501,Laptop,Electronics,5,60000,100,COMPLETED,Chennai,Tamil Nadu,UPI
106350,2026-08-28,110,Vikram,503,Chair,Furniture,3,8000,5000,COMPLETED,Kolkata,West Bengal,NET_BANKING
106351,2026-08-30,107,Lakshmi,508,Mobile,Electronics,2,25000,2000,COMPLETED,Chennai,Tamil Nadu,UPI
106352,2026-08-08,107,Lakshmi,504,Keyboard,Electronics,1,3000,500,COMPLETED,Chennai,Tamil Nadu,UPI
106353,2026-08-06,102,Anil,508,Mobile,Electronics,4,25000,100,COMPLETED,Hyderabad,Telangana,UPI
106354,2026-08-23,104,Kumar,504,Keyboard,Electronics,4,3000,500,COMPLETED,Bangalore,Karnataka,UPI
106355,2026-08-26,109,Sneha,505,Table,Furniture,4,10000,500,COMPLETED,Delhi,Delhi,UPI
106356,2026-08-26,102,Anil,507,Desk,Furniture,2,15000,500,COMPLETED,Hyderabad,Telangana,CARD
106357,2026-08-31,101,Ravi,504,Keyboard,Electronics,1,3000,0,CANCELLED,Hyderabad,Telangana,UPI
106358,2026-08-08,107,Lakshmi,507,Desk,Furniture,4,15000,2000,COMPLETED,Chennai,Tamil Nadu,CARD
106359,2026-08-12,109,Sneha,505,Table,Furniture,3,10000,500,COMPLETED,Delhi,Delhi,NET_BANKING
106360,2026-08-21,101,Ravi,509,Monitor,Electronics,3,20000,5000,COMPLETED,Hyderabad,Telangana,COD
106361,2026-08-29,103,Sita,503,Chair,Furniture,5,8000,1000,COMPLETED,Chennai,Tamil Nadu,UPI
106362,2026-08-10,101,Ravi,509,Monitor,Electronics,5,20000,2000,COMPLETED,Hyderabad,Telangana,UPI
106363,2026-08-24,107,Lakshmi,507,Desk,Furniture,1,15000,0,COMPLETED,Chennai,Tamil Nadu,COD
106364,2026-08-14,101,Ravi,505,Table,Furniture,5,10000,0,COMPLETED,Hyderabad,Telangana,UPI
106365,2026-08-20,108,Arjun,505,Table,Furniture,3,10000,200,COMPLETED,Hyderabad,Telangana,UPI
106366,2026-08-29,107,Lakshmi,503,Chair,Furniture,3,8000,500,COMPLETED,Chennai,Tamil Nadu,UPI
106367,2026-08-21,107,Lakshmi,507,Desk,Furniture,4,15000,500,COMPLETED,Chennai,Tamil Nadu,COD
106368,2026-08-30,104,Kumar,503,Chair,Furniture,1,8000,2000,COMPLETED,Bangalore,Karnataka,UPI
106369,2026-08-05,103,Sita,505,Table,Furniture,2,10000,200,COMPLETED,Chennai,Tamil Nadu,NET_BANKING
106370,2026-08-15,105,Priya,501,Laptop,Electronics,1,60000,0,COMPLETED,Mumbai,Maharashtra,UPI
106371,2026-08-20,108,Arjun,503,Chair,Furniture,5,8000,1000,COMPLETED,Hyderabad,Telangana,CARD
106372,2026-08-12,104,Kumar,501,Laptop,Electronics,1,60000,2000,COMPLETED,Bangalore,Karnataka,COD
106373,2026-08-18,102,Anil,505,Table,Furniture,3,10000,200,COMPLETED,Hyderabad,Telangana,CARD
106374,2026-08-25,102,Anil,508,Mobile,Electronics,1,25000,500,COMPLETED,Hyderabad,Telangana,NET_BANKING
106375,2026-08-24,106,Ramesh,505,Table,Furniture,1,10000,100,COMPLETED,Pune,Maharashtra,CARD
106376,2026-08-06,105,Priya,510,Bookshelf,Furniture,2,12000,0,COMPLETED,Mumbai,Maharashtra,UPI
106377,2026-08-02,106,Ramesh,503,Chair,Furniture,5,8000,1000,COMPLETED,Pune,Maharashtra,UPI
106378,2026-08-18,108,Arjun,507,Desk,Furniture,1,15000,0,COMPLETED,Hyderabad,Telangana,COD
106379,2026-08-06,110,Vikram,507,Desk,Furniture,3,15000,0,COMPLETED,Kolkata,West Bengal,UPI
106380,2026-08-23,108,Arjun,504,Keyboard,Electronics,2,3000,500,RETURNED,Hyderabad,Telangana,UPI
106381,2026-08-10,104,Kumar,510,Bookshelf,Furniture,2,12000,0,COMPLETED,Bangalore,Karnataka,CARD
106382,2026-08-24,106,Ramesh,501,Laptop,Electronics,2,60000,5000,COMPLETED,Pune,Maharashtra,COD
106383,2026-08-18,103,Sita,504,Keyboard,Electronics,2,3000,500,COMPLETED,Chennai,Tamil Nadu,UPI
106384,2026-08-21,104,Kumar,508,Mobile,Electronics,4,25000,1000,COMPLETED,Bangalore,Karnataka,CARD
106385,2026-08-19,110,Vikram,510,Bookshelf,Furniture,3,12000,100,CANCELLED,Kolkata,West Bengal,NET_BANKING
106386,2026-08-07,109,Sneha,501,Laptop,Electronics,2,60000,0,COMPLETED,Delhi,Delhi,COD
106387,2026-08-10,105,Priya,502,Mouse,Electronics,5,1000,2000,COMPLETED,Mumbai,Maharashtra,CARD
106388,2026-08-21,103,Sita,510,Bookshelf,Furniture,1,12000,1000,COMPLETED,Chennai,Tamil Nadu,NET_BANKING
106389,2026-08-30,101,Ravi,505,Table,Furniture,5,10000,5000,COMPLETED,Hyderabad,Telangana,UPI
106390,2026-08-01,106,Ramesh,510,Bookshelf,Furniture,3,12000,0,COMPLETED,Pune,Maharashtra,CARD
106391,2026-08-16,104,Kumar,508,Mobile,Electronics,2,25000,0,COMPLETED,Bangalore,Karnataka,UPI
106392,2026-08-10,108,Arjun,505,Table,Furniture,3,10000,5000,COMPLETED,Hyderabad,Telangana,CARD
106393,2026-08-23,110,Vikram,502,Mouse,Electronics,1,1000,5000,COMPLETED,Kolkata,West Bengal,COD
106394,2026-08-01,105,Priya,501,Laptop,Electronics,2,60000,500,COMPLETED,Mumbai,Maharashtra,COD
106395,2026-08-23,109,Sneha,509,Monitor,Electronics,3,20000,2000,COMPLETED,Delhi,Delhi,COD
106396,2026-08-10,104,Kumar,508,Mobile,Electronics,3,25000,2000,COMPLETED,Bangalore,Karnataka,COD
106397,2026-08-05,101,Ravi,508,Mobile,Electronics,2,25000,2000,COMPLETED,Hyderabad,Telangana,UPI
106398,2026-08-09,105,Priya,508,Mobile,Electronics,1,25000,100,COMPLETED,Mumbai,Maharashtra,UPI
106399,2026-08-07,109,Sneha,501,Laptop,Electronics,4,60000,200,COMPLETED,Delhi,Delhi,CARD
106400,2026-08-26,106,Ramesh,503,Chair,Furniture,5,8000,500,COMPLETED,Pune,Maharashtra,NET_BANKING
106401,2026-08-08,104,Kumar,510,Bookshelf,Furniture,3,12000,0,COMPLETED,Bangalore,Karnataka,UPI
106402,2026-08-20,103,Sita,507,Desk,Furniture,3,15000,5000,COMPLETED,Chennai,Tamil Nadu,NET_BANKING
106403,2026-08-14,103,Sita,507,Desk,Furniture,5,15000,500,COMPLETED,Chennai,Tamil Nadu,UPI
106404,2026-08-14,104,Kumar,502,Mouse,Electronics,2,1000,2000,COMPLETED,Bangalore,Karnataka,UPI
106405,2026-08-05,108,Arjun,506,Headphones,Electronics,3,5000,0,COMPLETED,Hyderabad,Telangana,NET_BANKING
106406,2026-08-13,104,Kumar,508,Mobile,Electronics,3,25000,100,COMPLETED,Bangalore,Karnataka,CARD
106407,2026-08-01,110,Vikram,504,Keyboard,Electronics,2,3000,1000,COMPLETED,Kolkata,West Bengal,NET_BANKING
106408,2026-08-02,103,Sita,507,Desk,Furniture,5,15000,1000,COMPLETED,Chennai,Tamil Nadu,CARD
106409,2026-08-27,110,Vikram,509,Monitor,Electronics,4,20000,200,COMPLETED,Kolkata,West Bengal,UPI
106410,2026-08-09,102,Anil,502,Mouse,Electronics,5,1000,5000,CANCELLED,Hyderabad,Telangana,NET_BANKING
106411,2026-08-09,108,Arjun,506,Headphones,Electronics,4,5000,200,CANCELLED,Hyderabad,Telangana,COD
106412,2026-08-09,108,Arjun,501,Laptop,Electronics,5,60000,0,COMPLETED,Hyderabad,Telangana,COD
106413,2026-08-03,108,Arjun,509,Monitor,Electronics,5,20000,500,COMPLETED,Hyderabad,Telangana,COD
106414,2026-08-16,106,Ramesh,510,Bookshelf,Furniture,4,12000,200,COMPLETED,Pune,Maharashtra,COD
106415,2026-08-22,102,Anil,501,Laptop,Electronics,2,60000,500,COMPLETED,Hyderabad,Telangana,NET_BANKING
106416,2026-08-30,108,Arjun,504,Keyboard,Electronics,4,3000,0,COMPLETED,Hyderabad,Telangana,UPI
106417,2026-08-23,105,Priya,502,Mouse,Electronics,4,1000,1000,COMPLETED,Mumbai,Maharashtra,NET_BANKING
106418,2026-08-16,104,Kumar,501,Laptop,Electronics,2,60000,0,CANCELLED,Bangalore,Karnataka,COD
106419,2026-08-22,108,Arjun,502,Mouse,Electronics,4,1000,0,COMPLETED,Hyderabad,Telangana,NET_BANKING
106420,2026-08-06,109,Sneha,508,Mobile,Electronics,2,25000,2000,COMPLETED,Delhi,Delhi,NET_BANKING
106421,2026-08-02,102,Anil,502,Mouse,Electronics,3,1000,1000,COMPLETED,Hyderabad,Telangana,COD
106422,2026-08-31,108,Arjun,502,Mouse,Electronics,2,1000,2000,COMPLETED,Hyderabad,Telangana,COD
106423,2026-08-27,103,Sita,509,Monitor,Electronics,1,20000,100,RETURNED,Chennai,Tamil Nadu,UPI
106424,2026-08-25,103,Sita,508,Mobile,Electronics,5,25000,1000,COMPLETED,Chennai,Tamil Nadu,CARD
106425,2026-08-31,105,Priya,510,Bookshelf,Furniture,5,12000,0,COMPLETED,Mumbai,Maharashtra,COD
106426,2026-08-10,101,Ravi,509,Monitor,Electronics,1,20000,1000,CANCELLED,Hyderabad,Telangana,NET_BANKING
106427,2026-08-15,106,Ramesh,504,Keyboard,Electronics,2,3000,0,CANCELLED,Pune,Maharashtra,NET_BANKING
106428,2026-08-29,104,Kumar,508,Mobile,Electronics,4,25000,200,COMPLETED,Bangalore,Karnataka,NET_BANKING
106429,2026-08-13,106,Ramesh,510,Bookshelf,Furniture,4,12000,0,COMPLETED,Pune,Maharashtra,UPI
106430,2026-08-27,107,Lakshmi,510,Bookshelf,Furniture,3,12000,500,COMPLETED,Chennai,Tamil Nadu,UPI
106431,2026-08-01,105,Priya,505,Table,Furniture,1,10000,0,RETURNED,Mumbai,Maharashtra,NET_BANKING
106432,2026-08-12,101,Ravi,508,Mobile,Electronics,4,25000,0,COMPLETED,Hyderabad,Telangana,CARD
106433,2026-08-24,102,Anil,501,Laptop,Electronics,4,60000,500,RETURNED,Hyderabad,Telangana,UPI
106434,2026-08-16,108,Arjun,510,Bookshelf,Furniture,2,12000,2000,COMPLETED,Hyderabad,Telangana,CARD
106435,2026-08-17,103,Sita,509,Monitor,Electronics,3,20000,500,COMPLETED,Chennai,Tamil Nadu,COD
106436,2026-08-09,104,Kumar,505,Table,Furniture,5,10000,5000,COMPLETED,Bangalore,Karnataka,CARD
106437,2026-08-26,106,Ramesh,502,Mouse,Electronics,5,1000,5000,CANCELLED,Pune,Maharashtra,CARD
106438,2026-08-21,107,Lakshmi,507,Desk,Furniture,3,15000,500,COMPLETED,Chennai,Tamil Nadu,NET_BANKING
106439,2026-08-27,109,Sneha,508,Mobile,Electronics,5,25000,200,CANCELLED,Delhi,Delhi,COD
106440,2026-08-27,102,Anil,501,Laptop,Electronics,3,60000,200,COMPLETED,Hyderabad,Telangana,CARD
106441,2026-08-02,106,Ramesh,510,Bookshelf,Furniture,4,12000,5000,COMPLETED,Pune,Maharashtra,UPI
106442,2026-08-07,109,Sneha,506,Headphones,Electronics,4,5000,0,RETURNED,Delhi,Delhi,UPI
106443,2026-08-30,108,Arjun,505,Table,Furniture,2,10000,0,COMPLETED,Hyderabad,Telangana,UPI
106444,2026-08-13,103,Sita,506,Headphones,Electronics,1,5000,0,COMPLETED,Chennai,Tamil Nadu,UPI
106445,2026-08-14,104,Kumar,502,Mouse,Electronics,4,1000,5000,COMPLETED,Bangalore,Karnataka,NET_BANKING
106446,2026-08-25,103,Sita,508,Mobile,Electronics,1,25000,5000,COMPLETED,Chennai,Tamil Nadu,CARD
106447,2026-08-23,108,Arjun,510,Bookshelf,Furniture,4,12000,0,COMPLETED,Hyderabad,Telangana,COD
106448,2026-08-01,104,Kumar,506,Headphones,Electronics,4,5000,500,COMPLETED,Bangalore,Karnataka,COD
106449,2026-08-24,103,Sita,510,Bookshelf,Furniture,5,12000,0,CANCELLED,Chennai,Tamil Nadu,NET_BANKING
106450,2026-08-18,104,Kumar,509,Monitor,Electronics,1,20000,5000,CANCELLED,Bangalore,Karnataka,COD
106451,2026-08-05,108,Arjun,507,Desk,Furniture,2,15000,5000,COMPLETED,Hyderabad,Telangana,CARD
106452,2026-08-08,106,Ramesh,505,Table,Furniture,1,10000,2000,COMPLETED,Pune,Maharashtra,CARD
106453,2026-08-11,110,Vikram,502,Mouse,Electronics,5,1000,500,COMPLETED,Kolkata,West Bengal,NET_BANKING
106454,2026-08-11,108,Arjun,503,Chair,Furniture,4,8000,0,COMPLETED,Hyderabad,Telangana,COD
106455,2026-08-06,108,Arjun,509,Monitor,Electronics,1,20000,200,COMPLETED,Hyderabad,Telangana,UPI
106456,2026-08-11,107,Lakshmi,502,Mouse,Electronics,3,1000,0,COMPLETED,Chennai,Tamil Nadu,CARD
106457,2026-08-08,107,Lakshmi,502,Mouse,Electronics,3,1000,0,CANCELLED,Chennai,Tamil Nadu,COD
106458,2026-08-28,104,Kumar,502,Mouse,Electronics,2,1000,100,RETURNED,Bangalore,Karnataka,UPI
106459,2026-08-15,107,Lakshmi,507,Desk,Furniture,4,15000,2000,COMPLETED,Chennai,Tamil Nadu,NET_BANKING
106460,2026-08-08,101,Ravi,506,Headphones,Electronics,2,5000,500,COMPLETED,Hyderabad,Telangana,UPI
106461,2026-08-09,107,Lakshmi,510,Bookshelf,Furniture,2,12000,1000,COMPLETED,Chennai,Tamil Nadu,CARD
106462,2026-08-30,109,Sneha,507,Desk,Furniture,1,15000,5000,COMPLETED,Delhi,Delhi,UPI
106463,2026-08-29,106,Ramesh,509,Monitor,Electronics,1,20000,200,COMPLETED,Pune,Maharashtra,UPI
106464,2026-08-08,106,Ramesh,508,Mobile,Electronics,2,25000,0,COMPLETED,Pune,Maharashtra,COD
106465,2026-08-25,108,Arjun,509,Monitor,Electronics,5,20000,2000,COMPLETED,Hyderabad,Telangana,NET_BANKING
106466,2026-08-05,106,Ramesh,506,Headphones,Electronics,4,5000,0,COMPLETED,Pune,Maharashtra,UPI
106467,2026-08-01,101,Ravi,508,Mobile,Electronics,3,25000,1000,COMPLETED,Hyderabad,Telangana,UPI
106468,2026-08-20,106,Ramesh,503,Chair,Furniture,3,8000,0,COMPLETED,Pune,Maharashtra,COD
106469,2026-08-29,109,Sneha,508,Mobile,Electronics,3,25000,500,COMPLETED,Delhi,Delhi,CARD
106470,2026-08-30,104,Kumar,506,Headphones,Electronics,5,5000,2000,COMPLETED,Bangalore,Karnataka,CARD
106471,2026-08-13,106,Ramesh,509,Monitor,Electronics,5,20000,100,COMPLETED,Pune,Maharashtra,CARD
106472,2026-08-01,106,Ramesh,507,Desk,Furniture,1,15000,2000,COMPLETED,Pune,Maharashtra,CARD
106473,2026-08-03,106,Ramesh,506,Headphones,Electronics,3,5000,0,COMPLETED,Pune,Maharashtra,COD
106474,2026-08-28,106,Ramesh,502,Mouse,Electronics,5,1000,200,COMPLETED,Pune,Maharashtra,NET_BANKING
106475,2026-08-07,110,Vikram,506,Headphones,Electronics,1,5000,100,COMPLETED,Kolkata,West Bengal,CARD
106476,2026-08-26,105,Priya,505,Table,Furniture,3,10000,0,CANCELLED,Mumbai,Maharashtra,UPI
106477,2026-08-14,110,Vikram,508,Mobile,Electronics,2,25000,0,COMPLETED,Kolkata,West Bengal,NET_BANKING
106478,2026-08-13,107,Lakshmi,502,Mouse,Electronics,3,1000,2000,COMPLETED,Chennai,Tamil Nadu,NET_BANKING
106479,2026-08-25,103,Sita,507,Desk,Furniture,3,15000,200,COMPLETED,Chennai,Tamil Nadu,CARD
106480,2026-08-29,103,Sita,505,Table,Furniture,4,10000,0,CANCELLED,Chennai,Tamil Nadu,UPI
106481,2026-08-09,101,Ravi,502,Mouse,Electronics,5,1000,0,COMPLETED,Hyderabad,Telangana,COD
106482,2026-08-18,102,Anil,510,Bookshelf,Furniture,5,12000,500,COMPLETED,Hyderabad,Telangana,NET_BANKING
106483,2026-08-25,104,Kumar,508,Mobile,Electronics,3,25000,0,COMPLETED,Bangalore,Karnataka,COD
106484,2026-08-16,109,Sneha,502,Mouse,Electronics,5,1000,200,COMPLETED,Delhi,Delhi,UPI
106485,2026-08-11,109,Sneha,501,Laptop,Electronics,5,60000,0,COMPLETED,Delhi,Delhi,UPI
106486,2026-08-09,109,Sneha,502,Mouse,Electronics,1,1000,200,COMPLETED,Delhi,Delhi,NET_BANKING
106487,2026-08-02,101,Ravi,506,Headphones,Electronics,5,5000,0,CANCELLED,Hyderabad,Telangana,UPI
106488,2026-08-31,106,Ramesh,507,Desk,Furniture,2,15000,1000,COMPLETED,Pune,Maharashtra,COD
106489,2026-08-02,110,Vikram,510,Bookshelf,Furniture,2,12000,0,RETURNED,Kolkata,West Bengal,CARD
106490,2026-08-14,102,Anil,502,Mouse,Electronics,4,1000,500,COMPLETED,Hyderabad,Telangana,UPI
106491,2026-08-06,103,Sita,502,Mouse,Electronics,3,1000,2000,COMPLETED,Chennai,Tamil Nadu,COD
106492,2026-08-17,105,Priya,503,Chair,Furniture,1,8000,100,CANCELLED,Mumbai,Maharashtra,NET_BANKING
106493,2026-08-28,110,Vikram,509,Monitor,Electronics,2,20000,2000,RETURNED,Kolkata,West Bengal,CARD
106494,2026-08-27,101,Ravi,508,Mobile,Electronics,3,25000,500,COMPLETED,Hyderabad,Telangana,NET_BANKING
106495,2026-08-28,110,Vikram,502,Mouse,Electronics,2,1000,2000,COMPLETED,Kolkata,West Bengal,CARD
106496,2026-08-08,101,Ravi,504,Keyboard,Electronics,1,3000,500,RETURNED,Hyderabad,Telangana,COD
106497,2026-08-31,106,Ramesh,507,Desk,Furniture,3,15000,5000,CANCELLED,Pune,Maharashtra,UPI
106498,2026-08-12,107,Lakshmi,507,Desk,Furniture,4,15000,0,COMPLETED,Chennai,Tamil Nadu,UPI
106499,2026-08-20,105,Priya,510,Bookshelf,Furniture,3,12000,0,COMPLETED,Mumbai,Maharashtra,CARD
106500,2026-08-22,109,Sneha,510,Bookshelf,Furniture,4,12000,500,COMPLETED,Delhi,Delhi,UPI
106501,2026-08-12,107,Lakshmi,505,Table,Furniture,1,10000,2000,COMPLETED,Chennai,Tamil Nadu,NET_BANKING
106502,2026-08-25,104,Kumar,503,Chair,Furniture,2,8000,200,COMPLETED,Bangalore,Karnataka,COD
106503,2026-08-29,103,Sita,505,Table,Furniture,5,10000,5000,COMPLETED,Chennai,Tamil Nadu,NET_BANKING
106504,2026-08-14,102,Anil,503,Chair,Furniture,1,8000,200,CANCELLED,Hyderabad,Telangana,NET_BANKING
106505,2026-08-09,106,Ramesh,508,Mobile,Electronics,3,25000,2000,COMPLETED,Pune,Maharashtra,UPI
106506,2026-08-07,106,Ramesh,509,Monitor,Electronics,5,20000,200,COMPLETED,Pune,Maharashtra,UPI
106507,2026-08-12,109,Sneha,504,Keyboard,Electronics,3,3000,500,COMPLETED,Delhi,Delhi,COD
106508,2026-08-12,109,Sneha,509,Monitor,Electronics,5,20000,0,COMPLETED,Delhi,Delhi,CARD
106509,2026-08-20,101,Ravi,507,Desk,Furniture,4,15000,1000,COMPLETED,Hyderabad,Telangana,CARD
106510,2026-08-22,103,Sita,506,Headphones,Electronics,5,5000,2000,COMPLETED,Chennai,Tamil Nadu,COD
106511,2026-08-05,107,Lakshmi,503,Chair,Furniture,2,8000,2000,COMPLETED,Chennai,Tamil Nadu,CARD
106512,2026-08-16,102,Anil,503,Chair,Furniture,3,8000,200,COMPLETED,Hyderabad,Telangana,UPI
106513,2026-08-20,109,Sneha,504,Keyboard,Electronics,5,3000,1000,COMPLETED,Delhi,Delhi,COD
106514,2026-08-06,109,Sneha,501,Laptop,Electronics,2,60000,0,COMPLETED,Delhi,Delhi,COD
106515,2026-08-22,108,Arjun,502,Mouse,Electronics,1,1000,2000,COMPLETED,Hyderabad,Telangana,NET_BANKING
106516,2026-08-05,106,Ramesh,501,Laptop,Electronics,4,60000,500,COMPLETED,Pune,Maharashtra,COD
106517,2026-08-22,104,Kumar,506,Headphones,Electronics,2,5000,500,COMPLETED,Bangalore,Karnataka,NET_BANKING
106518,2026-08-03,104,Kumar,510,Bookshelf,Furniture,1,12000,200,COMPLETED,Bangalore,Karnataka,CARD
106519,2026-08-14,102,Anil,509,Monitor,Electronics,4,20000,5000,COMPLETED,Hyderabad,Telangana,UPI
106520,2026-08-21,107,Lakshmi,507,Desk,Furniture,4,15000,500,COMPLETED,Chennai,Tamil Nadu,COD
106521,2026-08-23,103,Sita,501,Laptop,Electronics,1,60000,0,COMPLETED,Chennai,Tamil Nadu,UPI
106522,2026-08-18,105,Priya,501,Laptop,Electronics,2,60000,500,COMPLETED,Mumbai,Maharashtra,COD
106523,2026-08-13,109,Sneha,503,Chair,Furniture,1,8000,0,COMPLETED,Delhi,Delhi,COD
106524,2026-08-26,108,Arjun,508,Mobile,Electronics,5,25000,1000,COMPLETED,Hyderabad,Telangana,CARD
106525,2026-08-05,104,Kumar,505,Table,Furniture,2,10000,1000,COMPLETED,Bangalore,Karnataka,CARD
106526,2026-08-05,110,Vikram,503,Chair,Furniture,3,8000,100,COMPLETED,Kolkata,West Bengal,COD
106527,2026-08-25,108,Arjun,508,Mobile,Electronics,2,25000,5000,COMPLETED,Hyderabad,Telangana,NET_BANKING
106528,2026-08-22,106,Ramesh,508,Mobile,Electronics,3,25000,0,COMPLETED,Pune,Maharashtra,UPI
106529,2026-08-29,109,Sneha,509,Monitor,Electronics,3,20000,100,COMPLETED,Delhi,Delhi,UPI
106530,2026-08-10,105,Priya,509,Monitor,Electronics,4,20000,0,COMPLETED,Mumbai,Maharashtra,COD
106531,2026-08-08,104,Kumar,509,Monitor,Electronics,5,20000,2000,CANCELLED,Bangalore,Karnataka,COD
106532,2026-08-28,109,Sneha,509,Monitor,Electronics,3,20000,100,COMPLETED,Delhi,Delhi,NET_BANKING
106533,2026-08-29,108,Arjun,506,Headphones,Electronics,5,5000,200,COMPLETED,Hyderabad,Telangana,NET_BANKING
106534,2026-08-02,108,Arjun,508,Mobile,Electronics,4,25000,200,CANCELLED,Hyderabad,Telangana,CARD
106535,2026-08-08,109,Sneha,506,Headphones,Electronics,2,5000,0,COMPLETED,Delhi,Delhi,NET_BANKING
106536,2026-08-03,105,Priya,507,Desk,Furniture,4,15000,5000,COMPLETED,Mumbai,Maharashtra,NET_BANKING
106537,2026-08-21,107,Lakshmi,508,Mobile,Electronics,4,25000,0,COMPLETED,Chennai,Tamil Nadu,COD
106538,2026-08-24,104,Kumar,507,Desk,Furniture,1,15000,200,COMPLETED,Bangalore,Karnataka,NET_BANKING
106539,2026-08-25,110,Vikram,505,Table,Furniture,3,10000,100,CANCELLED,Kolkata,West Bengal,UPI
106540,2026-08-11,102,Anil,509,Monitor,Electronics,4,20000,100,COMPLETED,Hyderabad,Telangana,NET_BANKING
106541,2026-08-20,101,Ravi,502,Mouse,Electronics,3,1000,5000,COMPLETED,Hyderabad,Telangana,COD
106542,2026-08-14,108,Arjun,510,Bookshelf,Furniture,2,12000,2000,CANCELLED,Hyderabad,Telangana,CARD
106543,2026-08-13,109,Sneha,510,Bookshelf,Furniture,3,12000,500,RETURNED,Delhi,Delhi,COD
106544,2026-08-03,108,Arjun,510,Bookshelf,Furniture,4,12000,100,COMPLETED,Hyderabad,Telangana,UPI
106545,2026-08-23,101,Ravi,509,Monitor,Electronics,1,20000,0,COMPLETED,Hyderabad,Telangana,UPI
106546,2026-08-17,105,Priya,503,Chair,Furniture,4,8000,2000,COMPLETED,Mumbai,Maharashtra,UPI
106547,2026-08-11,107,Lakshmi,503,Chair,Furniture,1,8000,1000,COMPLETED,Chennai,Tamil Nadu,NET_BANKING
106548,2026-08-04,110,Vikram,506,Headphones,Electronics,3,5000,0,COMPLETED,Kolkata,West Bengal,COD
106549,2026-08-21,108,Arjun,502,Mouse,Electronics,1,1000,0,COMPLETED,Hyderabad,Telangana,NET_BANKING
106550,2026-08-23,106,Ramesh,509,Monitor,Electronics,4,20000,100,COMPLETED,Pune,Maharashtra,CARD
106551,2026-08-28,103,Sita,508,Mobile,Electronics,3,25000,2000,COMPLETED,Chennai,Tamil Nadu,NET_BANKING
106552,2026-08-10,103,Sita,510,Bookshelf,Furniture,5,12000,200,COMPLETED,Chennai,Tamil Nadu,NET_BANKING
106553,2026-08-04,102,Anil,508,Mobile,Electronics,5,25000,5000,COMPLETED,Hyderabad,Telangana,NET_BANKING
106554,2026-08-21,102,Anil,503,Chair,Furniture,2,8000,500,COMPLETED,Hyderabad,Telangana,CARD
106555,2026-08-31,106,Ramesh,504,Keyboard,Electronics,4,3000,5000,COMPLETED,Pune,Maharashtra,COD
106556,2026-08-15,108,Arjun,508,Mobile,Electronics,2,25000,500,CANCELLED,Hyderabad,Telangana,CARD
106557,2026-08-18,107,Lakshmi,506,Headphones,Electronics,4,5000,1000,COMPLETED,Chennai,Tamil Nadu,CARD
106558,2026-08-10,102,Anil,501,Laptop,Electronics,5,60000,5000,COMPLETED,Hyderabad,Telangana,UPI
106559,2026-08-16,105,Priya,501,Laptop,Electronics,4,60000,0,COMPLETED,Mumbai,Maharashtra,CARD
106560,2026-08-31,109,Sneha,501,Laptop,Electronics,4,60000,0,COMPLETED,Delhi,Delhi,UPI
106561,2026-08-13,108,Arjun,505,Table,Furniture,4,10000,2000,COMPLETED,Hyderabad,Telangana,COD
106562,2026-08-05,105,Priya,508,Mobile,Electronics,1,25000,5000,COMPLETED,Mumbai,Maharashtra,CARD
106563,2026-08-12,105,Priya,504,Keyboard,Electronics,4,3000,2000,COMPLETED,Mumbai,Maharashtra,CARD
106564,2026-08-05,101,Ravi,504,Keyboard,Electronics,3,3000,200,COMPLETED,Hyderabad,Telangana,NET_BANKING
106565,2026-08-11,103,Sita,506,Headphones,Electronics,5,5000,5000,CANCELLED,Chennai,Tamil Nadu,COD
106566,2026-08-11,108,Arjun,504,Keyboard,Electronics,1,3000,5000,COMPLETED,Hyderabad,Telangana,UPI
106567,2026-08-06,101,Ravi,508,Mobile,Electronics,5,25000,200,COMPLETED,Hyderabad,Telangana,NET_BANKING
106568,2026-08-09,108,Arjun,507,Desk,Furniture,4,15000,0,COMPLETED,Hyderabad,Telangana,COD
106569,2026-08-20,102,Anil,505,Table,Furniture,5,10000,200,COMPLETED,Hyderabad,Telangana,COD
106570,2026-08-25,104,Kumar,502,Mouse,Electronics,5,1000,2000,COMPLETED,Bangalore,Karnataka,COD
106571,2026-08-23,106,Ramesh,507,Desk,Furniture,3,15000,500,COMPLETED,Pune,Maharashtra,UPI
106572,2026-08-03,110,Vikram,506,Headphones,Electronics,5,5000,1000,COMPLETED,Kolkata,West Bengal,COD
106573,2026-08-02,104,Kumar,501,Laptop,Electronics,4,60000,200,COMPLETED,Bangalore,Karnataka,CARD
106574,2026-08-12,102,Anil,501,Laptop,Electronics,1,60000,2000,COMPLETED,Hyderabad,Telangana,UPI
106575,2026-08-15,108,Arjun,509,Monitor,Electronics,1,20000,500,COMPLETED,Hyderabad,Telangana,UPI
106576,2026-08-24,102,Anil,504,Keyboard,Electronics,3,3000,200,CANCELLED,Hyderabad,Telangana,COD
106577,2026-08-14,104,Kumar,510,Bookshelf,Furniture,3,12000,100,COMPLETED,Bangalore,Karnataka,CARD
106578,2026-08-19,110,Vikram,506,Headphones,Electronics,5,5000,2000,COMPLETED,Kolkata,West Bengal,COD
106579,2026-08-11,108,Arjun,501,Laptop,Electronics,3,60000,500,COMPLETED,Hyderabad,Telangana,UPI
106580,2026-08-06,108,Arjun,502,Mouse,Electronics,5,1000,2000,COMPLETED,Hyderabad,Telangana,UPI
106581,2026-08-23,106,Ramesh,505,Table,Furniture,5,10000,100,COMPLETED,Pune,Maharashtra,UPI
106582,2026-08-19,101,Ravi,503,Chair,Furniture,2,8000,200,RETURNED,Hyderabad,Telangana,UPI
106583,2026-08-13,104,Kumar,503,Chair,Furniture,5,8000,200,COMPLETED,Bangalore,Karnataka,NET_BANKING
106584,2026-08-06,107,Lakshmi,501,Laptop,Electronics,1,60000,200,COMPLETED,Chennai,Tamil Nadu,NET_BANKING
106585,2026-08-16,102,Anil,506,Headphones,Electronics,4,5000,0,CANCELLED,Hyderabad,Telangana,CARD
106586,2026-08-17,110,Vikram,502,Mouse,Electronics,3,1000,100,CANCELLED,Kolkata,West Bengal,NET_BANKING
106587,2026-08-12,102,Anil,510,Bookshelf,Furniture,4,12000,0,COMPLETED,Hyderabad,Telangana,COD
106588,2026-08-18,106,Ramesh,506,Headphones,Electronics,5,5000,100,COMPLETED,Pune,Maharashtra,CARD
106589,2026-08-29,106,Ramesh,506,Headphones,Electronics,2,5000,1000,COMPLETED,Pune,Maharashtra,COD
106590,2026-08-07,101,Ravi,507,Desk,Furniture,1,15000,100,RETURNED,Hyderabad,Telangana,CARD
106591,2026-08-20,109,Sneha,503,Chair,Furniture,2,8000,200,COMPLETED,Delhi,Delhi,CARD
106592,2026-08-17,109,Sneha,508,Mobile,Electronics,5,25000,5000,COMPLETED,Delhi,Delhi,NET_BANKING
106593,2026-08-26,104,Kumar,506,Headphones,Electronics,5,5000,2000,COMPLETED,Bangalore,Karnataka,COD
106594,2026-08-17,103,Sita,507,Desk,Furniture,3,15000,5000,COMPLETED,Chennai,Tamil Nadu,COD
106595,2026-08-11,105,Priya,506,Headphones,Electronics,1,5000,5000,CANCELLED,Mumbai,Maharashtra,CARD
106596,2026-08-04,109,Sneha,504,Keyboard,Electronics,1,3000,0,COMPLETED,Delhi,Delhi,NET_BANKING
106597,2026-08-18,101,Ravi,509,Monitor,Electronics,1,20000,5000,COMPLETED,Hyderabad,Telangana,COD
106598,2026-08-25,105,Priya,506,Headphones,Electronics,1,5000,1000,COMPLETED,Mumbai,Maharashtra,UPI
106599,2026-08-17,101,Ravi,506,Headphones,Electronics,1,5000,0,COMPLETED,Hyderabad,Telangana,COD
106600,2026-08-16,108,Arjun,510,Bookshelf,Furniture,3,12000,500,COMPLETED,Hyderabad,Telangana,COD
106601,2026-08-07,102,Anil,510,Bookshelf,Furniture,4,12000,2000,COMPLETED,Hyderabad,Telangana,CARD
106602,2026-08-13,107,Lakshmi,505,Table,Furniture,3,10000,200,COMPLETED,Chennai,Tamil Nadu,CARD
106603,2026-08-15,105,Priya,508,Mobile,Electronics,3,25000,2000,COMPLETED,Mumbai,Maharashtra,CARD
106604,2026-08-29,108,Arjun,510,Bookshelf,Furniture,2,12000,100,CANCELLED,Hyderabad,Telangana,COD
106605,2026-08-04,103,Sita,509,Monitor,Electronics,5,20000,0,COMPLETED,Chennai,Tamil Nadu,UPI
106606,2026-08-16,103,Sita,504,Keyboard,Electronics,3,3000,200,COMPLETED,Chennai,Tamil Nadu,COD
106607,2026-08-11,104,Kumar,505,Table,Furniture,1,10000,1000,COMPLETED,Bangalore,Karnataka,UPI
106608,2026-08-01,110,Vikram,505,Table,Furniture,3,10000,0,COMPLETED,Kolkata,West Bengal,COD
106609,2026-08-01,103,Sita,507,Desk,Furniture,5,15000,5000,COMPLETED,Chennai,Tamil Nadu,COD
106610,2026-08-03,103,Sita,510,Bookshelf,Furniture,3,12000,1000,COMPLETED,Chennai,Tamil Nadu,COD
106611,2026-08-14,108,Arjun,504,Keyboard,Electronics,4,3000,0,COMPLETED,Hyderabad,Telangana,NET_BANKING
106612,2026-08-20,110,Vikram,502,Mouse,Electronics,5,1000,0,COMPLETED,Kolkata,West Bengal,NET_BANKING
106613,2026-08-13,108,Arjun,504,Keyboard,Electronics,4,3000,1000,COMPLETED,Hyderabad,Telangana,COD
106614,2026-08-12,109,Sneha,509,Monitor,Electronics,5,20000,5000,COMPLETED,Delhi,Delhi,NET_BANKING
106615,2026-08-04,106,Ramesh,508,Mobile,Electronics,2,25000,0,COMPLETED,Pune,Maharashtra,NET_BANKING
106616,2026-08-31,105,Priya,505,Table,Furniture,5,10000,2000,COMPLETED,Mumbai,Maharashtra,COD
106617,2026-08-11,104,Kumar,510,Bookshelf,Furniture,2,12000,1000,COMPLETED,Bangalore,Karnataka,NET_BANKING
106618,2026-08-16,108,Arjun,508,Mobile,Electronics,3,25000,200,COMPLETED,Hyderabad,Telangana,CARD
106619,2026-08-08,102,Anil,503,Chair,Furniture,5,8000,500,COMPLETED,Hyderabad,Telangana,COD
106620,2026-08-13,108,Arjun,506,Headphones,Electronics,1,5000,0,COMPLETED,Hyderabad,Telangana,COD
106621,2026-08-16,106,Ramesh,506,Headphones,Electronics,5,5000,200,COMPLETED,Pune,Maharashtra,CARD
106622,2026-08-21,110,Vikram,501,Laptop,Electronics,1,60000,0,COMPLETED,Kolkata,West Bengal,UPI
106623,2026-08-12,106,Ramesh,505,Table,Furniture,1,10000,5000,COMPLETED,Pune,Maharashtra,COD
106624,2026-08-12,106,Ramesh,509,Monitor,Electronics,3,20000,0,COMPLETED,Pune,Maharashtra,UPI
106625,2026-08-09,110,Vikram,504,Keyboard,Electronics,3,3000,100,COMPLETED,Kolkata,West Bengal,COD
106626,2026-08-04,103,Sita,508,Mobile,Electronics,2,25000,200,COMPLETED,Chennai,Tamil Nadu,CARD
106627,2026-08-25,104,Kumar,501,Laptop,Electronics,4,60000,1000,COMPLETED,Bangalore,Karnataka,CARD
106628,2026-08-29,106,Ramesh,504,Keyboard,Electronics,3,3000,5000,COMPLETED,Pune,Maharashtra,UPI
106629,2026-08-26,110,Vikram,507,Desk,Furniture,2,15000,100,CANCELLED,Kolkata,West Bengal,UPI
106630,2026-08-30,110,Vikram,507,Desk,Furniture,1,15000,5000,COMPLETED,Kolkata,West Bengal,COD
106631,2026-08-17,106,Ramesh,508,Mobile,Electronics,5,25000,100,RETURNED,Pune,Maharashtra,COD
106632,2026-08-28,104,Kumar,508,Mobile,Electronics,4,25000,200,COMPLETED,Bangalore,Karnataka,COD
106633,2026-08-19,108,Arjun,504,Keyboard,Electronics,5,3000,200,COMPLETED,Hyderabad,Telangana,COD
106634,2026-08-19,107,Lakshmi,501,Laptop,Electronics,4,60000,5000,COMPLETED,Chennai,Tamil Nadu,NET_BANKING
106635,2026-08-26,106,Ramesh,501,Laptop,Electronics,1,60000,500,COMPLETED,Pune,Maharashtra,NET_BANKING
106636,2026-08-23,101,Ravi,508,Mobile,Electronics,2,25000,2000,COMPLETED,Hyderabad,Telangana,UPI
106637,2026-08-30,102,Anil,501,Laptop,Electronics,4,60000,200,CANCELLED,Hyderabad,Telangana,CARD
106638,2026-08-12,103,Sita,507,Desk,Furniture,2,15000,5000,COMPLETED,Chennai,Tamil Nadu,CARD
106639,2026-08-13,106,Ramesh,505,Table,Furniture,2,10000,0,COMPLETED,Pune,Maharashtra,NET_BANKING
106640,2026-08-14,102,Anil,506,Headphones,Electronics,4,5000,0,COMPLETED,Hyderabad,Telangana,COD
106641,2026-08-07,108,Arjun,506,Headphones,Electronics,5,5000,5000,COMPLETED,Hyderabad,Telangana,NET_BANKING
106642,2026-08-03,106,Ramesh,509,Monitor,Electronics,5,20000,5000,CANCELLED,Pune,Maharashtra,UPI
106643,2026-08-10,109,Sneha,509,Monitor,Electronics,1,20000,5000,COMPLETED,Delhi,Delhi,NET_BANKING
106644,2026-08-26,104,Kumar,509,Monitor,Electronics,1,20000,1000,COMPLETED,Bangalore,Karnataka,COD
106645,2026-08-21,106,Ramesh,510,Bookshelf,Furniture,4,12000,100,COMPLETED,Pune,Maharashtra,CARD
106646,2026-08-02,110,Vikram,506,Headphones,Electronics,4,5000,0,COMPLETED,Kolkata,West Bengal,UPI
106647,2026-08-14,104,Kumar,501,Laptop,Electronics,5,60000,2000,COMPLETED,Bangalore,Karnataka,CARD
106648,2026-08-18,102,Anil,503,Chair,Furniture,1,8000,1000,COMPLETED,Hyderabad,Telangana,CARD
106649,2026-08-26,109,Sneha,508,Mobile,Electronics,1,25000,100,COMPLETED,Delhi,Delhi,NET_BANKING
106650,2026-08-19,104,Kumar,508,Mobile,Electronics,5,25000,100,COMPLETED,Bangalore,Karnataka,NET_BANKING
106651,2026-08-10,110,Vikram,503,Chair,Furniture,1,8000,200,COMPLETED,Kolkata,West Bengal,UPI
106652,2026-08-01,108,Arjun,504,Keyboard,Electronics,4,3000,200,COMPLETED,Hyderabad,Telangana,UPI
106653,2026-08-17,109,Sneha,506,Headphones,Electronics,2,5000,0,COMPLETED,Delhi,Delhi,NET_BANKING
106654,2026-08-28,109,Sneha,504,Keyboard,Electronics,4,3000,0,COMPLETED,Delhi,Delhi,COD
106655,2026-08-18,103,Sita,504,Keyboard,Electronics,4,3000,2000,COMPLETED,Chennai,Tamil Nadu,COD
106656,2026-08-16,101,Ravi,507,Desk,Furniture,4,15000,1000,COMPLETED,Hyderabad,Telangana,NET_BANKING
106657,2026-08-24,108,Arjun,504,Keyboard,Electronics,3,3000,500,COMPLETED,Hyderabad,Telangana,UPI
106658,2026-08-16,106,Ramesh,508,Mobile,Electronics,2,25000,1000,COMPLETED,Pune,Maharashtra,NET_BANKING
106659,2026-08-11,101,Ravi,503,Chair,Furniture,5,8000,0,COMPLETED,Hyderabad,Telangana,NET_BANKING
106660,2026-08-15,106,Ramesh,509,Monitor,Electronics,2,20000,200,COMPLETED,Pune,Maharashtra,COD
106661,2026-08-25,109,Sneha,505,Table,Furniture,3,10000,5000,COMPLETED,Delhi,Delhi,CARD
106662,2026-08-01,101,Ravi,509,Monitor,Electronics,2,20000,500,COMPLETED,Hyderabad,Telangana,UPI
106663,2026-08-12,105,Priya,502,Mouse,Electronics,1,1000,5000,CANCELLED,Mumbai,Maharashtra,NET_BANKING
106664,2026-08-04,110,Vikram,504,Keyboard,Electronics,4,3000,2000,COMPLETED,Kolkata,West Bengal,UPI
106665,2026-08-03,107,Lakshmi,502,Mouse,Electronics,3,1000,1000,COMPLETED,Chennai,Tamil Nadu,COD
106666,2026-08-08,107,Lakshmi,502,Mouse,Electronics,3,1000,0,CANCELLED,Chennai,Tamil Nadu,NET_BANKING
106667,2026-08-02,108,Arjun,506,Headphones,Electronics,1,5000,0,COMPLETED,Hyderabad,Telangana,NET_BANKING
106668,2026-08-02,109,Sneha,505,Table,Furniture,5,10000,100,COMPLETED,Delhi,Delhi,COD
106669,2026-08-28,101,Ravi,507,Desk,Furniture,5,15000,0,COMPLETED,Hyderabad,Telangana,COD
106670,2026-08-26,105,Priya,510,Bookshelf,Furniture,3,12000,200,COMPLETED,Mumbai,Maharashtra,COD
106671,2026-08-31,106,Ramesh,509,Monitor,Electronics,1,20000,200,COMPLETED,Pune,Maharashtra,COD
106672,2026-08-07,104,Kumar,509,Monitor,Electronics,4,20000,500,COMPLETED,Bangalore,Karnataka,CARD
106673,2026-08-12,103,Sita,505,Table,Furniture,3,10000,0,COMPLETED,Chennai,Tamil Nadu,UPI
106674,2026-08-08,109,Sneha,504,Keyboard,Electronics,3,3000,0,RETURNED,Delhi,Delhi,NET_BANKING
106675,2026-08-09,103,Sita,505,Table,Furniture,5,10000,2000,COMPLETED,Chennai,Tamil Nadu,CARD
106676,2026-08-25,110,Vikram,501,Laptop,Electronics,1,60000,0,COMPLETED,Kolkata,West Bengal,NET_BANKING
106677,2026-08-30,104,Kumar,510,Bookshelf,Furniture,5,12000,0,COMPLETED,Bangalore,Karnataka,COD
106678,2026-08-27,108,Arjun,503,Chair,Furniture,3,8000,0,COMPLETED,Hyderabad,Telangana,UPI
106679,2026-08-04,110,Vikram,507,Desk,Furniture,4,15000,0,COMPLETED,Kolkata,West Bengal,COD
106680,2026-08-16,104,Kumar,502,Mouse,Electronics,1,1000,0,COMPLETED,Bangalore,Karnataka,COD
106681,2026-08-04,109,Sneha,509,Monitor,Electronics,2,20000,0,COMPLETED,Delhi,Delhi,NET_BANKING
106682,2026-08-04,107,Lakshmi,510,Bookshelf,Furniture,2,12000,0,COMPLETED,Chennai,Tamil Nadu,UPI
106683,2026-08-09,102,Anil,507,Desk,Furniture,3,15000,500,COMPLETED,Hyderabad,Telangana,COD
106684,2026-08-15,103,Sita,506,Headphones,Electronics,2,5000,0,COMPLETED,Chennai,Tamil Nadu,NET_BANKING
106685,2026-08-04,104,Kumar,507,Desk,Furniture,2,15000,5000,COMPLETED,Bangalore,Karnataka,COD
106686,2026-08-25,107,Lakshmi,503,Chair,Furniture,2,8000,1000,COMPLETED,Chennai,Tamil Nadu,NET_BANKING
106687,2026-08-12,108,Arjun,505,Table,Furniture,1,10000,0,COMPLETED,Hyderabad,Telangana,COD
106688,2026-08-29,102,Anil,508,Mobile,Electronics,2,25000,200,COMPLETED,Hyderabad,Telangana,NET_BANKING
106689,2026-08-30,108,Arjun,502,Mouse,Electronics,4,1000,0,COMPLETED,Hyderabad,Telangana,CARD
106690,2026-08-09,107,Lakshmi,502,Mouse,Electronics,3,1000,5000,COMPLETED,Chennai,Tamil Nadu,COD
106691,2026-08-28,106,Ramesh,501,Laptop,Electronics,3,60000,500,RETURNED,Pune,Maharashtra,UPI
106692,2026-08-14,106,Ramesh,503,Chair,Furniture,3,8000,500,COMPLETED,Pune,Maharashtra,CARD
106693,2026-08-24,110,Vikram,507,Desk,Furniture,5,15000,500,CANCELLED,Kolkata,West Bengal,NET_BANKING
106694,2026-08-22,105,Priya,502,Mouse,Electronics,5,1000,0,COMPLETED,Mumbai,Maharashtra,COD
106695,2026-08-09,109,Sneha,501,Laptop,Electronics,5,60000,5000,COMPLETED,Delhi,Delhi,CARD
106696,2026-08-07,101,Ravi,510,Bookshelf,Furniture,5,12000,200,COMPLETED,Hyderabad,Telangana,CARD
106697,2026-08-30,110,Vikram,507,Desk,Furniture,3,15000,100,COMPLETED,Kolkata,West Bengal,CARD
106698,2026-08-01,108,Arjun,507,Desk,Furniture,4,15000,500,COMPLETED,Hyderabad,Telangana,UPI
106699,2026-08-09,105,Priya,507,Desk,Furniture,3,15000,0,COMPLETED,Mumbai,Maharashtra,COD
106700,2026-08-12,102,Anil,504,Keyboard,Electronics,2,3000,500,COMPLETED,Hyderabad,Telangana,NET_BANKING
106701,2026-08-13,106,Ramesh,506,Headphones,Electronics,1,5000,200,COMPLETED,Pune,Maharashtra,COD
106702,2026-08-07,103,Sita,502,Mouse,Electronics,5,1000,500,COMPLETED,Chennai,Tamil Nadu,NET_BANKING
106703,2026-08-27,106,Ramesh,502,Mouse,Electronics,1,1000,1000,COMPLETED,Pune,Maharashtra,CARD
106704,2026-08-28,106,Ramesh,503,Chair,Furniture,4,8000,1000,COMPLETED,Pune,Maharashtra,NET_BANKING
106705,2026-08-17,107,Lakshmi,509,Monitor,Electronics,1,20000,500,COMPLETED,Chennai,Tamil Nadu,CARD
106706,2026-08-06,101,Ravi,508,Mobile,Electronics,4,25000,0,COMPLETED,Hyderabad,Telangana,COD
106707,2026-08-10,104,Kumar,504,Keyboard,Electronics,1,3000,100,COMPLETED,Bangalore,Karnataka,CARD
106708,2026-08-30,108,Arjun,509,Monitor,Electronics,1,20000,200,COMPLETED,Hyderabad,Telangana,COD
106709,2026-08-15,108,Arjun,503,Chair,Furniture,2,8000,200,COMPLETED,Hyderabad,Telangana,COD
106710,2026-08-15,103,Sita,508,Mobile,Electronics,4,25000,5000,COMPLETED,Chennai,Tamil Nadu,COD
106711,2026-08-30,110,Vikram,506,Headphones,Electronics,5,5000,0,COMPLETED,Kolkata,West Bengal,NET_BANKING
106712,2026-08-15,107,Lakshmi,509,Monitor,Electronics,4,20000,500,COMPLETED,Chennai,Tamil Nadu,CARD
106713,2026-08-09,110,Vikram,505,Table,Furniture,5,10000,200,COMPLETED,Kolkata,West Bengal,CARD
106714,2026-08-12,107,Lakshmi,508,Mobile,Electronics,4,25000,100,CANCELLED,Chennai,Tamil Nadu,COD
106715,2026-08-09,107,Lakshmi,509,Monitor,Electronics,5,20000,0,CANCELLED,Chennai,Tamil Nadu,NET_BANKING
106716,2026-08-21,104,Kumar,507,Desk,Furniture,4,15000,5000,COMPLETED,Bangalore,Karnataka,CARD
106717,2026-08-07,103,Sita,501,Laptop,Electronics,1,60000,2000,COMPLETED,Chennai,Tamil Nadu,CARD
106718,2026-08-15,102,Anil,508,Mobile,Electronics,5,25000,0,COMPLETED,Hyderabad,Telangana,CARD
106719,2026-08-30,105,Priya,501,Laptop,Electronics,2,60000,200,COMPLETED,Mumbai,Maharashtra,CARD
106720,2026-08-26,102,Anil,506,Headphones,Electronics,1,5000,0,COMPLETED,Hyderabad,Telangana,COD
106721,2026-08-18,107,Lakshmi,505,Table,Furniture,1,10000,100,COMPLETED,Chennai,Tamil Nadu,COD
106722,2026-08-02,103,Sita,509,Monitor,Electronics,1,20000,200,COMPLETED,Chennai,Tamil Nadu,NET_BANKING
106723,2026-08-04,104,Kumar,502,Mouse,Electronics,3,1000,500,RETURNED,Bangalore,Karnataka,CARD
106724,2026-08-18,110,Vikram,508,Mobile,Electronics,1,25000,1000,COMPLETED,Kolkata,West Bengal,CARD
106725,2026-08-28,105,Priya,502,Mouse,Electronics,3,1000,0,COMPLETED,Mumbai,Maharashtra,COD
106726,2026-08-17,107,Lakshmi,501,Laptop,Electronics,4,60000,100,COMPLETED,Chennai,Tamil Nadu,COD
106727,2026-08-10,106,Ramesh,501,Laptop,Electronics,4,60000,0,COMPLETED,Pune,Maharashtra,COD
106728,2026-08-10,103,Sita,503,Chair,Furniture,4,8000,100,COMPLETED,Chennai,Tamil Nadu,NET_BANKING
106729,2026-08-23,102,Anil,509,Monitor,Electronics,2,20000,2000,COMPLETED,Hyderabad,Telangana,UPI
106730,2026-08-02,104,Kumar,506,Headphones,Electronics,4,5000,100,COMPLETED,Bangalore,Karnataka,UPI
106731,2026-08-02,109,Sneha,505,Table,Furniture,1,10000,1000,COMPLETED,Delhi,Delhi,COD
106732,2026-08-05,101,Ravi,507,Desk,Furniture,5,15000,0,COMPLETED,Hyderabad,Telangana,COD
106733,2026-08-28,106,Ramesh,503,Chair,Furniture,4,8000,2000,COMPLETED,Pune,Maharashtra,NET_BANKING
106734,2026-08-07,101,Ravi,509,Monitor,Electronics,4,20000,0,RETURNED,Hyderabad,Telangana,COD
106735,2026-08-04,109,Sneha,503,Chair,Furniture,3,8000,0,COMPLETED,Delhi,Delhi,CARD
106736,2026-08-02,108,Arjun,504,Keyboard,Electronics,5,3000,5000,COMPLETED,Hyderabad,Telangana,NET_BANKING
106737,2026-08-01,104,Kumar,510,Bookshelf,Furniture,2,12000,0,COMPLETED,Bangalore,Karnataka,CARD
106738,2026-08-11,101,Ravi,501,Laptop,Electronics,4,60000,100,COMPLETED,Hyderabad,Telangana,UPI
106739,2026-08-21,108,Arjun,501,Laptop,Electronics,2,60000,500,COMPLETED,Hyderabad,Telangana,NET_BANKING
106740,2026-08-29,109,Sneha,506,Headphones,Electronics,4,5000,100,COMPLETED,Delhi,Delhi,CARD
106741,2026-08-08,103,Sita,508,Mobile,Electronics,5,25000,0,COMPLETED,Chennai,Tamil Nadu,CARD
106742,2026-08-26,103,Sita,510,Bookshelf,Furniture,2,12000,100,COMPLETED,Chennai,Tamil Nadu,COD
106743,2026-08-09,103,Sita,506,Headphones,Electronics,1,5000,0,COMPLETED,Chennai,Tamil Nadu,CARD
106744,2026-08-16,109,Sneha,505,Table,Furniture,3,10000,500,COMPLETED,Delhi,Delhi,UPI
106745,2026-08-13,109,Sneha,509,Monitor,Electronics,3,20000,1000,COMPLETED,Delhi,Delhi,NET_BANKING
106746,2026-08-02,108,Arjun,509,Monitor,Electronics,1,20000,5000,COMPLETED,Hyderabad,Telangana,CARD
106747,2026-08-07,105,Priya,507,Desk,Furniture,4,15000,2000,COMPLETED,Mumbai,Maharashtra,CARD
106748,2026-08-12,108,Arjun,506,Headphones,Electronics,3,5000,0,COMPLETED,Hyderabad,Telangana,NET_BANKING
106749,2026-08-18,109,Sneha,504,Keyboard,Electronics,4,3000,1000,COMPLETED,Delhi,Delhi,UPI
106750,2026-08-02,108,Arjun,508,Mobile,Electronics,5,25000,0,CANCELLED,Hyderabad,Telangana,CARD
106751,2026-08-26,102,Anil,508,Mobile,Electronics,2,25000,0,COMPLETED,Hyderabad,Telangana,UPI
106752,2026-08-19,104,Kumar,506,Headphones,Electronics,5,5000,0,COMPLETED,Bangalore,Karnataka,CARD
106753,2026-08-04,104,Kumar,504,Keyboard,Electronics,3,3000,2000,COMPLETED,Bangalore,Karnataka,COD
106754,2026-08-04,105,Priya,501,Laptop,Electronics,1,60000,0,COMPLETED,Mumbai,Maharashtra,COD
106755,2026-08-29,101,Ravi,502,Mouse,Electronics,5,1000,200,COMPLETED,Hyderabad,Telangana,NET_BANKING
106756,2026-08-28,103,Sita,501,Laptop,Electronics,4,60000,100,COMPLETED,Chennai,Tamil Nadu,COD
106757,2026-08-07,101,Ravi,510,Bookshelf,Furniture,1,12000,2000,RETURNED,Hyderabad,Telangana,NET_BANKING
106758,2026-08-13,103,Sita,507,Desk,Furniture,2,15000,200,COMPLETED,Chennai,Tamil Nadu,COD
106759,2026-08-02,102,Anil,505,Table,Furniture,5,10000,100,COMPLETED,Hyderabad,Telangana,UPI
106760,2026-08-16,101,Ravi,502,Mouse,Electronics,1,1000,5000,COMPLETED,Hyderabad,Telangana,NET_BANKING
106761,2026-08-30,106,Ramesh,508,Mobile,Electronics,3,25000,0,COMPLETED,Pune,Maharashtra,UPI
106762,2026-08-12,110,Vikram,510,Bookshelf,Furniture,1,12000,0,COMPLETED,Kolkata,West Bengal,UPI
106763,2026-08-14,101,Ravi,506,Headphones,Electronics,4,5000,200,COMPLETED,Hyderabad,Telangana,NET_BANKING
106764,2026-08-08,103,Sita,507,Desk,Furniture,3,15000,1000,COMPLETED,Chennai,Tamil Nadu,COD
106765,2026-08-12,107,Lakshmi,504,Keyboard,Electronics,2,3000,500,COMPLETED,Chennai,Tamil Nadu,CARD
106766,2026-08-23,101,Ravi,503,Chair,Furniture,2,8000,2000,COMPLETED,Hyderabad,Telangana,UPI
106767,2026-08-14,101,Ravi,507,Desk,Furniture,3,15000,2000,COMPLETED,Hyderabad,Telangana,CARD
106768,2026-08-06,105,Priya,510,Bookshelf,Furniture,2,12000,1000,COMPLETED,Mumbai,Maharashtra,COD
106769,2026-08-03,108,Arjun,505,Table,Furniture,3,10000,0,COMPLETED,Hyderabad,Telangana,COD
106770,2026-08-11,102,Anil,508,Mobile,Electronics,2,25000,100,COMPLETED,Hyderabad,Telangana,COD
106771,2026-08-28,110,Vikram,510,Bookshelf,Furniture,4,12000,1000,COMPLETED,Kolkata,West Bengal,COD
106772,2026-08-17,102,Anil,506,Headphones,Electronics,4,5000,0,COMPLETED,Hyderabad,Telangana,CARD
106773,2026-08-04,102,Anil,508,Mobile,Electronics,3,25000,0,COMPLETED,Hyderabad,Telangana,UPI
106774,2026-08-24,105,Priya,503,Chair,Furniture,3,8000,0,COMPLETED,Mumbai,Maharashtra,NET_BANKING
106775,2026-08-12,109,Sneha,505,Table,Furniture,3,10000,2000,COMPLETED,Delhi,Delhi,CARD
106776,2026-08-15,102,Anil,504,Keyboard,Electronics,1,3000,5000,CANCELLED,Hyderabad,Telangana,NET_BANKING
106777,2026-08-29,102,Anil,510,Bookshelf,Furniture,1,12000,2000,COMPLETED,Hyderabad,Telangana,NET_BANKING
106778,2026-08-21,105,Priya,506,Headphones,Electronics,1,5000,1000,COMPLETED,Mumbai,Maharashtra,UPI
106779,2026-08-01,104,Kumar,505,Table,Furniture,1,10000,0,COMPLETED,Bangalore,Karnataka,COD
106780,2026-08-01,102,Anil,508,Mobile,Electronics,4,25000,0,COMPLETED,Hyderabad,Telangana,UPI
106781,2026-08-22,102,Anil,502,Mouse,Electronics,2,1000,5000,COMPLETED,Hyderabad,Telangana,CARD
106782,2026-08-21,102,Anil,509,Monitor,Electronics,1,20000,5000,COMPLETED,Hyderabad,Telangana,UPI
106783,2026-08-16,104,Kumar,506,Headphones,Electronics,5,5000,2000,COMPLETED,Bangalore,Karnataka,COD
106784,2026-08-01,105,Priya,501,Laptop,Electronics,1,60000,0,CANCELLED,Mumbai,Maharashtra,NET_BANKING
106785,2026-08-25,105,Priya,503,Chair,Furniture,4,8000,0,CANCELLED,Mumbai,Maharashtra,COD
106786,2026-08-28,109,Sneha,503,Chair,Furniture,3,8000,0,COMPLETED,Delhi,Delhi,COD
106787,2026-08-09,105,Priya,504,Keyboard,Electronics,2,3000,500,COMPLETED,Mumbai,Maharashtra,UPI
106788,2026-08-29,102,Anil,505,Table,Furniture,4,10000,1000,COMPLETED,Hyderabad,Telangana,COD
106789,2026-08-09,107,Lakshmi,503,Chair,Furniture,5,8000,100,COMPLETED,Chennai,Tamil Nadu,CARD
106790,2026-08-29,101,Ravi,507,Desk,Furniture,3,15000,100,RETURNED,Hyderabad,Telangana,UPI
106791,2026-08-30,102,Anil,507,Desk,Furniture,5,15000,500,COMPLETED,Hyderabad,Telangana,UPI
106792,2026-08-26,104,Kumar,509,Monitor,Electronics,5,20000,1000,COMPLETED,Bangalore,Karnataka,NET_BANKING
106793,2026-08-08,110,Vikram,503,Chair,Furniture,3,8000,2000,COMPLETED,Kolkata,West Bengal,NET_BANKING
106794,2026-08-28,103,Sita,502,Mouse,Electronics,4,1000,500,COMPLETED,Chennai,Tamil Nadu,NET_BANKING
106795,2026-08-25,106,Ramesh,504,Keyboard,Electronics,2,3000,0,COMPLETED,Pune,Maharashtra,NET_BANKING
106796,2026-08-01,110,Vikram,506,Headphones,Electronics,4,5000,0,RETURNED,Kolkata,West Bengal,NET_BANKING
106797,2026-08-04,105,Priya,502,Mouse,Electronics,2,1000,5000,COMPLETED,Mumbai,Maharashtra,UPI
106798,2026-08-21,104,Kumar,505,Table,Furniture,4,10000,200,COMPLETED,Bangalore,Karnataka,UPI
106799,2026-08-18,101,Ravi,508,Mobile,Electronics,5,25000,0,COMPLETED,Hyderabad,Telangana,COD
106800,2026-08-19,109,Sneha,507,Desk,Furniture,3,15000,5000,RETURNED,Delhi,Delhi,COD
106801,2026-08-18,101,Ravi,502,Mouse,Electronics,5,1000,200,COMPLETED,Hyderabad,Telangana,NET_BANKING
106802,2026-08-21,102,Anil,506,Headphones,Electronics,3,5000,500,COMPLETED,Hyderabad,Telangana,NET_BANKING
106803,2026-08-08,108,Arjun,504,Keyboard,Electronics,3,3000,200,COMPLETED,Hyderabad,Telangana,COD
106804,2026-08-25,104,Kumar,507,Desk,Furniture,5,15000,5000,COMPLETED,Bangalore,Karnataka,UPI
106805,2026-08-25,107,Lakshmi,509,Monitor,Electronics,3,20000,100,COMPLETED,Chennai,Tamil Nadu,CARD
106806,2026-08-26,102,Anil,508,Mobile,Electronics,3,25000,0,COMPLETED,Hyderabad,Telangana,UPI
106807,2026-08-16,110,Vikram,504,Keyboard,Electronics,1,3000,0,RETURNED,Kolkata,West Bengal,UPI
106808,2026-08-20,109,Sneha,506,Headphones,Electronics,4,5000,5000,COMPLETED,Delhi,Delhi,UPI
106809,2026-08-06,110,Vikram,506,Headphones,Electronics,5,5000,0,COMPLETED,Kolkata,West Bengal,NET_BANKING
106810,2026-08-12,101,Ravi,510,Bookshelf,Furniture,4,12000,100,COMPLETED,Hyderabad,Telangana,UPI
106811,2026-08-15,109,Sneha,505,Table,Furniture,2,10000,2000,COMPLETED,Delhi,Delhi,UPI
106812,2026-08-24,107,Lakshmi,504,Keyboard,Electronics,5,3000,100,COMPLETED,Chennai,Tamil Nadu,UPI
106813,2026-08-03,107,Lakshmi,502,Mouse,Electronics,5,1000,1000,COMPLETED,Chennai,Tamil Nadu,UPI
106814,2026-08-24,107,Lakshmi,503,Chair,Furniture,4,8000,0,COMPLETED,Chennai,Tamil Nadu,UPI
106815,2026-08-26,107,Lakshmi,509,Monitor,Electronics,2,20000,0,RETURNED,Chennai,Tamil Nadu,UPI
106816,2026-08-15,103,Sita,502,Mouse,Electronics,5,1000,1000,COMPLETED,Chennai,Tamil Nadu,CARD
106817,2026-08-25,109,Sneha,503,Chair,Furniture,2,8000,200,COMPLETED,Delhi,Delhi,UPI
106818,2026-08-13,103,Sita,506,Headphones,Electronics,4,5000,5000,COMPLETED,Chennai,Tamil Nadu,NET_BANKING
106819,2026-08-17,101,Ravi,504,Keyboard,Electronics,3,3000,2000,COMPLETED,Hyderabad,Telangana,COD
106820,2026-08-23,103,Sita,508,Mobile,Electronics,1,25000,500,COMPLETED,Chennai,Tamil Nadu,CARD
106821,2026-08-16,105,Priya,503,Chair,Furniture,4,8000,200,COMPLETED,Mumbai,Maharashtra,CARD
106822,2026-08-08,106,Ramesh,508,Mobile,Electronics,4,25000,500,COMPLETED,Pune,Maharashtra,UPI
106823,2026-08-01,105,Priya,503,Chair,Furniture,5,8000,500,COMPLETED,Mumbai,Maharashtra,UPI
106824,2026-08-08,108,Arjun,510,Bookshelf,Furniture,4,12000,500,COMPLETED,Hyderabad,Telangana,NET_BANKING
106825,2026-08-03,109,Sneha,508,Mobile,Electronics,5,25000,500,COMPLETED,Delhi,Delhi,NET_BANKING
106826,2026-08-19,101,Ravi,506,Headphones,Electronics,2,5000,1000,COMPLETED,Hyderabad,Telangana,UPI
106827,2026-08-12,110,Vikram,506,Headphones,Electronics,5,5000,5000,COMPLETED,Kolkata,West Bengal,CARD
106828,2026-08-22,107,Lakshmi,505,Table,Furniture,2,10000,5000,COMPLETED,Chennai,Tamil Nadu,COD
106829,2026-08-15,110,Vikram,506,Headphones,Electronics,2,5000,200,COMPLETED,Kolkata,West Bengal,UPI
106830,2026-08-05,107,Lakshmi,502,Mouse,Electronics,5,1000,100,COMPLETED,Chennai,Tamil Nadu,CARD
106831,2026-08-04,106,Ramesh,502,Mouse,Electronics,1,1000,200,COMPLETED,Pune,Maharashtra,CARD
106832,2026-08-01,101,Ravi,502,Mouse,Electronics,4,1000,1000,COMPLETED,Hyderabad,Telangana,NET_BANKING
106833,2026-08-28,101,Ravi,503,Chair,Furniture,3,8000,2000,COMPLETED,Hyderabad,Telangana,NET_BANKING
106834,2026-08-23,109,Sneha,505,Table,Furniture,1,10000,100,COMPLETED,Delhi,Delhi,CARD
106835,2026-08-08,103,Sita,503,Chair,Furniture,2,8000,0,COMPLETED,Chennai,Tamil Nadu,COD
106836,2026-08-25,104,Kumar,509,Monitor,Electronics,3,20000,5000,COMPLETED,Bangalore,Karnataka,NET_BANKING
106837,2026-08-27,104,Kumar,510,Bookshelf,Furniture,1,12000,200,COMPLETED,Bangalore,Karnataka,UPI
106838,2026-08-18,109,Sneha,506,Headphones,Electronics,4,5000,200,COMPLETED,Delhi,Delhi,CARD
106839,2026-08-31,102,Anil,504,Keyboard,Electronics,1,3000,2000,CANCELLED,Hyderabad,Telangana,CARD
106840,2026-08-21,103,Sita,507,Desk,Furniture,1,15000,0,COMPLETED,Chennai,Tamil Nadu,CARD
106841,2026-08-12,108,Arjun,502,Mouse,Electronics,1,1000,200,COMPLETED,Hyderabad,Telangana,COD
106842,2026-08-09,109,Sneha,505,Table,Furniture,5,10000,200,COMPLETED,Delhi,Delhi,UPI
106843,2026-08-21,104,Kumar,508,Mobile,Electronics,3,25000,5000,CANCELLED,Bangalore,Karnataka,CARD
106844,2026-08-04,109,Sneha,502,Mouse,Electronics,2,1000,200,COMPLETED,Delhi,Delhi,UPI
106845,2026-08-09,105,Priya,510,Bookshelf,Furniture,4,12000,100,COMPLETED,Mumbai,Maharashtra,NET_BANKING
106846,2026-08-01,106,Ramesh,505,Table,Furniture,4,10000,5000,COMPLETED,Pune,Maharashtra,UPI
106847,2026-08-30,106,Ramesh,504,Keyboard,Electronics,3,3000,1000,COMPLETED,Pune,Maharashtra,CARD
106848,2026-08-18,104,Kumar,505,Table,Furniture,1,10000,0,RETURNED,Bangalore,Karnataka,UPI
106849,2026-08-19,109,Sneha,503,Chair,Furniture,2,8000,1000,COMPLETED,Delhi,Delhi,CARD
106850,2026-08-16,109,Sneha,505,Table,Furniture,4,10000,100,COMPLETED,Delhi,Delhi,COD
106851,2026-08-15,106,Ramesh,504,Keyboard,Electronics,1,3000,1000,COMPLETED,Pune,Maharashtra,NET_BANKING
106852,2026-08-29,102,Anil,506,Headphones,Electronics,2,5000,200,RETURNED,Hyderabad,Telangana,UPI
106853,2026-08-13,108,Arjun,501,Laptop,Electronics,4,60000,2000,CANCELLED,Hyderabad,Telangana,COD
106854,2026-08-07,101,Ravi,507,Desk,Furniture,2,15000,0,COMPLETED,Hyderabad,Telangana,UPI
106855,2026-08-04,107,Lakshmi,502,Mouse,Electronics,5,1000,1000,COMPLETED,Chennai,Tamil Nadu,CARD
106856,2026-08-08,101,Ravi,510,Bookshelf,Furniture,4,12000,200,CANCELLED,Hyderabad,Telangana,UPI
106857,2026-08-22,104,Kumar,505,Table,Furniture,1,10000,200,COMPLETED,Bangalore,Karnataka,COD
106858,2026-08-15,110,Vikram,502,Mouse,Electronics,1,1000,200,COMPLETED,Kolkata,West Bengal,CARD
106859,2026-08-04,101,Ravi,507,Desk,Furniture,5,15000,100,COMPLETED,Hyderabad,Telangana,UPI
106860,2026-08-17,105,Priya,506,Headphones,Electronics,2,5000,0,COMPLETED,Mumbai,Maharashtra,CARD
106861,2026-08-06,102,Anil,507,Desk,Furniture,3,15000,5000,CANCELLED,Hyderabad,Telangana,NET_BANKING
106862,2026-08-14,103,Sita,505,Table,Furniture,5,10000,500,COMPLETED,Chennai,Tamil Nadu,CARD
106863,2026-08-29,103,Sita,506,Headphones,Electronics,3,5000,0,RETURNED,Chennai,Tamil Nadu,COD
106864,2026-08-19,106,Ramesh,503,Chair,Furniture,5,8000,0,COMPLETED,Pune,Maharashtra,CARD
106865,2026-08-20,107,Lakshmi,508,Mobile,Electronics,1,25000,100,COMPLETED,Chennai,Tamil Nadu,COD
106866,2026-08-20,103,Sita,501,Laptop,Electronics,3,60000,5000,COMPLETED,Chennai,Tamil Nadu,UPI
106867,2026-08-23,104,Kumar,506,Headphones,Electronics,3,5000,0,COMPLETED,Bangalore,Karnataka,UPI
106868,2026-08-25,110,Vikram,510,Bookshelf,Furniture,4,12000,500,COMPLETED,Kolkata,West Bengal,NET_BANKING
106869,2026-08-31,107,Lakshmi,506,Headphones,Electronics,4,5000,0,CANCELLED,Chennai,Tamil Nadu,COD
106870,2026-08-06,105,Priya,505,Table,Furniture,1,10000,1000,COMPLETED,Mumbai,Maharashtra,UPI
106871,2026-08-29,106,Ramesh,502,Mouse,Electronics,3,1000,1000,COMPLETED,Pune,Maharashtra,COD
106872,2026-08-19,105,Priya,501,Laptop,Electronics,2,60000,0,COMPLETED,Mumbai,Maharashtra,COD
106873,2026-08-20,108,Arjun,506,Headphones,Electronics,5,5000,200,COMPLETED,Hyderabad,Telangana,UPI
106874,2026-08-29,102,Anil,504,Keyboard,Electronics,3,3000,0,COMPLETED,Hyderabad,Telangana,UPI
106875,2026-08-02,106,Ramesh,509,Monitor,Electronics,4,20000,5000,COMPLETED,Pune,Maharashtra,UPI
106876,2026-08-31,105,Priya,505,Table,Furniture,4,10000,1000,COMPLETED,Mumbai,Maharashtra,NET_BANKING
106877,2026-08-01,101,Ravi,501,Laptop,Electronics,1,60000,500,COMPLETED,Hyderabad,Telangana,UPI
106878,2026-08-09,105,Priya,507,Desk,Furniture,3,15000,500,COMPLETED,Mumbai,Maharashtra,COD
106879,2026-08-26,107,Lakshmi,509,Monitor,Electronics,2,20000,500,CANCELLED,Chennai,Tamil Nadu,COD
106880,2026-08-12,106,Ramesh,503,Chair,Furniture,4,8000,0,COMPLETED,Pune,Maharashtra,CARD
106881,2026-08-14,105,Priya,507,Desk,Furniture,2,15000,1000,COMPLETED,Mumbai,Maharashtra,COD
106882,2026-08-31,101,Ravi,502,Mouse,Electronics,2,1000,0,CANCELLED,Hyderabad,Telangana,COD
106883,2026-08-24,110,Vikram,506,Headphones,Electronics,1,5000,0,COMPLETED,Kolkata,West Bengal,UPI
106884,2026-08-26,103,Sita,502,Mouse,Electronics,4,1000,1000,COMPLETED,Chennai,Tamil Nadu,NET_BANKING
106885,2026-08-22,101,Ravi,509,Monitor,Electronics,1,20000,1000,COMPLETED,Hyderabad,Telangana,NET_BANKING
106886,2026-08-10,110,Vikram,501,Laptop,Electronics,2,60000,0,COMPLETED,Kolkata,West Bengal,UPI
106887,2026-08-25,108,Arjun,502,Mouse,Electronics,4,1000,500,COMPLETED,Hyderabad,Telangana,COD
106888,2026-08-31,105,Priya,508,Mobile,Electronics,4,25000,2000,COMPLETED,Mumbai,Maharashtra,UPI
106889,2026-08-25,101,Ravi,504,Keyboard,Electronics,2,3000,200,COMPLETED,Hyderabad,Telangana,COD
106890,2026-08-02,107,Lakshmi,508,Mobile,Electronics,2,25000,1000,COMPLETED,Chennai,Tamil Nadu,COD
106891,2026-08-17,102,Anil,507,Desk,Furniture,3,15000,500,COMPLETED,Hyderabad,Telangana,COD
106892,2026-08-10,110,Vikram,507,Desk,Furniture,3,15000,100,COMPLETED,Kolkata,West Bengal,NET_BANKING
106893,2026-08-08,102,Anil,509,Monitor,Electronics,2,20000,0,COMPLETED,Hyderabad,Telangana,CARD
106894,2026-08-09,108,Arjun,503,Chair,Furniture,3,8000,5000,CANCELLED,Hyderabad,Telangana,CARD
106895,2026-08-24,110,Vikram,508,Mobile,Electronics,3,25000,0,CANCELLED,Kolkata,West Bengal,NET_BANKING
106896,2026-08-30,105,Priya,509,Monitor,Electronics,5,20000,500,COMPLETED,Mumbai,Maharashtra,UPI
106897,2026-08-13,110,Vikram,505,Table,Furniture,3,10000,500,COMPLETED,Kolkata,West Bengal,CARD
106898,2026-08-21,110,Vikram,503,Chair,Furniture,3,8000,5000,COMPLETED,Kolkata,West Bengal,UPI
106899,2026-08-16,108,Arjun,504,Keyboard,Electronics,4,3000,5000,COMPLETED,Hyderabad,Telangana,NET_BANKING
106900,2026-08-30,110,Vikram,508,Mobile,Electronics,2,25000,5000,COMPLETED,Kolkata,West Bengal,UPI
106901,2026-08-09,106,Ramesh,504,Keyboard,Electronics,2,3000,1000,COMPLETED,Pune,Maharashtra,UPI
106902,2026-08-04,109,Sneha,508,Mobile,Electronics,4,25000,100,COMPLETED,Delhi,Delhi,COD
106903,2026-08-14,105,Priya,508,Mobile,Electronics,4,25000,2000,COMPLETED,Mumbai,Maharashtra,COD
106904,2026-08-03,101,Ravi,510,Bookshelf,Furniture,5,12000,0,COMPLETED,Hyderabad,Telangana,CARD
106905,2026-08-13,106,Ramesh,503,Chair,Furniture,3,8000,100,COMPLETED,Pune,Maharashtra,CARD
106906,2026-08-14,102,Anil,508,Mobile,Electronics,5,25000,5000,COMPLETED,Hyderabad,Telangana,NET_BANKING
106907,2026-08-11,107,Lakshmi,508,Mobile,Electronics,5,25000,0,COMPLETED,Chennai,Tamil Nadu,NET_BANKING
106908,2026-08-26,107,Lakshmi,504,Keyboard,Electronics,5,3000,2000,COMPLETED,Chennai,Tamil Nadu,UPI
106909,2026-08-26,105,Priya,505,Table,Furniture,4,10000,5000,COMPLETED,Mumbai,Maharashtra,UPI
106910,2026-08-12,105,Priya,501,Laptop,Electronics,4,60000,5000,COMPLETED,Mumbai,Maharashtra,CARD
106911,2026-08-23,106,Ramesh,501,Laptop,Electronics,1,60000,1000,COMPLETED,Pune,Maharashtra,NET_BANKING
106912,2026-08-10,105,Priya,510,Bookshelf,Furniture,1,12000,1000,COMPLETED,Mumbai,Maharashtra,NET_BANKING
106913,2026-08-13,103,Sita,506,Headphones,Electronics,2,5000,5000,COMPLETED,Chennai,Tamil Nadu,NET_BANKING
106914,2026-08-12,109,Sneha,505,Table,Furniture,3,10000,1000,CANCELLED,Delhi,Delhi,COD
106915,2026-08-07,107,Lakshmi,507,Desk,Furniture,2,15000,1000,CANCELLED,Chennai,Tamil Nadu,NET_BANKING
106916,2026-08-23,103,Sita,501,Laptop,Electronics,3,60000,0,COMPLETED,Chennai,Tamil Nadu,NET_BANKING
106917,2026-08-22,104,Kumar,501,Laptop,Electronics,4,60000,100,COMPLETED,Bangalore,Karnataka,COD
106918,2026-08-21,103,Sita,509,Monitor,Electronics,2,20000,5000,COMPLETED,Chennai,Tamil Nadu,NET_BANKING
106919,2026-08-16,109,Sneha,509,Monitor,Electronics,1,20000,500,COMPLETED,Delhi,Delhi,COD
106920,2026-08-08,107,Lakshmi,501,Laptop,Electronics,4,60000,2000,COMPLETED,Chennai,Tamil Nadu,UPI
106921,2026-08-14,103,Sita,508,Mobile,Electronics,3,25000,500,COMPLETED,Chennai,Tamil Nadu,CARD
106922,2026-08-07,110,Vikram,505,Table,Furniture,3,10000,0,COMPLETED,Kolkata,West Bengal,COD
106923,2026-08-26,110,Vikram,507,Desk,Furniture,1,15000,2000,COMPLETED,Kolkata,West Bengal,CARD
106924,2026-08-28,108,Arjun,508,Mobile,Electronics,4,25000,500,COMPLETED,Hyderabad,Telangana,NET_BANKING
106925,2026-08-14,108,Arjun,502,Mouse,Electronics,3,1000,0,COMPLETED,Hyderabad,Telangana,UPI
106926,2026-08-31,107,Lakshmi,504,Keyboard,Electronics,4,3000,1000,COMPLETED,Chennai,Tamil Nadu,COD
106927,2026-08-20,103,Sita,506,Headphones,Electronics,2,5000,1000,COMPLETED,Chennai,Tamil Nadu,UPI
106928,2026-08-03,107,Lakshmi,510,Bookshelf,Furniture,3,12000,2000,COMPLETED,Chennai,Tamil Nadu,COD
106929,2026-08-16,109,Sneha,501,Laptop,Electronics,5,60000,100,COMPLETED,Delhi,Delhi,UPI
106930,2026-08-01,108,Arjun,501,Laptop,Electronics,5,60000,0,COMPLETED,Hyderabad,Telangana,CARD
106931,2026-08-01,105,Priya,510,Bookshelf,Furniture,2,12000,200,RETURNED,Mumbai,Maharashtra,COD
106932,2026-08-06,105,Priya,504,Keyboard,Electronics,4,3000,100,RETURNED,Mumbai,Maharashtra,NET_BANKING
106933,2026-08-04,110,Vikram,505,Table,Furniture,5,10000,0,COMPLETED,Kolkata,West Bengal,COD
106934,2026-08-30,110,Vikram,506,Headphones,Electronics,5,5000,0,COMPLETED,Kolkata,West Bengal,CARD
106935,2026-08-14,110,Vikram,505,Table,Furniture,3,10000,0,COMPLETED,Kolkata,West Bengal,UPI
106936,2026-08-05,102,Anil,509,Monitor,Electronics,5,20000,5000,COMPLETED,Hyderabad,Telangana,UPI
106937,2026-08-30,105,Priya,507,Desk,Furniture,3,15000,1000,COMPLETED,Mumbai,Maharashtra,UPI
106938,2026-08-26,103,Sita,501,Laptop,Electronics,2,60000,200,COMPLETED,Chennai,Tamil Nadu,UPI
106939,2026-08-31,106,Ramesh,510,Bookshelf,Furniture,4,12000,2000,CANCELLED,Pune,Maharashtra,COD
106940,2026-08-05,110,Vikram,505,Table,Furniture,2,10000,500,COMPLETED,Kolkata,West Bengal,CARD
106941,2026-08-29,108,Arjun,506,Headphones,Electronics,3,5000,100,COMPLETED,Hyderabad,Telangana,NET_BANKING
106942,2026-08-16,107,Lakshmi,504,Keyboard,Electronics,4,3000,200,COMPLETED,Chennai,Tamil Nadu,NET_BANKING
106943,2026-08-01,101,Ravi,504,Keyboard,Electronics,2,3000,5000,COMPLETED,Hyderabad,Telangana,CARD
106944,2026-08-19,102,Anil,508,Mobile,Electronics,2,25000,0,COMPLETED,Hyderabad,Telangana,CARD
106945,2026-08-31,106,Ramesh,501,Laptop,Electronics,3,60000,1000,COMPLETED,Pune,Maharashtra,CARD
106946,2026-08-20,107,Lakshmi,508,Mobile,Electronics,5,25000,100,COMPLETED,Chennai,Tamil Nadu,NET_BANKING
106947,2026-08-23,109,Sneha,504,Keyboard,Electronics,4,3000,100,COMPLETED,Delhi,Delhi,COD
106948,2026-08-29,108,Arjun,510,Bookshelf,Furniture,2,12000,500,COMPLETED,Hyderabad,Telangana,UPI
106949,2026-08-31,103,Sita,509,Monitor,Electronics,4,20000,5000,COMPLETED,Chennai,Tamil Nadu,COD
106950,2026-08-16,108,Arjun,505,Table,Furniture,5,10000,2000,COMPLETED,Hyderabad,Telangana,UPI
106951,2026-08-01,101,Ravi,505,Table,Furniture,4,10000,2000,CANCELLED,Hyderabad,Telangana,CARD
106952,2026-08-28,110,Vikram,507,Desk,Furniture,5,15000,2000,COMPLETED,Kolkata,West Bengal,CARD
106953,2026-08-24,105,Priya,502,Mouse,Electronics,3,1000,5000,COMPLETED,Mumbai,Maharashtra,UPI
106954,2026-08-05,109,Sneha,501,Laptop,Electronics,1,60000,500,COMPLETED,Delhi,Delhi,NET_BANKING
106955,2026-08-15,102,Anil,501,Laptop,Electronics,1,60000,0,COMPLETED,Hyderabad,Telangana,NET_BANKING
106956,2026-08-15,104,Kumar,504,Keyboard,Electronics,1,3000,100,COMPLETED,Bangalore,Karnataka,NET_BANKING
106957,2026-08-30,108,Arjun,509,Monitor,Electronics,1,20000,500,COMPLETED,Hyderabad,Telangana,COD
106958,2026-08-11,104,Kumar,506,Headphones,Electronics,1,5000,0,COMPLETED,Bangalore,Karnataka,CARD
106959,2026-08-29,106,Ramesh,504,Keyboard,Electronics,1,3000,0,COMPLETED,Pune,Maharashtra,UPI
106960,2026-08-10,106,Ramesh,509,Monitor,Electronics,3,20000,2000,COMPLETED,Pune,Maharashtra,CARD
106961,2026-08-16,102,Anil,504,Keyboard,Electronics,1,3000,0,CANCELLED,Hyderabad,Telangana,UPI
106962,2026-08-19,108,Arjun,505,Table,Furniture,2,10000,0,COMPLETED,Hyderabad,Telangana,NET_BANKING
106963,2026-08-26,107,Lakshmi,501,Laptop,Electronics,4,60000,200,COMPLETED,Chennai,Tamil Nadu,CARD
106964,2026-08-07,102,Anil,508,Mobile,Electronics,4,25000,200,COMPLETED,Hyderabad,Telangana,COD
106965,2026-08-27,101,Ravi,502,Mouse,Electronics,1,1000,0,COMPLETED,Hyderabad,Telangana,NET_BANKING
106966,2026-08-14,110,Vikram,503,Chair,Furniture,2,8000,0,COMPLETED,Kolkata,West Bengal,CARD
106967,2026-08-01,103,Sita,505,Table,Furniture,1,10000,2000,COMPLETED,Chennai,Tamil Nadu,CARD
106968,2026-08-11,109,Sneha,507,Desk,Furniture,3,15000,2000,COMPLETED,Delhi,Delhi,UPI
106969,2026-08-28,103,Sita,506,Headphones,Electronics,1,5000,500,COMPLETED,Chennai,Tamil Nadu,NET_BANKING
106970,2026-08-27,109,Sneha,501,Laptop,Electronics,3,60000,5000,COMPLETED,Delhi,Delhi,UPI
106971,2026-08-26,109,Sneha,501,Laptop,Electronics,1,60000,500,COMPLETED,Delhi,Delhi,UPI
106972,2026-08-24,102,Anil,506,Headphones,Electronics,2,5000,0,CANCELLED,Hyderabad,Telangana,UPI
106973,2026-08-20,110,Vikram,506,Headphones,Electronics,4,5000,0,COMPLETED,Kolkata,West Bengal,COD
106974,2026-08-25,107,Lakshmi,510,Bookshelf,Furniture,2,12000,500,RETURNED,Chennai,Tamil Nadu,COD
106975,2026-08-14,108,Arjun,510,Bookshelf,Furniture,4,12000,0,COMPLETED,Hyderabad,Telangana,NET_BANKING
106976,2026-08-13,109,Sneha,506,Headphones,Electronics,2,5000,1000,COMPLETED,Delhi,Delhi,NET_BANKING
106977,2026-08-06,101,Ravi,505,Table,Furniture,2,10000,500,COMPLETED,Hyderabad,Telangana,NET_BANKING
106978,2026-08-19,101,Ravi,507,Desk,Furniture,3,15000,2000,RETURNED,Hyderabad,Telangana,UPI
106979,2026-08-28,108,Arjun,506,Headphones,Electronics,3,5000,0,CANCELLED,Hyderabad,Telangana,CARD
106980,2026-08-04,108,Arjun,508,Mobile,Electronics,1,25000,500,COMPLETED,Hyderabad,Telangana,UPI
106981,2026-08-12,107,Lakshmi,501,Laptop,Electronics,5,60000,0,COMPLETED,Chennai,Tamil Nadu,COD
106982,2026-08-30,106,Ramesh,506,Headphones,Electronics,4,5000,0,COMPLETED,Pune,Maharashtra,CARD
106983,2026-08-24,107,Lakshmi,508,Mobile,Electronics,5,25000,2000,COMPLETED,Chennai,Tamil Nadu,UPI
106984,2026-08-24,105,Priya,505,Table,Furniture,3,10000,0,COMPLETED,Mumbai,Maharashtra,NET_BANKING
106985,2026-08-30,103,Sita,510,Bookshelf,Furniture,3,12000,100,RETURNED,Chennai,Tamil Nadu,COD
106986,2026-08-17,108,Arjun,501,Laptop,Electronics,5,60000,0,CANCELLED,Hyderabad,Telangana,NET_BANKING
106987,2026-08-11,101,Ravi,502,Mouse,Electronics,1,1000,200,COMPLETED,Hyderabad,Telangana,COD
106988,2026-08-17,103,Sita,507,Desk,Furniture,3,15000,5000,COMPLETED,Chennai,Tamil Nadu,NET_BANKING
106989,2026-08-03,103,Sita,505,Table,Furniture,4,10000,0,COMPLETED,Chennai,Tamil Nadu,CARD
106990,2026-08-13,101,Ravi,508,Mobile,Electronics,5,25000,0,COMPLETED,Hyderabad,Telangana,UPI
106991,2026-08-18,101,Ravi,507,Desk,Furniture,1,15000,500,COMPLETED,Hyderabad,Telangana,COD
106992,2026-08-16,106,Ramesh,510,Bookshelf,Furniture,2,12000,200,COMPLETED,Pune,Maharashtra,COD
106993,2026-08-24,107,Lakshmi,507,Desk,Furniture,1,15000,0,COMPLETED,Chennai,Tamil Nadu,NET_BANKING
106994,2026-08-26,102,Anil,508,Mobile,Electronics,1,25000,1000,COMPLETED,Hyderabad,Telangana,UPI
106995,2026-08-01,108,Arjun,507,Desk,Furniture,1,15000,5000,COMPLETED,Hyderabad,Telangana,UPI
106996,2026-08-01,109,Sneha,501,Laptop,Electronics,4,60000,5000,COMPLETED,Delhi,Delhi,NET_BANKING
106997,2026-08-10,103,Sita,509,Monitor,Electronics,3,20000,1000,COMPLETED,Chennai,Tamil Nadu,COD
106998,2026-08-21,102,Anil,509,Monitor,Electronics,4,20000,5000,COMPLETED,Hyderabad,Telangana,UPI
106999,2026-08-16,107,Lakshmi,507,Desk,Furniture,2,15000,0,COMPLETED,Chennai,Tamil Nadu,CARD
107000,2026-08-25,103,Sita,509,Monitor,Electronics,2,20000,500,COMPLETED,Chennai,Tamil Nadu,UPI
107001,2026-08-01,105,Priya,504,Keyboard,Electronics,5,3000,100,COMPLETED,Mumbai,Maharashtra,NET_BANKING
107002,2026-08-31,103,Sita,508,Mobile,Electronics,2,25000,1000,COMPLETED,Chennai,Tamil Nadu,COD
107003,2026-08-07,109,Sneha,504,Keyboard,Electronics,4,3000,5000,COMPLETED,Delhi,Delhi,UPI
107004,2026-08-04,109,Sneha,510,Bookshelf,Furniture,2,12000,0,COMPLETED,Delhi,Delhi,NET_BANKING
107005,2026-08-21,105,Priya,508,Mobile,Electronics,4,25000,0,COMPLETED,Mumbai,Maharashtra,CARD
107006,2026-08-25,103,Sita,506,Headphones,Electronics,4,5000,100,COMPLETED,Chennai,Tamil Nadu,CARD
107007,2026-08-24,107,Lakshmi,502,Mouse,Electronics,1,1000,0,COMPLETED,Chennai,Tamil Nadu,NET_BANKING
107008,2026-08-26,108,Arjun,501,Laptop,Electronics,1,60000,2000,COMPLETED,Hyderabad,Telangana,CARD
107009,2026-08-23,101,Ravi,507,Desk,Furniture,2,15000,5000,COMPLETED,Hyderabad,Telangana,CARD
107010,2026-08-20,106,Ramesh,506,Headphones,Electronics,3,5000,0,COMPLETED,Pune,Maharashtra,UPI
107011,2026-08-29,107,Lakshmi,508,Mobile,Electronics,4,25000,0,COMPLETED,Chennai,Tamil Nadu,COD
107012,2026-08-13,103,Sita,510,Bookshelf,Furniture,3,12000,2000,RETURNED,Chennai,Tamil Nadu,CARD
107013,2026-08-05,107,Lakshmi,501,Laptop,Electronics,3,60000,200,COMPLETED,Chennai,Tamil Nadu,COD
107014,2026-08-26,104,Kumar,503,Chair,Furniture,1,8000,100,COMPLETED,Bangalore,Karnataka,NET_BANKING
107015,2026-08-02,105,Priya,506,Headphones,Electronics,5,5000,0,COMPLETED,Mumbai,Maharashtra,NET_BANKING
107016,2026-08-15,101,Ravi,510,Bookshelf,Furniture,5,12000,5000,COMPLETED,Hyderabad,Telangana,COD
107017,2026-08-30,102,Anil,509,Monitor,Electronics,2,20000,500,COMPLETED,Hyderabad,Telangana,UPI
107018,2026-08-14,101,Ravi,501,Laptop,Electronics,4,60000,1000,COMPLETED,Hyderabad,Telangana,NET_BANKING
107019,2026-08-31,109,Sneha,505,Table,Furniture,2,10000,200,COMPLETED,Delhi,Delhi,UPI
107020,2026-08-02,105,Priya,507,Desk,Furniture,2,15000,1000,COMPLETED,Mumbai,Maharashtra,COD
107021,2026-08-20,101,Ravi,509,Monitor,Electronics,4,20000,0,COMPLETED,Hyderabad,Telangana,NET_BANKING
107022,2026-08-16,110,Vikram,504,Keyboard,Electronics,3,3000,0,COMPLETED,Kolkata,West Bengal,NET_BANKING
107023,2026-08-02,108,Arjun,510,Bookshelf,Furniture,3,12000,200,COMPLETED,Hyderabad,Telangana,NET_BANKING
107024,2026-08-05,108,Arjun,501,Laptop,Electronics,4,60000,0,COMPLETED,Hyderabad,Telangana,COD
107025,2026-08-12,107,Lakshmi,505,Table,Furniture,1,10000,200,COMPLETED,Chennai,Tamil Nadu,UPI
107026,2026-08-29,106,Ramesh,501,Laptop,Electronics,1,60000,1000,COMPLETED,Pune,Maharashtra,NET_BANKING
107027,2026-08-07,105,Priya,508,Mobile,Electronics,5,25000,0,COMPLETED,Mumbai,Maharashtra,NET_BANKING
107028,2026-08-10,103,Sita,508,Mobile,Electronics,1,25000,2000,COMPLETED,Chennai,Tamil Nadu,CARD
107029,2026-08-26,109,Sneha,506,Headphones,Electronics,1,5000,5000,COMPLETED,Delhi,Delhi,NET_BANKING
107030,2026-08-06,106,Ramesh,504,Keyboard,Electronics,1,3000,1000,CANCELLED,Pune,Maharashtra,CARD
107031,2026-08-03,109,Sneha,506,Headphones,Electronics,3,5000,1000,COMPLETED,Delhi,Delhi,UPI
107032,2026-08-06,104,Kumar,506,Headphones,Electronics,3,5000,5000,COMPLETED,Bangalore,Karnataka,UPI
107033,2026-08-17,108,Arjun,509,Monitor,Electronics,4,20000,1000,COMPLETED,Hyderabad,Telangana,NET_BANKING
107034,2026-08-28,102,Anil,504,Keyboard,Electronics,5,3000,0,COMPLETED,Hyderabad,Telangana,NET_BANKING
107035,2026-08-01,102,Anil,509,Monitor,Electronics,3,20000,0,COMPLETED,Hyderabad,Telangana,UPI
107036,2026-08-31,103,Sita,501,Laptop,Electronics,1,60000,5000,COMPLETED,Chennai,Tamil Nadu,UPI
107037,2026-08-03,105,Priya,506,Headphones,Electronics,3,5000,2000,COMPLETED,Mumbai,Maharashtra,CARD
107038,2026-08-16,104,Kumar,503,Chair,Furniture,4,8000,100,RETURNED,Bangalore,Karnataka,COD
107039,2026-08-29,109,Sneha,510,Bookshelf,Furniture,5,12000,500,COMPLETED,Delhi,Delhi,CARD
107040,2026-08-27,109,Sneha,508,Mobile,Electronics,5,25000,200,COMPLETED,Delhi,Delhi,CARD
107041,2026-08-28,106,Ramesh,503,Chair,Furniture,2,8000,0,COMPLETED,Pune,Maharashtra,UPI
107042,2026-08-07,106,Ramesh,507,Desk,Furniture,4,15000,0,COMPLETED,Pune,Maharashtra,UPI
107043,2026-08-27,103,Sita,505,Table,Furniture,1,10000,200,COMPLETED,Chennai,Tamil Nadu,CARD
107044,2026-08-20,110,Vikram,505,Table,Furniture,1,10000,100,COMPLETED,Kolkata,West Bengal,NET_BANKING
107045,2026-08-19,109,Sneha,502,Mouse,Electronics,2,1000,2000,COMPLETED,Delhi,Delhi,NET_BANKING
107046,2026-08-10,104,Kumar,507,Desk,Furniture,2,15000,2000,COMPLETED,Bangalore,Karnataka,CARD
107047,2026-08-29,102,Anil,505,Table,Furniture,3,10000,500,COMPLETED,Hyderabad,Telangana,COD
107048,2026-08-12,109,Sneha,502,Mouse,Electronics,1,1000,1000,COMPLETED,Delhi,Delhi,NET_BANKING
107049,2026-08-26,107,Lakshmi,504,Keyboard,Electronics,1,3000,5000,COMPLETED,Chennai,Tamil Nadu,COD
107050,2026-08-08,107,Lakshmi,504,Keyboard,Electronics,1,3000,100,COMPLETED,Chennai,Tamil Nadu,UPI
107051,2026-08-26,105,Priya,503,Chair,Furniture,2,8000,200,COMPLETED,Mumbai,Maharashtra,CARD
107052,2026-08-13,102,Anil,510,Bookshelf,Furniture,1,12000,100,COMPLETED,Hyderabad,Telangana,UPI
107053,2026-08-16,110,Vikram,503,Chair,Furniture,1,8000,500,COMPLETED,Kolkata,West Bengal,UPI
107054,2026-08-25,105,Priya,504,Keyboard,Electronics,5,3000,2000,COMPLETED,Mumbai,Maharashtra,COD
107055,2026-08-15,109,Sneha,505,Table,Furniture,1,10000,5000,COMPLETED,Delhi,Delhi,CARD
107056,2026-08-24,107,Lakshmi,501,Laptop,Electronics,2,60000,5000,COMPLETED,Chennai,Tamil Nadu,COD
107057,2026-08-14,109,Sneha,510,Bookshelf,Furniture,4,12000,200,COMPLETED,Delhi,Delhi,UPI
107058,2026-08-16,106,Ramesh,504,Keyboard,Electronics,2,3000,0,COMPLETED,Pune,Maharashtra,CARD
107059,2026-08-29,104,Kumar,504,Keyboard,Electronics,1,3000,5000,COMPLETED,Bangalore,Karnataka,UPI
107060,2026-08-18,110,Vikram,510,Bookshelf,Furniture,2,12000,500,COMPLETED,Kolkata,West Bengal,COD
107061,2026-08-12,101,Ravi,508,Mobile,Electronics,1,25000,2000,COMPLETED,Hyderabad,Telangana,UPI
107062,2026-08-17,101,Ravi,510,Bookshelf,Furniture,4,12000,200,COMPLETED,Hyderabad,Telangana,COD
107063,2026-08-17,109,Sneha,503,Chair,Furniture,1,8000,2000,COMPLETED,Delhi,Delhi,COD
107064,2026-08-13,101,Ravi,501,Laptop,Electronics,4,60000,0,COMPLETED,Hyderabad,Telangana,COD
107065,2026-08-10,110,Vikram,501,Laptop,Electronics,2,60000,1000,COMPLETED,Kolkata,West Bengal,NET_BANKING
107066,2026-08-17,107,Lakshmi,506,Headphones,Electronics,1,5000,2000,COMPLETED,Chennai,Tamil Nadu,UPI
107067,2026-08-05,108,Arjun,510,Bookshelf,Furniture,2,12000,500,COMPLETED,Hyderabad,Telangana,COD
107068,2026-08-01,110,Vikram,508,Mobile,Electronics,2,25000,0,COMPLETED,Kolkata,West Bengal,UPI
107069,2026-08-09,109,Sneha,504,Keyboard,Electronics,5,3000,0,COMPLETED,Delhi,Delhi,NET_BANKING
107070,2026-08-30,105,Priya,505,Table,Furniture,5,10000,5000,COMPLETED,Mumbai,Maharashtra,UPI
107071,2026-08-08,105,Priya,509,Monitor,Electronics,2,20000,500,COMPLETED,Mumbai,Maharashtra,NET_BANKING
107072,2026-08-30,109,Sneha,507,Desk,Furniture,4,15000,100,COMPLETED,Delhi,Delhi,UPI
107073,2026-08-07,103,Sita,502,Mouse,Electronics,1,1000,0,COMPLETED,Chennai,Tamil Nadu,COD
107074,2026-08-02,107,Lakshmi,505,Table,Furniture,3,10000,5000,COMPLETED,Chennai,Tamil Nadu,NET_BANKING
107075,2026-08-17,104,Kumar,501,Laptop,Electronics,4,60000,0,CANCELLED,Bangalore,Karnataka,CARD
107076,2026-08-06,108,Arjun,509,Monitor,Electronics,3,20000,200,COMPLETED,Hyderabad,Telangana,UPI
107077,2026-08-24,103,Sita,507,Desk,Furniture,5,15000,5000,COMPLETED,Chennai,Tamil Nadu,NET_BANKING
107078,2026-08-26,102,Anil,506,Headphones,Electronics,3,5000,5000,COMPLETED,Hyderabad,Telangana,UPI
107079,2026-08-07,104,Kumar,508,Mobile,Electronics,1,25000,500,COMPLETED,Bangalore,Karnataka,UPI
107080,2026-08-13,108,Arjun,506,Headphones,Electronics,2,5000,500,COMPLETED,Hyderabad,Telangana,NET_BANKING
107081,2026-08-07,105,Priya,504,Keyboard,Electronics,1,3000,5000,COMPLETED,Mumbai,Maharashtra,CARD
107082,2026-08-24,108,Arjun,504,Keyboard,Electronics,1,3000,1000,COMPLETED,Hyderabad,Telangana,COD
107083,2026-08-05,107,Lakshmi,507,Desk,Furniture,1,15000,500,COMPLETED,Chennai,Tamil Nadu,COD
107084,2026-08-23,109,Sneha,505,Table,Furniture,4,10000,500,COMPLETED,Delhi,Delhi,UPI
107085,2026-08-15,106,Ramesh,508,Mobile,Electronics,3,25000,2000,COMPLETED,Pune,Maharashtra,CARD
107086,2026-08-20,102,Anil,510,Bookshelf,Furniture,4,12000,1000,COMPLETED,Hyderabad,Telangana,NET_BANKING
107087,2026-08-29,103,Sita,506,Headphones,Electronics,3,5000,500,COMPLETED,Chennai,Tamil Nadu,NET_BANKING
107088,2026-08-26,106,Ramesh,509,Monitor,Electronics,4,20000,2000,COMPLETED,Pune,Maharashtra,CARD
107089,2026-08-19,110,Vikram,503,Chair,Furniture,5,8000,0,COMPLETED,Kolkata,West Bengal,CARD
107090,2026-08-16,103,Sita,507,Desk,Furniture,5,15000,500,COMPLETED,Chennai,Tamil Nadu,COD
107091,2026-08-11,101,Ravi,502,Mouse,Electronics,3,1000,0,COMPLETED,Hyderabad,Telangana,CARD
107092,2026-08-18,108,Arjun,504,Keyboard,Electronics,4,3000,200,COMPLETED,Hyderabad,Telangana,CARD
107093,2026-08-22,104,Kumar,509,Monitor,Electronics,5,20000,2000,COMPLETED,Bangalore,Karnataka,CARD
107094,2026-08-14,106,Ramesh,505,Table,Furniture,5,10000,2000,COMPLETED,Pune,Maharashtra,COD
107095,2026-08-02,107,Lakshmi,502,Mouse,Electronics,2,1000,1000,COMPLETED,Chennai,Tamil Nadu,NET_BANKING
107096,2026-08-21,108,Arjun,505,Table,Furniture,5,10000,0,COMPLETED,Hyderabad,Telangana,NET_BANKING
107097,2026-08-21,104,Kumar,508,Mobile,Electronics,1,25000,500,RETURNED,Bangalore,Karnataka,CARD
107098,2026-08-16,107,Lakshmi,503,Chair,Furniture,2,8000,1000,COMPLETED,Chennai,Tamil Nadu,COD
107099,2026-08-24,101,Ravi,501,Laptop,Electronics,1,60000,100,COMPLETED,Hyderabad,Telangana,COD
107100,2026-08-21,105,Priya,507,Desk,Furniture,1,15000,2000,COMPLETED,Mumbai,Maharashtra,NET_BANKING
107101,2026-08-19,110,Vikram,501,Laptop,Electronics,1,60000,0,COMPLETED,Kolkata,West Bengal,UPI
107102,2026-08-12,107,Lakshmi,507,Desk,Furniture,5,15000,1000,COMPLETED,Chennai,Tamil Nadu,NET_BANKING
107103,2026-08-02,105,Priya,504,Keyboard,Electronics,1,3000,0,COMPLETED,Mumbai,Maharashtra,NET_BANKING
107104,2026-08-21,107,Lakshmi,503,Chair,Furniture,4,8000,500,RETURNED,Chennai,Tamil Nadu,CARD
107105,2026-08-06,101,Ravi,506,Headphones,Electronics,2,5000,1000,CANCELLED,Hyderabad,Telangana,COD
107106,2026-08-16,104,Kumar,501,Laptop,Electronics,2,60000,100,COMPLETED,Bangalore,Karnataka,COD
107107,2026-08-27,107,Lakshmi,506,Headphones,Electronics,4,5000,0,COMPLETED,Chennai,Tamil Nadu,COD
107108,2026-08-22,101,Ravi,509,Monitor,Electronics,4,20000,0,COMPLETED,Hyderabad,Telangana,COD
107109,2026-08-22,102,Anil,504,Keyboard,Electronics,3,3000,0,COMPLETED,Hyderabad,Telangana,CARD
107110,2026-08-31,106,Ramesh,501,Laptop,Electronics,1,60000,2000,COMPLETED,Pune,Maharashtra,CARD
107111,2026-08-14,103,Sita,508,Mobile,Electronics,3,25000,200,COMPLETED,Chennai,Tamil Nadu,NET_BANKING
107112,2026-08-05,107,Lakshmi,506,Headphones,Electronics,4,5000,1000,COMPLETED,Chennai,Tamil Nadu,NET_BANKING
107113,2026-08-16,104,Kumar,505,Table,Furniture,4,10000,500,COMPLETED,Bangalore,Karnataka,UPI
107114,2026-08-06,107,Lakshmi,501,Laptop,Electronics,5,60000,1000,CANCELLED,Chennai,Tamil Nadu,NET_BANKING
107115,2026-08-18,104,Kumar,509,Monitor,Electronics,4,20000,1000,COMPLETED,Bangalore,Karnataka,COD
107116,2026-08-30,106,Ramesh,510,Bookshelf,Furniture,2,12000,0,COMPLETED,Pune,Maharashtra,UPI
107117,2026-08-06,106,Ramesh,506,Headphones,Electronics,5,5000,100,RETURNED,Pune,Maharashtra,CARD
107118,2026-08-13,101,Ravi,502,Mouse,Electronics,3,1000,200,COMPLETED,Hyderabad,Telangana,CARD
107119,2026-08-31,103,Sita,510,Bookshelf,Furniture,4,12000,5000,CANCELLED,Chennai,Tamil Nadu,NET_BANKING
107120,2026-08-08,105,Priya,505,Table,Furniture,2,10000,100,COMPLETED,Mumbai,Maharashtra,NET_BANKING
107121,2026-08-17,106,Ramesh,508,Mobile,Electronics,4,25000,5000,CANCELLED,Pune,Maharashtra,NET_BANKING
107122,2026-08-28,101,Ravi,505,Table,Furniture,4,10000,5000,COMPLETED,Hyderabad,Telangana,NET_BANKING
107123,2026-08-30,107,Lakshmi,505,Table,Furniture,5,10000,5000,COMPLETED,Chennai,Tamil Nadu,CARD
107124,2026-08-19,105,Priya,502,Mouse,Electronics,1,1000,2000,COMPLETED,Mumbai,Maharashtra,UPI
107125,2026-08-20,101,Ravi,501,Laptop,Electronics,5,60000,5000,COMPLETED,Hyderabad,Telangana,NET_BANKING
107126,2026-08-20,105,Priya,503,Chair,Furniture,5,8000,100,COMPLETED,Mumbai,Maharashtra,CARD
107127,2026-08-21,102,Anil,507,Desk,Furniture,3,15000,100,COMPLETED,Hyderabad,Telangana,CARD
107128,2026-08-14,109,Sneha,503,Chair,Furniture,3,8000,1000,COMPLETED,Delhi,Delhi,COD
107129,2026-08-10,101,Ravi,503,Chair,Furniture,5,8000,0,COMPLETED,Hyderabad,Telangana,NET_BANKING
107130,2026-08-19,106,Ramesh,508,Mobile,Electronics,5,25000,0,COMPLETED,Pune,Maharashtra,NET_BANKING
107131,2026-08-22,104,Kumar,505,Table,Furniture,3,10000,2000,COMPLETED,Bangalore,Karnataka,UPI
107132,2026-08-10,103,Sita,504,Keyboard,Electronics,2,3000,500,COMPLETED,Chennai,Tamil Nadu,UPI
107133,2026-08-17,108,Arjun,501,Laptop,Electronics,1,60000,2000,COMPLETED,Hyderabad,Telangana,CARD
107134,2026-08-19,102,Anil,504,Keyboard,Electronics,3,3000,500,COMPLETED,Hyderabad,Telangana,NET_BANKING
107135,2026-08-24,108,Arjun,509,Monitor,Electronics,3,20000,1000,COMPLETED,Hyderabad,Telangana,UPI
107136,2026-08-23,108,Arjun,504,Keyboard,Electronics,1,3000,100,COMPLETED,Hyderabad,Telangana,CARD
107137,2026-08-26,102,Anil,502,Mouse,Electronics,1,1000,100,COMPLETED,Hyderabad,Telangana,NET_BANKING
107138,2026-08-22,103,Sita,502,Mouse,Electronics,5,1000,0,COMPLETED,Chennai,Tamil Nadu,NET_BANKING
107139,2026-08-18,105,Priya,508,Mobile,Electronics,5,25000,200,RETURNED,Mumbai,Maharashtra,COD
107140,2026-08-16,108,Arjun,501,Laptop,Electronics,1,60000,1000,COMPLETED,Hyderabad,Telangana,COD
107141,2026-08-12,101,Ravi,510,Bookshelf,Furniture,1,12000,2000,COMPLETED,Hyderabad,Telangana,COD
107142,2026-08-15,104,Kumar,503,Chair,Furniture,4,8000,100,COMPLETED,Bangalore,Karnataka,CARD
107143,2026-08-11,103,Sita,507,Desk,Furniture,4,15000,100,COMPLETED,Chennai,Tamil Nadu,COD
107144,2026-08-02,110,Vikram,509,Monitor,Electronics,3,20000,5000,COMPLETED,Kolkata,West Bengal,COD
107145,2026-08-26,109,Sneha,510,Bookshelf,Furniture,2,12000,5000,COMPLETED,Delhi,Delhi,COD
107146,2026-08-06,108,Arjun,506,Headphones,Electronics,2,5000,2000,COMPLETED,Hyderabad,Telangana,COD
107147,2026-08-26,110,Vikram,502,Mouse,Electronics,5,1000,500,COMPLETED,Kolkata,West Bengal,NET_BANKING
107148,2026-08-28,105,Priya,502,Mouse,Electronics,5,1000,200,COMPLETED,Mumbai,Maharashtra,NET_BANKING
107149,2026-08-05,108,Arjun,510,Bookshelf,Furniture,5,12000,100,COMPLETED,Hyderabad,Telangana,CARD
107150,2026-08-04,110,Vikram,501,Laptop,Electronics,4,60000,1000,COMPLETED,Kolkata,West Bengal,NET_BANKING
107151,2026-08-11,110,Vikram,510,Bookshelf,Furniture,2,12000,5000,COMPLETED,Kolkata,West Bengal,COD
107152,2026-08-31,109,Sneha,508,Mobile,Electronics,1,25000,1000,COMPLETED,Delhi,Delhi,NET_BANKING
107153,2026-08-31,104,Kumar,504,Keyboard,Electronics,2,3000,0,COMPLETED,Bangalore,Karnataka,COD
107154,2026-08-03,110,Vikram,504,Keyboard,Electronics,2,3000,500,COMPLETED,Kolkata,West Bengal,NET_BANKING
107155,2026-08-20,107,Lakshmi,502,Mouse,Electronics,4,1000,0,COMPLETED,Chennai,Tamil Nadu,COD
107156,2026-08-05,106,Ramesh,501,Laptop,Electronics,1,60000,0,COMPLETED,Pune,Maharashtra,UPI
107157,2026-08-17,103,Sita,508,Mobile,Electronics,4,25000,500,COMPLETED,Chennai,Tamil Nadu,NET_BANKING
107158,2026-08-02,109,Sneha,508,Mobile,Electronics,1,25000,1000,COMPLETED,Delhi,Delhi,CARD
107159,2026-08-17,106,Ramesh,504,Keyboard,Electronics,1,3000,2000,COMPLETED,Pune,Maharashtra,UPI
107160,2026-08-11,110,Vikram,501,Laptop,Electronics,2,60000,5000,COMPLETED,Kolkata,West Bengal,CARD
107161,2026-08-15,103,Sita,509,Monitor,Electronics,5,20000,100,CANCELLED,Chennai,Tamil Nadu,COD
107162,2026-08-25,105,Priya,507,Desk,Furniture,2,15000,100,COMPLETED,Mumbai,Maharashtra,COD
107163,2026-08-03,106,Ramesh,504,Keyboard,Electronics,1,3000,1000,COMPLETED,Pune,Maharashtra,NET_BANKING
107164,2026-08-16,104,Kumar,509,Monitor,Electronics,2,20000,0,COMPLETED,Bangalore,Karnataka,NET_BANKING
107165,2026-08-07,108,Arjun,510,Bookshelf,Furniture,1,12000,500,COMPLETED,Hyderabad,Telangana,NET_BANKING
107166,2026-08-09,105,Priya,510,Bookshelf,Furniture,1,12000,2000,COMPLETED,Mumbai,Maharashtra,NET_BANKING
107167,2026-08-25,106,Ramesh,510,Bookshelf,Furniture,4,12000,100,COMPLETED,Pune,Maharashtra,NET_BANKING
107168,2026-08-09,104,Kumar,509,Monitor,Electronics,1,20000,100,RETURNED,Bangalore,Karnataka,COD
107169,2026-08-28,108,Arjun,502,Mouse,Electronics,3,1000,5000,COMPLETED,Hyderabad,Telangana,COD
107170,2026-08-01,109,Sneha,506,Headphones,Electronics,4,5000,0,COMPLETED,Delhi,Delhi,UPI
107171,2026-08-12,109,Sneha,503,Chair,Furniture,1,8000,0,COMPLETED,Delhi,Delhi,CARD
107172,2026-08-14,102,Anil,509,Monitor,Electronics,4,20000,100,COMPLETED,Hyderabad,Telangana,COD
107173,2026-08-04,106,Ramesh,510,Bookshelf,Furniture,3,12000,500,CANCELLED,Pune,Maharashtra,NET_BANKING
107174,2026-08-31,107,Lakshmi,507,Desk,Furniture,1,15000,2000,COMPLETED,Chennai,Tamil Nadu,COD
107175,2026-08-31,107,Lakshmi,501,Laptop,Electronics,1,60000,1000,COMPLETED,Chennai,Tamil Nadu,NET_BANKING
107176,2026-08-01,104,Kumar,505,Table,Furniture,1,10000,0,COMPLETED,Bangalore,Karnataka,COD
107177,2026-08-15,106,Ramesh,506,Headphones,Electronics,4,5000,500,COMPLETED,Pune,Maharashtra,NET_BANKING
107178,2026-08-12,107,Lakshmi,507,Desk,Furniture,4,15000,200,CANCELLED,Chennai,Tamil Nadu,CARD
107179,2026-08-16,110,Vikram,508,Mobile,Electronics,3,25000,0,RETURNED,Kolkata,West Bengal,UPI
107180,2026-08-14,106,Ramesh,501,Laptop,Electronics,5,60000,1000,COMPLETED,Pune,Maharashtra,UPI
107181,2026-08-08,103,Sita,504,Keyboard,Electronics,1,3000,500,COMPLETED,Chennai,Tamil Nadu,CARD
107182,2026-08-23,102,Anil,505,Table,Furniture,4,10000,0,COMPLETED,Hyderabad,Telangana,UPI
107183,2026-08-08,107,Lakshmi,506,Headphones,Electronics,4,5000,200,COMPLETED,Chennai,Tamil Nadu,NET_BANKING
107184,2026-08-06,104,Kumar,505,Table,Furniture,5,10000,0,COMPLETED,Bangalore,Karnataka,UPI
107185,2026-08-19,107,Lakshmi,503,Chair,Furniture,2,8000,0,COMPLETED,Chennai,Tamil Nadu,COD
107186,2026-08-28,102,Anil,506,Headphones,Electronics,1,5000,5000,COMPLETED,Hyderabad,Telangana,UPI
107187,2026-08-04,107,Lakshmi,507,Desk,Furniture,4,15000,0,COMPLETED,Chennai,Tamil Nadu,COD
107188,2026-08-11,108,Arjun,501,Laptop,Electronics,5,60000,0,COMPLETED,Hyderabad,Telangana,UPI
107189,2026-08-22,102,Anil,508,Mobile,Electronics,5,25000,5000,COMPLETED,Hyderabad,Telangana,COD
107190,2026-08-20,104,Kumar,502,Mouse,Electronics,5,1000,500,COMPLETED,Bangalore,Karnataka,COD
107191,2026-08-30,101,Ravi,510,Bookshelf,Furniture,5,12000,2000,CANCELLED,Hyderabad,Telangana,UPI
107192,2026-08-09,109,Sneha,508,Mobile,Electronics,5,25000,2000,COMPLETED,Delhi,Delhi,CARD
107193,2026-08-28,103,Sita,510,Bookshelf,Furniture,5,12000,200,COMPLETED,Chennai,Tamil Nadu,COD
107194,2026-08-10,109,Sneha,509,Monitor,Electronics,4,20000,5000,COMPLETED,Delhi,Delhi,CARD
107195,2026-08-15,105,Priya,504,Keyboard,Electronics,3,3000,2000,COMPLETED,Mumbai,Maharashtra,COD
107196,2026-08-06,109,Sneha,507,Desk,Furniture,4,15000,500,COMPLETED,Delhi,Delhi,CARD
107197,2026-08-28,104,Kumar,501,Laptop,Electronics,1,60000,5000,COMPLETED,Bangalore,Karnataka,NET_BANKING
107198,2026-08-27,105,Priya,508,Mobile,Electronics,3,25000,1000,COMPLETED,Mumbai,Maharashtra,UPI
107199,2026-08-13,104,Kumar,504,Keyboard,Electronics,4,3000,100,CANCELLED,Bangalore,Karnataka,UPI
107200,2026-08-13,102,Anil,506,Headphones,Electronics,4,5000,0,COMPLETED,Hyderabad,Telangana,UPI
107201,2026-08-30,109,Sneha,503,Chair,Furniture,5,8000,100,COMPLETED,Delhi,Delhi,COD
107202,2026-08-21,105,Priya,510,Bookshelf,Furniture,1,12000,200,COMPLETED,Mumbai,Maharashtra,UPI
107203,2026-08-02,107,Lakshmi,506,Headphones,Electronics,5,5000,500,CANCELLED,Chennai,Tamil Nadu,CARD
107204,2026-08-12,104,Kumar,502,Mouse,Electronics,5,1000,2000,COMPLETED,Bangalore,Karnataka,CARD
107205,2026-08-03,108,Arjun,509,Monitor,Electronics,2,20000,0,COMPLETED,Hyderabad,Telangana,UPI
107206,2026-08-17,106,Ramesh,502,Mouse,Electronics,1,1000,200,COMPLETED,Pune,Maharashtra,UPI
107207,2026-08-29,101,Ravi,505,Table,Furniture,4,10000,0,COMPLETED,Hyderabad,Telangana,COD
107208,2026-08-20,105,Priya,505,Table,Furniture,3,10000,0,RETURNED,Mumbai,Maharashtra,NET_BANKING
107209,2026-08-11,109,Sneha,502,Mouse,Electronics,1,1000,200,COMPLETED,Delhi,Delhi,NET_BANKING
107210,2026-08-18,103,Sita,508,Mobile,Electronics,5,25000,0,CANCELLED,Chennai,Tamil Nadu,UPI
107211,2026-08-14,110,Vikram,503,Chair,Furniture,5,8000,0,COMPLETED,Kolkata,West Bengal,COD
107212,2026-08-27,101,Ravi,507,Desk,Furniture,5,15000,0,COMPLETED,Hyderabad,Telangana,NET_BANKING
107213,2026-08-29,102,Anil,507,Desk,Furniture,4,15000,2000,COMPLETED,Hyderabad,Telangana,UPI
107214,2026-08-22,108,Arjun,508,Mobile,Electronics,2,25000,500,COMPLETED,Hyderabad,Telangana,UPI
107215,2026-08-02,107,Lakshmi,508,Mobile,Electronics,5,25000,0,COMPLETED,Chennai,Tamil Nadu,NET_BANKING
107216,2026-08-09,109,Sneha,503,Chair,Furniture,1,8000,500,COMPLETED,Delhi,Delhi,COD
107217,2026-08-23,108,Arjun,510,Bookshelf,Furniture,3,12000,5000,COMPLETED,Hyderabad,Telangana,NET_BANKING
107218,2026-08-08,101,Ravi,501,Laptop,Electronics,1,60000,200,COMPLETED,Hyderabad,Telangana,NET_BANKING
107219,2026-08-28,102,Anil,509,Monitor,Electronics,4,20000,0,COMPLETED,Hyderabad,Telangana,NET_BANKING
107220,2026-08-20,110,Vikram,509,Monitor,Electronics,4,20000,100,RETURNED,Kolkata,West Bengal,CARD
107221,2026-08-10,105,Priya,510,Bookshelf,Furniture,4,12000,2000,COMPLETED,Mumbai,Maharashtra,UPI
107222,2026-08-19,110,Vikram,505,Table,Furniture,3,10000,200,COMPLETED,Kolkata,West Bengal,NET_BANKING
107223,2026-08-19,102,Anil,510,Bookshelf,Furniture,1,12000,0,COMPLETED,Hyderabad,Telangana,CARD
107224,2026-08-07,107,Lakshmi,504,Keyboard,Electronics,3,3000,100,COMPLETED,Chennai,Tamil Nadu,COD
107225,2026-08-02,108,Arjun,508,Mobile,Electronics,5,25000,1000,COMPLETED,Hyderabad,Telangana,NET_BANKING
107226,2026-08-17,103,Sita,507,Desk,Furniture,2,15000,200,COMPLETED,Chennai,Tamil Nadu,NET_BANKING
107227,2026-08-07,106,Ramesh,505,Table,Furniture,3,10000,500,COMPLETED,Pune,Maharashtra,CARD
107228,2026-08-17,102,Anil,504,Keyboard,Electronics,1,3000,0,COMPLETED,Hyderabad,Telangana,NET_BANKING
107229,2026-08-13,106,Ramesh,508,Mobile,Electronics,5,25000,500,RETURNED,Pune,Maharashtra,UPI
107230,2026-08-07,106,Ramesh,502,Mouse,Electronics,5,1000,1000,COMPLETED,Pune,Maharashtra,CARD
107231,2026-08-16,103,Sita,504,Keyboard,Electronics,3,3000,0,COMPLETED,Chennai,Tamil Nadu,CARD
107232,2026-08-08,110,Vikram,508,Mobile,Electronics,1,25000,5000,COMPLETED,Kolkata,West Bengal,CARD
107233,2026-08-22,106,Ramesh,503,Chair,Furniture,2,8000,100,COMPLETED,Pune,Maharashtra,CARD
107234,2026-08-04,105,Priya,503,Chair,Furniture,2,8000,1000,CANCELLED,Mumbai,Maharashtra,COD
107235,2026-08-11,110,Vikram,507,Desk,Furniture,4,15000,100,COMPLETED,Kolkata,West Bengal,UPI
107236,2026-08-29,108,Arjun,504,Keyboard,Electronics,2,3000,1000,COMPLETED,Hyderabad,Telangana,UPI
107237,2026-08-28,107,Lakshmi,505,Table,Furniture,3,10000,1000,CANCELLED,Chennai,Tamil Nadu,UPI
107238,2026-08-06,105,Priya,509,Monitor,Electronics,5,20000,500,COMPLETED,Mumbai,Maharashtra,COD
107239,2026-08-17,109,Sneha,503,Chair,Furniture,4,8000,100,COMPLETED,Delhi,Delhi,NET_BANKING
107240,2026-08-24,109,Sneha,508,Mobile,Electronics,2,25000,200,CANCELLED,Delhi,Delhi,COD
107241,2026-08-29,101,Ravi,507,Desk,Furniture,2,15000,1000,COMPLETED,Hyderabad,Telangana,COD
107242,2026-08-01,104,Kumar,507,Desk,Furniture,5,15000,0,COMPLETED,Bangalore,Karnataka,NET_BANKING
107243,2026-08-27,109,Sneha,503,Chair,Furniture,2,8000,2000,COMPLETED,Delhi,Delhi,CARD
107244,2026-08-15,102,Anil,507,Desk,Furniture,3,15000,0,COMPLETED,Hyderabad,Telangana,UPI
107245,2026-08-28,106,Ramesh,504,Keyboard,Electronics,2,3000,5000,RETURNED,Pune,Maharashtra,UPI
107246,2026-08-25,104,Kumar,505,Table,Furniture,1,10000,500,COMPLETED,Bangalore,Karnataka,COD
107247,2026-08-28,106,Ramesh,507,Desk,Furniture,5,15000,2000,COMPLETED,Pune,Maharashtra,COD
107248,2026-08-15,102,Anil,504,Keyboard,Electronics,5,3000,5000,COMPLETED,Hyderabad,Telangana,UPI
107249,2026-08-17,106,Ramesh,504,Keyboard,Electronics,2,3000,0,COMPLETED,Pune,Maharashtra,CARD
107250,2026-08-13,104,Kumar,510,Bookshelf,Furniture,3,12000,5000,CANCELLED,Bangalore,Karnataka,NET_BANKING
107251,2026-08-26,104,Kumar,508,Mobile,Electronics,4,25000,500,COMPLETED,Bangalore,Karnataka,NET_BANKING
107252,2026-08-21,102,Anil,503,Chair,Furniture,3,8000,2000,COMPLETED,Hyderabad,Telangana,CARD
107253,2026-08-18,103,Sita,501,Laptop,Electronics,2,60000,500,RETURNED,Chennai,Tamil Nadu,COD
107254,2026-08-26,105,Priya,505,Table,Furniture,2,10000,2000,COMPLETED,Mumbai,Maharashtra,CARD
107255,2026-08-15,109,Sneha,501,Laptop,Electronics,1,60000,2000,COMPLETED,Delhi,Delhi,COD
107256,2026-08-26,110,Vikram,510,Bookshelf,Furniture,2,12000,500,COMPLETED,Kolkata,West Bengal,UPI
107257,2026-08-22,101,Ravi,507,Desk,Furniture,5,15000,200,COMPLETED,Hyderabad,Telangana,CARD
107258,2026-08-03,110,Vikram,503,Chair,Furniture,4,8000,100,COMPLETED,Kolkata,West Bengal,COD
107259,2026-08-23,101,Ravi,505,Table,Furniture,2,10000,5000,COMPLETED,Hyderabad,Telangana,NET_BANKING
107260,2026-08-25,108,Arjun,502,Mouse,Electronics,1,1000,200,COMPLETED,Hyderabad,Telangana,CARD
107261,2026-08-13,101,Ravi,506,Headphones,Electronics,5,5000,1000,COMPLETED,Hyderabad,Telangana,COD
107262,2026-08-21,103,Sita,506,Headphones,Electronics,1,5000,2000,COMPLETED,Chennai,Tamil Nadu,NET_BANKING
107263,2026-08-07,102,Anil,503,Chair,Furniture,3,8000,100,COMPLETED,Hyderabad,Telangana,UPI
107264,2026-08-25,109,Sneha,509,Monitor,Electronics,5,20000,2000,RETURNED,Delhi,Delhi,UPI
107265,2026-08-03,109,Sneha,502,Mouse,Electronics,1,1000,5000,COMPLETED,Delhi,Delhi,NET_BANKING
107266,2026-08-30,110,Vikram,503,Chair,Furniture,2,8000,2000,COMPLETED,Kolkata,West Bengal,CARD
107267,2026-08-01,107,Lakshmi,509,Monitor,Electronics,5,20000,1000,COMPLETED,Chennai,Tamil Nadu,NET_BANKING
107268,2026-08-07,105,Priya,505,Table,Furniture,4,10000,100,RETURNED,Mumbai,Maharashtra,UPI
107269,2026-08-14,104,Kumar,503,Chair,Furniture,4,8000,5000,COMPLETED,Bangalore,Karnataka,CARD
107270,2026-08-25,109,Sneha,504,Keyboard,Electronics,1,3000,0,CANCELLED,Delhi,Delhi,UPI
107271,2026-08-17,105,Priya,504,Keyboard,Electronics,3,3000,200,COMPLETED,Mumbai,Maharashtra,COD
107272,2026-08-11,110,Vikram,508,Mobile,Electronics,4,25000,500,COMPLETED,Kolkata,West Bengal,UPI
107273,2026-08-18,109,Sneha,502,Mouse,Electronics,1,1000,0,COMPLETED,Delhi,Delhi,COD
107274,2026-08-06,105,Priya,508,Mobile,Electronics,5,25000,0,CANCELLED,Mumbai,Maharashtra,CARD
107275,2026-08-06,102,Anil,502,Mouse,Electronics,4,1000,1000,COMPLETED,Hyderabad,Telangana,COD
107276,2026-08-01,105,Priya,507,Desk,Furniture,2,15000,0,COMPLETED,Mumbai,Maharashtra,CARD
107277,2026-08-03,102,Anil,503,Chair,Furniture,4,8000,0,COMPLETED,Hyderabad,Telangana,UPI
107278,2026-08-23,105,Priya,503,Chair,Furniture,2,8000,100,COMPLETED,Mumbai,Maharashtra,NET_BANKING
107279,2026-08-18,109,Sneha,509,Monitor,Electronics,1,20000,0,COMPLETED,Delhi,Delhi,NET_BANKING
107280,2026-08-01,110,Vikram,503,Chair,Furniture,4,8000,200,COMPLETED,Kolkata,West Bengal,NET_BANKING
107281,2026-08-12,102,Anil,507,Desk,Furniture,2,15000,5000,COMPLETED,Hyderabad,Telangana,COD
107282,2026-08-29,102,Anil,509,Monitor,Electronics,5,20000,0,COMPLETED,Hyderabad,Telangana,NET_BANKING
107283,2026-08-30,104,Kumar,502,Mouse,Electronics,1,1000,0,COMPLETED,Bangalore,Karnataka,COD
107284,2026-08-25,110,Vikram,503,Chair,Furniture,3,8000,0,COMPLETED,Kolkata,West Bengal,COD
107285,2026-08-07,103,Sita,503,Chair,Furniture,5,8000,0,COMPLETED,Chennai,Tamil Nadu,CARD
107286,2026-08-06,108,Arjun,501,Laptop,Electronics,1,60000,0,COMPLETED,Hyderabad,Telangana,NET_BANKING
107287,2026-08-28,101,Ravi,502,Mouse,Electronics,3,1000,2000,COMPLETED,Hyderabad,Telangana,COD
107288,2026-08-27,102,Anil,504,Keyboard,Electronics,4,3000,0,COMPLETED,Hyderabad,Telangana,COD
107289,2026-08-06,103,Sita,508,Mobile,Electronics,1,25000,500,COMPLETED,Chennai,Tamil Nadu,UPI
107290,2026-08-01,110,Vikram,509,Monitor,Electronics,4,20000,200,CANCELLED,Kolkata,West Bengal,NET_BANKING
107291,2026-08-31,104,Kumar,504,Keyboard,Electronics,2,3000,1000,COMPLETED,Bangalore,Karnataka,UPI
107292,2026-08-14,107,Lakshmi,503,Chair,Furniture,2,8000,1000,COMPLETED,Chennai,Tamil Nadu,UPI
107293,2026-08-09,105,Priya,510,Bookshelf,Furniture,4,12000,0,COMPLETED,Mumbai,Maharashtra,CARD
107294,2026-08-22,101,Ravi,506,Headphones,Electronics,1,5000,1000,COMPLETED,Hyderabad,Telangana,CARD
107295,2026-08-01,104,Kumar,503,Chair,Furniture,5,8000,2000,COMPLETED,Bangalore,Karnataka,CARD
107296,2026-08-27,101,Ravi,510,Bookshelf,Furniture,2,12000,500,COMPLETED,Hyderabad,Telangana,COD
107297,2026-08-21,105,Priya,502,Mouse,Electronics,2,1000,1000,COMPLETED,Mumbai,Maharashtra,COD
107298,2026-08-08,107,Lakshmi,506,Headphones,Electronics,2,5000,0,COMPLETED,Chennai,Tamil Nadu,COD
107299,2026-08-31,104,Kumar,509,Monitor,Electronics,3,20000,5000,COMPLETED,Bangalore,Karnataka,CARD
107300,2026-08-04,104,Kumar,510,Bookshelf,Furniture,5,12000,1000,COMPLETED,Bangalore,Karnataka,UPI
107301,2026-08-26,101,Ravi,501,Laptop,Electronics,5,60000,500,COMPLETED,Hyderabad,Telangana,COD
107302,2026-08-16,103,Sita,507,Desk,Furniture,3,15000,0,COMPLETED,Chennai,Tamil Nadu,NET_BANKING
107303,2026-08-08,107,Lakshmi,509,Monitor,Electronics,1,20000,500,COMPLETED,Chennai,Tamil Nadu,NET_BANKING
107304,2026-08-08,101,Ravi,501,Laptop,Electronics,5,60000,500,RETURNED,Hyderabad,Telangana,NET_BANKING
107305,2026-08-23,106,Ramesh,509,Monitor,Electronics,3,20000,2000,RETURNED,Pune,Maharashtra,NET_BANKING
107306,2026-08-04,103,Sita,501,Laptop,Electronics,5,60000,0,RETURNED,Chennai,Tamil Nadu,UPI
107307,2026-08-06,103,Sita,504,Keyboard,Electronics,1,3000,0,COMPLETED,Chennai,Tamil Nadu,NET_BANKING
107308,2026-08-17,102,Anil,510,Bookshelf,Furniture,5,12000,0,COMPLETED,Hyderabad,Telangana,UPI
107309,2026-08-28,110,Vikram,502,Mouse,Electronics,4,1000,1000,COMPLETED,Kolkata,West Bengal,COD
107310,2026-08-30,106,Ramesh,502,Mouse,Electronics,5,1000,100,COMPLETED,Pune,Maharashtra,COD
107311,2026-08-26,108,Arjun,506,Headphones,Electronics,1,5000,500,COMPLETED,Hyderabad,Telangana,UPI
107312,2026-08-22,107,Lakshmi,503,Chair,Furniture,2,8000,500,COMPLETED,Chennai,Tamil Nadu,COD
107313,2026-08-18,106,Ramesh,507,Desk,Furniture,5,15000,5000,COMPLETED,Pune,Maharashtra,UPI
107314,2026-08-09,103,Sita,501,Laptop,Electronics,5,60000,5000,COMPLETED,Chennai,Tamil Nadu,UPI
107315,2026-08-26,104,Kumar,507,Desk,Furniture,3,15000,200,COMPLETED,Bangalore,Karnataka,COD
107316,2026-08-03,107,Lakshmi,505,Table,Furniture,3,10000,500,COMPLETED,Chennai,Tamil Nadu,COD
107317,2026-08-30,102,Anil,510,Bookshelf,Furniture,4,12000,500,COMPLETED,Hyderabad,Telangana,CARD
107318,2026-08-12,102,Anil,505,Table,Furniture,5,10000,1000,COMPLETED,Hyderabad,Telangana,UPI
107319,2026-08-02,109,Sneha,501,Laptop,Electronics,2,60000,0,COMPLETED,Delhi,Delhi,NET_BANKING
107320,2026-08-07,105,Priya,508,Mobile,Electronics,3,25000,2000,COMPLETED,Mumbai,Maharashtra,CARD
107321,2026-08-19,108,Arjun,503,Chair,Furniture,3,8000,200,COMPLETED,Hyderabad,Telangana,UPI
107322,2026-08-01,101,Ravi,510,Bookshelf,Furniture,5,12000,100,COMPLETED,Hyderabad,Telangana,NET_BANKING
107323,2026-08-04,101,Ravi,509,Monitor,Electronics,3,20000,2000,CANCELLED,Hyderabad,Telangana,NET_BANKING
107324,2026-08-05,108,Arjun,501,Laptop,Electronics,2,60000,2000,COMPLETED,Hyderabad,Telangana,COD
107325,2026-08-16,105,Priya,502,Mouse,Electronics,1,1000,2000,COMPLETED,Mumbai,Maharashtra,CARD
107326,2026-08-06,103,Sita,506,Headphones,Electronics,3,5000,1000,COMPLETED,Chennai,Tamil Nadu,UPI
107327,2026-08-24,104,Kumar,505,Table,Furniture,1,10000,5000,COMPLETED,Bangalore,Karnataka,CARD
107328,2026-08-01,103,Sita,509,Monitor,Electronics,5,20000,1000,COMPLETED,Chennai,Tamil Nadu,UPI
107329,2026-08-09,108,Arjun,506,Headphones,Electronics,1,5000,0,COMPLETED,Hyderabad,Telangana,CARD
107330,2026-08-02,108,Arjun,510,Bookshelf,Furniture,3,12000,500,COMPLETED,Hyderabad,Telangana,CARD
107331,2026-08-15,109,Sneha,502,Mouse,Electronics,2,1000,200,COMPLETED,Delhi,Delhi,COD
107332,2026-08-01,110,Vikram,502,Mouse,Electronics,5,1000,100,COMPLETED,Kolkata,West Bengal,COD
107333,2026-08-31,106,Ramesh,507,Desk,Furniture,1,15000,100,COMPLETED,Pune,Maharashtra,COD
107334,2026-08-09,105,Priya,507,Desk,Furniture,4,15000,5000,COMPLETED,Mumbai,Maharashtra,NET_BANKING
107335,2026-08-27,108,Arjun,509,Monitor,Electronics,3,20000,2000,COMPLETED,Hyderabad,Telangana,NET_BANKING
107336,2026-08-09,101,Ravi,509,Monitor,Electronics,3,20000,0,RETURNED,Hyderabad,Telangana,UPI
107337,2026-08-26,105,Priya,504,Keyboard,Electronics,5,3000,100,COMPLETED,Mumbai,Maharashtra,COD
107338,2026-08-19,101,Ravi,510,Bookshelf,Furniture,2,12000,2000,COMPLETED,Hyderabad,Telangana,UPI
107339,2026-08-12,103,Sita,509,Monitor,Electronics,3,20000,0,COMPLETED,Chennai,Tamil Nadu,CARD
107340,2026-08-11,109,Sneha,503,Chair,Furniture,3,8000,100,COMPLETED,Delhi,Delhi,CARD
107341,2026-08-25,103,Sita,509,Monitor,Electronics,4,20000,1000,COMPLETED,Chennai,Tamil Nadu,UPI
107342,2026-08-28,109,Sneha,502,Mouse,Electronics,5,1000,0,RETURNED,Delhi,Delhi,NET_BANKING
107343,2026-08-28,103,Sita,509,Monitor,Electronics,2,20000,0,COMPLETED,Chennai,Tamil Nadu,CARD
107344,2026-08-16,101,Ravi,507,Desk,Furniture,2,15000,0,CANCELLED,Hyderabad,Telangana,CARD
107345,2026-08-18,101,Ravi,504,Keyboard,Electronics,5,3000,500,COMPLETED,Hyderabad,Telangana,UPI
107346,2026-08-15,107,Lakshmi,508,Mobile,Electronics,4,25000,100,CANCELLED,Chennai,Tamil Nadu,UPI
107347,2026-08-24,110,Vikram,502,Mouse,Electronics,1,1000,1000,COMPLETED,Kolkata,West Bengal,COD
107348,2026-08-15,102,Anil,510,Bookshelf,Furniture,1,12000,1000,COMPLETED,Hyderabad,Telangana,NET_BANKING
107349,2026-08-30,105,Priya,506,Headphones,Electronics,3,5000,0,COMPLETED,Mumbai,Maharashtra,UPI
107350,2026-08-17,105,Priya,504,Keyboard,Electronics,4,3000,2000,COMPLETED,Mumbai,Maharashtra,CARD
107351,2026-08-08,109,Sneha,505,Table,Furniture,1,10000,1000,RETURNED,Delhi,Delhi,NET_BANKING
107352,2026-08-14,107,Lakshmi,508,Mobile,Electronics,5,25000,1000,COMPLETED,Chennai,Tamil Nadu,COD
107353,2026-08-19,110,Vikram,503,Chair,Furniture,4,8000,100,CANCELLED,Kolkata,West Bengal,COD
107354,2026-08-23,104,Kumar,503,Chair,Furniture,4,8000,200,COMPLETED,Bangalore,Karnataka,NET_BANKING
107355,2026-08-25,104,Kumar,508,Mobile,Electronics,1,25000,200,CANCELLED,Bangalore,Karnataka,UPI
107356,2026-08-11,110,Vikram,501,Laptop,Electronics,4,60000,2000,RETURNED,Kolkata,West Bengal,NET_BANKING
107357,2026-08-03,102,Anil,505,Table,Furniture,2,10000,500,COMPLETED,Hyderabad,Telangana,UPI
107358,2026-08-17,108,Arjun,507,Desk,Furniture,2,15000,100,COMPLETED,Hyderabad,Telangana,COD
107359,2026-08-03,107,Lakshmi,509,Monitor,Electronics,4,20000,0,COMPLETED,Chennai,Tamil Nadu,UPI
107360,2026-08-16,110,Vikram,502,Mouse,Electronics,1,1000,100,CANCELLED,Kolkata,West Bengal,NET_BANKING
107361,2026-08-14,103,Sita,504,Keyboard,Electronics,2,3000,5000,COMPLETED,Chennai,Tamil Nadu,CARD
107362,2026-08-18,108,Arjun,504,Keyboard,Electronics,1,3000,0,COMPLETED,Hyderabad,Telangana,UPI
107363,2026-08-07,109,Sneha,505,Table,Furniture,3,10000,0,COMPLETED,Delhi,Delhi,NET_BANKING
107364,2026-08-26,108,Arjun,502,Mouse,Electronics,4,1000,100,COMPLETED,Hyderabad,Telangana,UPI
107365,2026-08-24,102,Anil,502,Mouse,Electronics,3,1000,5000,COMPLETED,Hyderabad,Telangana,CARD
107366,2026-08-07,101,Ravi,508,Mobile,Electronics,3,25000,5000,COMPLETED,Hyderabad,Telangana,COD
107367,2026-08-10,104,Kumar,506,Headphones,Electronics,1,5000,500,COMPLETED,Bangalore,Karnataka,NET_BANKING
107368,2026-08-15,107,Lakshmi,505,Table,Furniture,2,10000,0,COMPLETED,Chennai,Tamil Nadu,UPI
107369,2026-08-18,107,Lakshmi,509,Monitor,Electronics,3,20000,100,COMPLETED,Chennai,Tamil Nadu,COD
107370,2026-08-21,104,Kumar,508,Mobile,Electronics,1,25000,0,COMPLETED,Bangalore,Karnataka,NET_BANKING
107371,2026-08-07,104,Kumar,509,Monitor,Electronics,1,20000,0,COMPLETED,Bangalore,Karnataka,NET_BANKING
107372,2026-08-24,108,Arjun,509,Monitor,Electronics,1,20000,2000,COMPLETED,Hyderabad,Telangana,COD
107373,2026-08-17,101,Ravi,509,Monitor,Electronics,1,20000,500,COMPLETED,Hyderabad,Telangana,UPI
107374,2026-08-10,103,Sita,505,Table,Furniture,4,10000,100,COMPLETED,Chennai,Tamil Nadu,CARD
107375,2026-08-15,107,Lakshmi,502,Mouse,Electronics,2,1000,500,CANCELLED,Chennai,Tamil Nadu,COD
107376,2026-08-15,101,Ravi,509,Monitor,Electronics,2,20000,2000,COMPLETED,Hyderabad,Telangana,UPI
107377,2026-08-07,105,Priya,510,Bookshelf,Furniture,1,12000,0,COMPLETED,Mumbai,Maharashtra,COD
107378,2026-08-19,103,Sita,503,Chair,Furniture,2,8000,0,COMPLETED,Chennai,Tamil Nadu,NET_BANKING
107379,2026-08-01,101,Ravi,504,Keyboard,Electronics,5,3000,200,COMPLETED,Hyderabad,Telangana,UPI
107380,2026-08-10,102,Anil,507,Desk,Furniture,4,15000,2000,COMPLETED,Hyderabad,Telangana,CARD
107381,2026-08-18,108,Arjun,504,Keyboard,Electronics,4,3000,0,COMPLETED,Hyderabad,Telangana,CARD
107382,2026-08-29,108,Arjun,503,Chair,Furniture,2,8000,5000,CANCELLED,Hyderabad,Telangana,UPI
107383,2026-08-12,109,Sneha,502,Mouse,Electronics,3,1000,200,COMPLETED,Delhi,Delhi,CARD
107384,2026-08-18,106,Ramesh,509,Monitor,Electronics,2,20000,0,COMPLETED,Pune,Maharashtra,UPI
107385,2026-08-16,104,Kumar,507,Desk,Furniture,1,15000,2000,COMPLETED,Bangalore,Karnataka,CARD
107386,2026-08-10,104,Kumar,509,Monitor,Electronics,1,20000,5000,RETURNED,Bangalore,Karnataka,COD
107387,2026-08-05,107,Lakshmi,501,Laptop,Electronics,5,60000,5000,COMPLETED,Chennai,Tamil Nadu,UPI
107388,2026-08-14,108,Arjun,503,Chair,Furniture,3,8000,0,COMPLETED,Hyderabad,Telangana,NET_BANKING
107389,2026-08-19,101,Ravi,504,Keyboard,Electronics,1,3000,2000,COMPLETED,Hyderabad,Telangana,UPI
107390,2026-08-17,103,Sita,509,Monitor,Electronics,2,20000,5000,COMPLETED,Chennai,Tamil Nadu,CARD
107391,2026-08-11,110,Vikram,509,Monitor,Electronics,5,20000,200,RETURNED,Kolkata,West Bengal,UPI
107392,2026-08-31,109,Sneha,503,Chair,Furniture,2,8000,5000,COMPLETED,Delhi,Delhi,UPI
107393,2026-08-19,105,Priya,507,Desk,Furniture,3,15000,200,COMPLETED,Mumbai,Maharashtra,NET_BANKING
107394,2026-08-19,104,Kumar,507,Desk,Furniture,5,15000,100,COMPLETED,Bangalore,Karnataka,CARD
107395,2026-08-06,101,Ravi,508,Mobile,Electronics,3,25000,2000,COMPLETED,Hyderabad,Telangana,UPI
107396,2026-08-26,106,Ramesh,507,Desk,Furniture,2,15000,200,COMPLETED,Pune,Maharashtra,COD
107397,2026-08-01,108,Arjun,509,Monitor,Electronics,1,20000,500,COMPLETED,Hyderabad,Telangana,COD
107398,2026-08-09,101,Ravi,502,Mouse,Electronics,1,1000,100,COMPLETED,Hyderabad,Telangana,UPI
107399,2026-08-15,105,Priya,505,Table,Furniture,1,10000,100,COMPLETED,Mumbai,Maharashtra,CARD
107400,2026-08-10,107,Lakshmi,503,Chair,Furniture,5,8000,5000,COMPLETED,Chennai,Tamil Nadu,NET_BANKING
107401,2026-08-07,107,Lakshmi,503,Chair,Furniture,4,8000,2000,CANCELLED,Chennai,Tamil Nadu,UPI
107402,2026-08-26,108,Arjun,504,Keyboard,Electronics,2,3000,5000,COMPLETED,Hyderabad,Telangana,COD
107403,2026-08-25,101,Ravi,507,Desk,Furniture,2,15000,1000,COMPLETED,Hyderabad,Telangana,UPI
107404,2026-08-18,104,Kumar,507,Desk,Furniture,5,15000,0,COMPLETED,Bangalore,Karnataka,NET_BANKING
107405,2026-08-03,108,Arjun,505,Table,Furniture,4,10000,500,COMPLETED,Hyderabad,Telangana,CARD
107406,2026-08-30,107,Lakshmi,507,Desk,Furniture,2,15000,200,COMPLETED,Chennai,Tamil Nadu,NET_BANKING
107407,2026-08-29,107,Lakshmi,502,Mouse,Electronics,5,1000,500,COMPLETED,Chennai,Tamil Nadu,CARD
107408,2026-08-15,106,Ramesh,508,Mobile,Electronics,4,25000,5000,COMPLETED,Pune,Maharashtra,NET_BANKING
107409,2026-08-23,110,Vikram,503,Chair,Furniture,5,8000,500,COMPLETED,Kolkata,West Bengal,CARD
107410,2026-08-18,107,Lakshmi,502,Mouse,Electronics,5,1000,200,COMPLETED,Chennai,Tamil Nadu,NET_BANKING
107411,2026-08-29,105,Priya,509,Monitor,Electronics,5,20000,100,COMPLETED,Mumbai,Maharashtra,COD
107412,2026-08-05,101,Ravi,505,Table,Furniture,3,10000,500,COMPLETED,Hyderabad,Telangana,UPI
107413,2026-08-27,103,Sita,506,Headphones,Electronics,4,5000,5000,COMPLETED,Chennai,Tamil Nadu,UPI
107414,2026-08-16,103,Sita,502,Mouse,Electronics,5,1000,100,COMPLETED,Chennai,Tamil Nadu,NET_BANKING
107415,2026-08-18,110,Vikram,509,Monitor,Electronics,1,20000,2000,RETURNED,Kolkata,West Bengal,UPI
107416,2026-08-15,101,Ravi,504,Keyboard,Electronics,4,3000,200,RETURNED,Hyderabad,Telangana,CARD
107417,2026-08-01,110,Vikram,505,Table,Furniture,2,10000,0,COMPLETED,Kolkata,West Bengal,CARD
107418,2026-08-03,108,Arjun,505,Table,Furniture,2,10000,2000,COMPLETED,Hyderabad,Telangana,UPI
107419,2026-08-11,109,Sneha,507,Desk,Furniture,3,15000,0,COMPLETED,Delhi,Delhi,COD
107420,2026-08-27,102,Anil,510,Bookshelf,Furniture,5,12000,5000,COMPLETED,Hyderabad,Telangana,COD
107421,2026-08-20,109,Sneha,504,Keyboard,Electronics,2,3000,0,COMPLETED,Delhi,Delhi,CARD
107422,2026-08-02,110,Vikram,505,Table,Furniture,2,10000,5000,COMPLETED,Kolkata,West Bengal,NET_BANKING
107423,2026-08-29,103,Sita,506,Headphones,Electronics,1,5000,0,COMPLETED,Chennai,Tamil Nadu,NET_BANKING
107424,2026-08-12,108,Arjun,506,Headphones,Electronics,3,5000,5000,COMPLETED,Hyderabad,Telangana,COD
107425,2026-08-18,104,Kumar,503,Chair,Furniture,1,8000,0,CANCELLED,Bangalore,Karnataka,COD
107426,2026-08-13,101,Ravi,506,Headphones,Electronics,1,5000,1000,COMPLETED,Hyderabad,Telangana,COD
107427,2026-08-23,104,Kumar,509,Monitor,Electronics,3,20000,0,COMPLETED,Bangalore,Karnataka,COD
107428,2026-08-24,101,Ravi,501,Laptop,Electronics,4,60000,2000,COMPLETED,Hyderabad,Telangana,COD
107429,2026-08-07,102,Anil,506,Headphones,Electronics,1,5000,5000,COMPLETED,Hyderabad,Telangana,COD
107430,2026-08-10,101,Ravi,503,Chair,Furniture,3,8000,1000,COMPLETED,Hyderabad,Telangana,COD
107431,2026-08-17,110,Vikram,502,Mouse,Electronics,1,1000,500,COMPLETED,Kolkata,West Bengal,CARD
107432,2026-08-15,107,Lakshmi,510,Bookshelf,Furniture,3,12000,5000,COMPLETED,Chennai,Tamil Nadu,NET_BANKING
107433,2026-08-26,105,Priya,507,Desk,Furniture,1,15000,2000,COMPLETED,Mumbai,Maharashtra,CARD
107434,2026-08-14,105,Priya,503,Chair,Furniture,1,8000,1000,COMPLETED,Mumbai,Maharashtra,CARD
107435,2026-08-06,109,Sneha,509,Monitor,Electronics,3,20000,2000,COMPLETED,Delhi,Delhi,COD
107436,2026-08-18,107,Lakshmi,501,Laptop,Electronics,1,60000,5000,RETURNED,Chennai,Tamil Nadu,NET_BANKING
107437,2026-08-02,109,Sneha,509,Monitor,Electronics,3,20000,0,COMPLETED,Delhi,Delhi,UPI
107438,2026-08-08,104,Kumar,507,Desk,Furniture,3,15000,5000,COMPLETED,Bangalore,Karnataka,NET_BANKING
107439,2026-08-26,102,Anil,503,Chair,Furniture,4,8000,0,COMPLETED,Hyderabad,Telangana,CARD
107440,2026-08-02,108,Arjun,510,Bookshelf,Furniture,2,12000,100,COMPLETED,Hyderabad,Telangana,CARD
107441,2026-08-21,101,Ravi,510,Bookshelf,Furniture,3,12000,500,COMPLETED,Hyderabad,Telangana,UPI
107442,2026-08-26,103,Sita,502,Mouse,Electronics,2,1000,500,CANCELLED,Chennai,Tamil Nadu,NET_BANKING
107443,2026-08-20,106,Ramesh,508,Mobile,Electronics,5,25000,0,COMPLETED,Pune,Maharashtra,COD
107444,2026-08-13,103,Sita,506,Headphones,Electronics,4,5000,5000,COMPLETED,Chennai,Tamil Nadu,CARD
107445,2026-08-21,101,Ravi,507,Desk,Furniture,2,15000,2000,COMPLETED,Hyderabad,Telangana,COD
107446,2026-08-15,109,Sneha,504,Keyboard,Electronics,1,3000,1000,COMPLETED,Delhi,Delhi,UPI
107447,2026-08-08,105,Priya,502,Mouse,Electronics,4,1000,5000,COMPLETED,Mumbai,Maharashtra,COD
107448,2026-08-20,107,Lakshmi,508,Mobile,Electronics,3,25000,200,RETURNED,Chennai,Tamil Nadu,CARD
107449,2026-08-28,103,Sita,505,Table,Furniture,5,10000,2000,COMPLETED,Chennai,Tamil Nadu,CARD
107450,2026-08-19,108,Arjun,502,Mouse,Electronics,4,1000,5000,COMPLETED,Hyderabad,Telangana,NET_BANKING
107451,2026-08-04,108,Arjun,510,Bookshelf,Furniture,2,12000,0,COMPLETED,Hyderabad,Telangana,NET_BANKING
107452,2026-08-22,106,Ramesh,505,Table,Furniture,1,10000,100,COMPLETED,Pune,Maharashtra,NET_BANKING
107453,2026-08-18,105,Priya,504,Keyboard,Electronics,5,3000,100,COMPLETED,Mumbai,Maharashtra,COD
107454,2026-08-09,107,Lakshmi,510,Bookshelf,Furniture,1,12000,200,CANCELLED,Chennai,Tamil Nadu,COD
107455,2026-08-09,107,Lakshmi,508,Mobile,Electronics,5,25000,2000,COMPLETED,Chennai,Tamil Nadu,COD
107456,2026-08-17,110,Vikram,501,Laptop,Electronics,4,60000,2000,COMPLETED,Kolkata,West Bengal,UPI
107457,2026-08-18,105,Priya,502,Mouse,Electronics,2,1000,1000,COMPLETED,Mumbai,Maharashtra,UPI
107458,2026-08-20,110,Vikram,505,Table,Furniture,1,10000,500,COMPLETED,Kolkata,West Bengal,NET_BANKING
107459,2026-08-06,108,Arjun,505,Table,Furniture,4,10000,0,COMPLETED,Hyderabad,Telangana,CARD
107460,2026-08-09,106,Ramesh,505,Table,Furniture,3,10000,100,COMPLETED,Pune,Maharashtra,COD
107461,2026-08-20,102,Anil,501,Laptop,Electronics,3,60000,500,COMPLETED,Hyderabad,Telangana,CARD
107462,2026-08-09,109,Sneha,508,Mobile,Electronics,1,25000,5000,COMPLETED,Delhi,Delhi,UPI
107463,2026-08-20,110,Vikram,504,Keyboard,Electronics,1,3000,500,COMPLETED,Kolkata,West Bengal,UPI
107464,2026-08-18,104,Kumar,508,Mobile,Electronics,2,25000,0,COMPLETED,Bangalore,Karnataka,NET_BANKING
107465,2026-08-31,107,Lakshmi,509,Monitor,Electronics,5,20000,0,CANCELLED,Chennai,Tamil Nadu,UPI
107466,2026-08-18,109,Sneha,506,Headphones,Electronics,4,5000,5000,COMPLETED,Delhi,Delhi,UPI
107467,2026-08-01,108,Arjun,506,Headphones,Electronics,1,5000,200,COMPLETED,Hyderabad,Telangana,CARD
107468,2026-08-11,110,Vikram,503,Chair,Furniture,4,8000,5000,COMPLETED,Kolkata,West Bengal,COD
107469,2026-08-27,105,Priya,507,Desk,Furniture,2,15000,0,RETURNED,Mumbai,Maharashtra,COD
107470,2026-08-17,108,Arjun,502,Mouse,Electronics,4,1000,100,COMPLETED,Hyderabad,Telangana,COD
107471,2026-08-14,108,Arjun,509,Monitor,Electronics,1,20000,2000,COMPLETED,Hyderabad,Telangana,CARD
107472,2026-08-07,109,Sneha,507,Desk,Furniture,5,15000,0,COMPLETED,Delhi,Delhi,UPI
107473,2026-08-24,104,Kumar,503,Chair,Furniture,4,8000,100,COMPLETED,Bangalore,Karnataka,COD
107474,2026-08-20,105,Priya,501,Laptop,Electronics,3,60000,2000,COMPLETED,Mumbai,Maharashtra,NET_BANKING
107475,2026-08-16,105,Priya,510,Bookshelf,Furniture,4,12000,0,RETURNED,Mumbai,Maharashtra,NET_BANKING
107476,2026-08-10,104,Kumar,507,Desk,Furniture,3,15000,200,COMPLETED,Bangalore,Karnataka,NET_BANKING
107477,2026-08-05,105,Priya,502,Mouse,Electronics,1,1000,5000,COMPLETED,Mumbai,Maharashtra,CARD
107478,2026-08-21,101,Ravi,509,Monitor,Electronics,1,20000,0,CANCELLED,Hyderabad,Telangana,CARD
107479,2026-08-08,109,Sneha,510,Bookshelf,Furniture,3,12000,100,COMPLETED,Delhi,Delhi,UPI
107480,2026-08-06,101,Ravi,510,Bookshelf,Furniture,1,12000,1000,COMPLETED,Hyderabad,Telangana,COD
107481,2026-08-10,106,Ramesh,501,Laptop,Electronics,3,60000,2000,COMPLETED,Pune,Maharashtra,COD
107482,2026-08-20,110,Vikram,507,Desk,Furniture,1,15000,0,COMPLETED,Kolkata,West Bengal,CARD
107483,2026-08-03,104,Kumar,504,Keyboard,Electronics,3,3000,100,COMPLETED,Bangalore,Karnataka,UPI
107484,2026-08-30,105,Priya,502,Mouse,Electronics,3,1000,5000,COMPLETED,Mumbai,Maharashtra,NET_BANKING
107485,2026-08-14,103,Sita,508,Mobile,Electronics,5,25000,2000,COMPLETED,Chennai,Tamil Nadu,CARD
107486,2026-08-27,108,Arjun,508,Mobile,Electronics,5,25000,200,COMPLETED,Hyderabad,Telangana,CARD
107487,2026-08-14,104,Kumar,506,Headphones,Electronics,5,5000,500,COMPLETED,Bangalore,Karnataka,UPI
107488,2026-08-09,102,Anil,509,Monitor,Electronics,3,20000,1000,COMPLETED,Hyderabad,Telangana,COD
107489,2026-08-14,107,Lakshmi,502,Mouse,Electronics,2,1000,1000,COMPLETED,Chennai,Tamil Nadu,COD
107490,2026-08-01,105,Priya,502,Mouse,Electronics,2,1000,0,COMPLETED,Mumbai,Maharashtra,NET_BANKING
107491,2026-08-29,102,Anil,508,Mobile,Electronics,2,25000,100,COMPLETED,Hyderabad,Telangana,COD
107492,2026-08-07,106,Ramesh,503,Chair,Furniture,3,8000,2000,COMPLETED,Pune,Maharashtra,NET_BANKING
107493,2026-08-24,105,Priya,507,Desk,Furniture,1,15000,100,COMPLETED,Mumbai,Maharashtra,UPI
107494,2026-08-09,104,Kumar,509,Monitor,Electronics,4,20000,5000,CANCELLED,Bangalore,Karnataka,CARD
107495,2026-08-10,107,Lakshmi,505,Table,Furniture,1,10000,0,COMPLETED,Chennai,Tamil Nadu,CARD
107496,2026-08-04,109,Sneha,510,Bookshelf,Furniture,3,12000,200,COMPLETED,Delhi,Delhi,CARD
107497,2026-08-27,106,Ramesh,505,Table,Furniture,2,10000,1000,COMPLETED,Pune,Maharashtra,COD
107498,2026-08-22,103,Sita,509,Monitor,Electronics,4,20000,0,COMPLETED,Chennai,Tamil Nadu,UPI
107499,2026-08-10,104,Kumar,509,Monitor,Electronics,4,20000,1000,COMPLETED,Bangalore,Karnataka,CARD
107500,2026-08-15,105,Priya,501,Laptop,Electronics,3,60000,0,COMPLETED,Mumbai,Maharashtra,NET_BANKING
107501,2026-08-23,101,Ravi,506,Headphones,Electronics,5,5000,100,CANCELLED,Hyderabad,Telangana,NET_BANKING
107502,2026-08-22,101,Ravi,506,Headphones,Electronics,3,5000,500,COMPLETED,Hyderabad,Telangana,NET_BANKING
107503,2026-08-02,102,Anil,503,Chair,Furniture,4,8000,0,COMPLETED,Hyderabad,Telangana,COD
107504,2026-08-20,102,Anil,502,Mouse,Electronics,3,1000,5000,COMPLETED,Hyderabad,Telangana,COD
107505,2026-08-08,103,Sita,506,Headphones,Electronics,1,5000,200,COMPLETED,Chennai,Tamil Nadu,NET_BANKING
107506,2026-08-13,109,Sneha,505,Table,Furniture,3,10000,200,RETURNED,Delhi,Delhi,NET_BANKING
107507,2026-08-18,105,Priya,503,Chair,Furniture,1,8000,1000,COMPLETED,Mumbai,Maharashtra,UPI
107508,2026-08-06,101,Ravi,510,Bookshelf,Furniture,2,12000,0,COMPLETED,Hyderabad,Telangana,NET_BANKING
107509,2026-08-18,101,Ravi,508,Mobile,Electronics,4,25000,200,COMPLETED,Hyderabad,Telangana,NET_BANKING
107510,2026-08-01,104,Kumar,510,Bookshelf,Furniture,1,12000,200,RETURNED,Bangalore,Karnataka,NET_BANKING
107511,2026-08-24,104,Kumar,503,Chair,Furniture,5,8000,100,COMPLETED,Bangalore,Karnataka,CARD
107512,2026-08-22,101,Ravi,506,Headphones,Electronics,3,5000,1000,CANCELLED,Hyderabad,Telangana,NET_BANKING
107513,2026-08-29,107,Lakshmi,503,Chair,Furniture,5,8000,500,COMPLETED,Chennai,Tamil Nadu,COD
107514,2026-08-26,106,Ramesh,507,Desk,Furniture,3,15000,5000,COMPLETED,Pune,Maharashtra,CARD
107515,2026-08-08,104,Kumar,510,Bookshelf,Furniture,5,12000,500,COMPLETED,Bangalore,Karnataka,UPI
107516,2026-08-22,101,Ravi,510,Bookshelf,Furniture,3,12000,0,COMPLETED,Hyderabad,Telangana,NET_BANKING
107517,2026-08-15,108,Arjun,509,Monitor,Electronics,5,20000,100,COMPLETED,Hyderabad,Telangana,UPI
107518,2026-08-16,110,Vikram,506,Headphones,Electronics,2,5000,200,COMPLETED,Kolkata,West Bengal,COD
107519,2026-08-01,109,Sneha,504,Keyboard,Electronics,1,3000,2000,COMPLETED,Delhi,Delhi,NET_BANKING
107520,2026-08-27,107,Lakshmi,501,Laptop,Electronics,4,60000,500,COMPLETED,Chennai,Tamil Nadu,COD
107521,2026-08-22,103,Sita,506,Headphones,Electronics,4,5000,5000,COMPLETED,Chennai,Tamil Nadu,CARD
107522,2026-08-04,103,Sita,508,Mobile,Electronics,5,25000,5000,COMPLETED,Chennai,Tamil Nadu,COD
107523,2026-08-26,106,Ramesh,501,Laptop,Electronics,5,60000,0,CANCELLED,Pune,Maharashtra,CARD
107524,2026-08-11,101,Ravi,508,Mobile,Electronics,2,25000,0,COMPLETED,Hyderabad,Telangana,COD
107525,2026-08-29,110,Vikram,501,Laptop,Electronics,4,60000,500,COMPLETED,Kolkata,West Bengal,UPI
107526,2026-08-30,107,Lakshmi,505,Table,Furniture,5,10000,500,COMPLETED,Chennai,Tamil Nadu,COD
107527,2026-08-06,104,Kumar,510,Bookshelf,Furniture,1,12000,100,COMPLETED,Bangalore,Karnataka,NET_BANKING
107528,2026-08-22,105,Priya,501,Laptop,Electronics,4,60000,200,COMPLETED,Mumbai,Maharashtra,UPI
107529,2026-08-03,110,Vikram,508,Mobile,Electronics,5,25000,0,COMPLETED,Kolkata,West Bengal,UPI
107530,2026-08-25,103,Sita,501,Laptop,Electronics,2,60000,2000,COMPLETED,Chennai,Tamil Nadu,CARD
107531,2026-08-24,110,Vikram,502,Mouse,Electronics,4,1000,500,COMPLETED,Kolkata,West Bengal,COD
107532,2026-08-14,102,Anil,507,Desk,Furniture,4,15000,500,COMPLETED,Hyderabad,Telangana,UPI
107533,2026-08-23,101,Ravi,508,Mobile,Electronics,5,25000,200,COMPLETED,Hyderabad,Telangana,CARD
107534,2026-08-14,108,Arjun,506,Headphones,Electronics,3,5000,100,CANCELLED,Hyderabad,Telangana,UPI
107535,2026-08-04,109,Sneha,504,Keyboard,Electronics,2,3000,0,COMPLETED,Delhi,Delhi,UPI
107536,2026-08-03,102,Anil,507,Desk,Furniture,5,15000,200,COMPLETED,Hyderabad,Telangana,UPI
107537,2026-08-19,106,Ramesh,503,Chair,Furniture,1,8000,0,COMPLETED,Pune,Maharashtra,NET_BANKING
107538,2026-08-29,102,Anil,507,Desk,Furniture,4,15000,500,COMPLETED,Hyderabad,Telangana,UPI
107539,2026-08-01,109,Sneha,507,Desk,Furniture,3,15000,100,COMPLETED,Delhi,Delhi,CARD
107540,2026-08-16,102,Anil,507,Desk,Furniture,2,15000,200,COMPLETED,Hyderabad,Telangana,NET_BANKING
107541,2026-08-09,107,Lakshmi,505,Table,Furniture,4,10000,0,COMPLETED,Chennai,Tamil Nadu,COD
107542,2026-08-02,101,Ravi,507,Desk,Furniture,4,15000,5000,COMPLETED,Hyderabad,Telangana,CARD
107543,2026-08-17,108,Arjun,508,Mobile,Electronics,5,25000,100,COMPLETED,Hyderabad,Telangana,NET_BANKING
107544,2026-08-04,102,Anil,509,Monitor,Electronics,1,20000,0,COMPLETED,Hyderabad,Telangana,CARD
107545,2026-08-17,110,Vikram,501,Laptop,Electronics,3,60000,5000,COMPLETED,Kolkata,West Bengal,UPI
107546,2026-08-15,102,Anil,502,Mouse,Electronics,1,1000,1000,RETURNED,Hyderabad,Telangana,COD
107547,2026-08-21,105,Priya,508,Mobile,Electronics,4,25000,1000,COMPLETED,Mumbai,Maharashtra,NET_BANKING
107548,2026-08-15,108,Arjun,506,Headphones,Electronics,5,5000,0,COMPLETED,Hyderabad,Telangana,CARD
107549,2026-08-28,107,Lakshmi,508,Mobile,Electronics,3,25000,500,RETURNED,Chennai,Tamil Nadu,COD
107550,2026-08-27,110,Vikram,502,Mouse,Electronics,1,1000,200,RETURNED,Kolkata,West Bengal,COD
107551,2026-08-18,109,Sneha,505,Table,Furniture,4,10000,1000,COMPLETED,Delhi,Delhi,CARD
107552,2026-08-01,101,Ravi,509,Monitor,Electronics,3,20000,1000,COMPLETED,Hyderabad,Telangana,CARD
107553,2026-08-01,105,Priya,504,Keyboard,Electronics,3,3000,100,COMPLETED,Mumbai,Maharashtra,COD
107554,2026-08-01,101,Ravi,501,Laptop,Electronics,2,60000,2000,RETURNED,Hyderabad,Telangana,COD
107555,2026-08-09,106,Ramesh,506,Headphones,Electronics,4,5000,1000,COMPLETED,Pune,Maharashtra,COD
107556,2026-08-31,105,Priya,502,Mouse,Electronics,4,1000,200,COMPLETED,Mumbai,Maharashtra,CARD
107557,2026-08-04,106,Ramesh,502,Mouse,Electronics,4,1000,100,COMPLETED,Pune,Maharashtra,CARD
107558,2026-08-27,101,Ravi,504,Keyboard,Electronics,3,3000,100,COMPLETED,Hyderabad,Telangana,COD
107559,2026-08-31,103,Sita,507,Desk,Furniture,2,15000,200,COMPLETED,Chennai,Tamil Nadu,UPI
107560,2026-08-30,105,Priya,509,Monitor,Electronics,1,20000,2000,CANCELLED,Mumbai,Maharashtra,UPI
107561,2026-08-25,102,Anil,503,Chair,Furniture,3,8000,0,COMPLETED,Hyderabad,Telangana,NET_BANKING
107562,2026-08-13,104,Kumar,501,Laptop,Electronics,3,60000,5000,COMPLETED,Bangalore,Karnataka,CARD
107563,2026-08-05,102,Anil,502,Mouse,Electronics,4,1000,0,CANCELLED,Hyderabad,Telangana,COD
107564,2026-08-01,109,Sneha,502,Mouse,Electronics,5,1000,0,COMPLETED,Delhi,Delhi,COD
107565,2026-08-08,107,Lakshmi,507,Desk,Furniture,3,15000,100,COMPLETED,Chennai,Tamil Nadu,NET_BANKING
107566,2026-08-16,103,Sita,507,Desk,Furniture,2,15000,5000,COMPLETED,Chennai,Tamil Nadu,UPI
107567,2026-08-25,101,Ravi,508,Mobile,Electronics,1,25000,2000,COMPLETED,Hyderabad,Telangana,COD
107568,2026-08-09,109,Sneha,507,Desk,Furniture,4,15000,500,COMPLETED,Delhi,Delhi,NET_BANKING
107569,2026-08-12,108,Arjun,504,Keyboard,Electronics,5,3000,500,COMPLETED,Hyderabad,Telangana,NET_BANKING
107570,2026-08-10,104,Kumar,508,Mobile,Electronics,2,25000,1000,COMPLETED,Bangalore,Karnataka,NET_BANKING
107571,2026-08-30,108,Arjun,508,Mobile,Electronics,4,25000,5000,CANCELLED,Hyderabad,Telangana,COD
107572,2026-08-12,104,Kumar,510,Bookshelf,Furniture,1,12000,2000,COMPLETED,Bangalore,Karnataka,COD
107573,2026-08-24,101,Ravi,504,Keyboard,Electronics,2,3000,200,COMPLETED,Hyderabad,Telangana,COD
107574,2026-08-09,101,Ravi,502,Mouse,Electronics,1,1000,1000,CANCELLED,Hyderabad,Telangana,UPI
107575,2026-08-12,108,Arjun,502,Mouse,Electronics,1,1000,2000,CANCELLED,Hyderabad,Telangana,CARD
107576,2026-08-02,103,Sita,504,Keyboard,Electronics,3,3000,5000,COMPLETED,Chennai,Tamil Nadu,CARD
107577,2026-08-14,106,Ramesh,510,Bookshelf,Furniture,1,12000,0,COMPLETED,Pune,Maharashtra,NET_BANKING
107578,2026-08-26,104,Kumar,504,Keyboard,Electronics,5,3000,500,COMPLETED,Bangalore,Karnataka,COD
107579,2026-08-22,103,Sita,510,Bookshelf,Furniture,1,12000,2000,COMPLETED,Chennai,Tamil Nadu,UPI
107580,2026-08-13,106,Ramesh,507,Desk,Furniture,1,15000,200,COMPLETED,Pune,Maharashtra,UPI
107581,2026-08-21,106,Ramesh,502,Mouse,Electronics,5,1000,200,COMPLETED,Pune,Maharashtra,CARD
107582,2026-08-07,105,Priya,510,Bookshelf,Furniture,4,12000,200,COMPLETED,Mumbai,Maharashtra,COD
107583,2026-08-23,109,Sneha,501,Laptop,Electronics,5,60000,5000,COMPLETED,Delhi,Delhi,CARD
107584,2026-08-05,105,Priya,508,Mobile,Electronics,3,25000,500,COMPLETED,Mumbai,Maharashtra,COD
107585,2026-08-05,108,Arjun,507,Desk,Furniture,1,15000,5000,RETURNED,Hyderabad,Telangana,NET_BANKING
107586,2026-08-20,104,Kumar,501,Laptop,Electronics,4,60000,500,COMPLETED,Bangalore,Karnataka,NET_BANKING
107587,2026-08-21,103,Sita,510,Bookshelf,Furniture,2,12000,100,COMPLETED,Chennai,Tamil Nadu,CARD
107588,2026-08-16,105,Priya,509,Monitor,Electronics,1,20000,100,COMPLETED,Mumbai,Maharashtra,NET_BANKING
107589,2026-08-22,102,Anil,507,Desk,Furniture,2,15000,0,COMPLETED,Hyderabad,Telangana,NET_BANKING
107590,2026-08-17,106,Ramesh,505,Table,Furniture,2,10000,2000,COMPLETED,Pune,Maharashtra,COD
107591,2026-08-08,108,Arjun,504,Keyboard,Electronics,1,3000,100,COMPLETED,Hyderabad,Telangana,UPI
107592,2026-08-30,103,Sita,509,Monitor,Electronics,4,20000,2000,COMPLETED,Chennai,Tamil Nadu,CARD
107593,2026-08-09,105,Priya,501,Laptop,Electronics,1,60000,5000,RETURNED,Mumbai,Maharashtra,NET_BANKING
107594,2026-08-14,105,Priya,508,Mobile,Electronics,3,25000,100,RETURNED,Mumbai,Maharashtra,CARD
107595,2026-08-28,105,Priya,507,Desk,Furniture,5,15000,2000,COMPLETED,Mumbai,Maharashtra,NET_BANKING
107596,2026-08-19,102,Anil,507,Desk,Furniture,2,15000,0,COMPLETED,Hyderabad,Telangana,NET_BANKING
107597,2026-08-04,102,Anil,508,Mobile,Electronics,2,25000,1000,CANCELLED,Hyderabad,Telangana,CARD
107598,2026-08-11,109,Sneha,505,Table,Furniture,3,10000,5000,COMPLETED,Delhi,Delhi,NET_BANKING
107599,2026-08-12,101,Ravi,501,Laptop,Electronics,4,60000,500,CANCELLED,Hyderabad,Telangana,NET_BANKING
107600,2026-08-16,109,Sneha,501,Laptop,Electronics,4,60000,2000,COMPLETED,Delhi,Delhi,COD
107601,2026-08-04,109,Sneha,505,Table,Furniture,2,10000,200,COMPLETED,Delhi,Delhi,CARD
107602,2026-08-02,108,Arjun,507,Desk,Furniture,4,15000,200,COMPLETED,Hyderabad,Telangana,NET_BANKING
107603,2026-08-18,110,Vikram,505,Table,Furniture,2,10000,100,COMPLETED,Kolkata,West Bengal,NET_BANKING
107604,2026-08-27,103,Sita,505,Table,Furniture,5,10000,0,COMPLETED,Chennai,Tamil Nadu,UPI
107605,2026-08-26,104,Kumar,506,Headphones,Electronics,2,5000,500,COMPLETED,Bangalore,Karnataka,COD
107606,2026-08-10,107,Lakshmi,506,Headphones,Electronics,4,5000,0,COMPLETED,Chennai,Tamil Nadu,UPI
107607,2026-08-21,102,Anil,510,Bookshelf,Furniture,1,12000,0,COMPLETED,Hyderabad,Telangana,UPI
107608,2026-08-28,105,Priya,508,Mobile,Electronics,2,25000,0,COMPLETED,Mumbai,Maharashtra,CARD
107609,2026-08-27,110,Vikram,509,Monitor,Electronics,2,20000,1000,COMPLETED,Kolkata,West Bengal,NET_BANKING
107610,2026-08-29,105,Priya,509,Monitor,Electronics,1,20000,0,COMPLETED,Mumbai,Maharashtra,COD
107611,2026-08-05,108,Arjun,502,Mouse,Electronics,4,1000,5000,CANCELLED,Hyderabad,Telangana,UPI
107612,2026-08-21,106,Ramesh,507,Desk,Furniture,5,15000,1000,COMPLETED,Pune,Maharashtra,UPI
107613,2026-08-22,110,Vikram,502,Mouse,Electronics,4,1000,500,COMPLETED,Kolkata,West Bengal,COD
107614,2026-08-01,110,Vikram,505,Table,Furniture,5,10000,0,COMPLETED,Kolkata,West Bengal,CARD
107615,2026-08-20,101,Ravi,509,Monitor,Electronics,2,20000,100,COMPLETED,Hyderabad,Telangana,UPI
107616,2026-08-27,107,Lakshmi,505,Table,Furniture,1,10000,2000,COMPLETED,Chennai,Tamil Nadu,NET_BANKING
107617,2026-08-23,101,Ravi,503,Chair,Furniture,5,8000,200,COMPLETED,Hyderabad,Telangana,COD
107618,2026-08-05,105,Priya,506,Headphones,Electronics,4,5000,1000,COMPLETED,Mumbai,Maharashtra,COD
107619,2026-08-01,103,Sita,509,Monitor,Electronics,2,20000,200,COMPLETED,Chennai,Tamil Nadu,COD
107620,2026-08-06,106,Ramesh,507,Desk,Furniture,4,15000,0,COMPLETED,Pune,Maharashtra,UPI
107621,2026-08-18,106,Ramesh,510,Bookshelf,Furniture,1,12000,0,COMPLETED,Pune,Maharashtra,UPI
107622,2026-08-01,101,Ravi,504,Keyboard,Electronics,1,3000,1000,COMPLETED,Hyderabad,Telangana,COD
107623,2026-08-18,109,Sneha,503,Chair,Furniture,4,8000,5000,COMPLETED,Delhi,Delhi,CARD
107624,2026-08-30,103,Sita,501,Laptop,Electronics,2,60000,0,COMPLETED,Chennai,Tamil Nadu,UPI
107625,2026-08-03,101,Ravi,509,Monitor,Electronics,4,20000,100,COMPLETED,Hyderabad,Telangana,CARD
107626,2026-08-13,110,Vikram,508,Mobile,Electronics,4,25000,100,COMPLETED,Kolkata,West Bengal,NET_BANKING
107627,2026-08-12,105,Priya,502,Mouse,Electronics,1,1000,0,COMPLETED,Mumbai,Maharashtra,UPI
107628,2026-08-24,103,Sita,508,Mobile,Electronics,2,25000,100,CANCELLED,Chennai,Tamil Nadu,NET_BANKING
107629,2026-08-14,103,Sita,509,Monitor,Electronics,2,20000,1000,COMPLETED,Chennai,Tamil Nadu,CARD
107630,2026-08-06,105,Priya,510,Bookshelf,Furniture,4,12000,200,COMPLETED,Mumbai,Maharashtra,COD
107631,2026-08-11,105,Priya,510,Bookshelf,Furniture,3,12000,0,COMPLETED,Mumbai,Maharashtra,CARD
107632,2026-08-12,104,Kumar,504,Keyboard,Electronics,3,3000,1000,COMPLETED,Bangalore,Karnataka,CARD
107633,2026-08-09,109,Sneha,504,Keyboard,Electronics,4,3000,200,COMPLETED,Delhi,Delhi,UPI
107634,2026-08-22,107,Lakshmi,502,Mouse,Electronics,5,1000,0,COMPLETED,Chennai,Tamil Nadu,NET_BANKING
107635,2026-08-12,109,Sneha,508,Mobile,Electronics,2,25000,0,CANCELLED,Delhi,Delhi,CARD
107636,2026-08-03,110,Vikram,507,Desk,Furniture,3,15000,0,CANCELLED,Kolkata,West Bengal,NET_BANKING
107637,2026-08-15,102,Anil,507,Desk,Furniture,5,15000,1000,COMPLETED,Hyderabad,Telangana,CARD
107638,2026-08-15,101,Ravi,503,Chair,Furniture,5,8000,0,COMPLETED,Hyderabad,Telangana,NET_BANKING
107639,2026-08-03,105,Priya,509,Monitor,Electronics,1,20000,0,COMPLETED,Mumbai,Maharashtra,CARD
107640,2026-08-11,109,Sneha,505,Table,Furniture,5,10000,500,COMPLETED,Delhi,Delhi,COD
107641,2026-08-09,105,Priya,510,Bookshelf,Furniture,1,12000,0,COMPLETED,Mumbai,Maharashtra,CARD
107642,2026-08-18,107,Lakshmi,503,Chair,Furniture,5,8000,2000,COMPLETED,Chennai,Tamil Nadu,UPI
107643,2026-08-01,108,Arjun,503,Chair,Furniture,1,8000,0,COMPLETED,Hyderabad,Telangana,COD
107644,2026-08-19,101,Ravi,502,Mouse,Electronics,4,1000,500,COMPLETED,Hyderabad,Telangana,NET_BANKING
107645,2026-08-22,108,Arjun,506,Headphones,Electronics,2,5000,100,COMPLETED,Hyderabad,Telangana,NET_BANKING
107646,2026-08-17,106,Ramesh,507,Desk,Furniture,1,15000,500,COMPLETED,Pune,Maharashtra,UPI
107647,2026-08-11,101,Ravi,502,Mouse,Electronics,5,1000,0,COMPLETED,Hyderabad,Telangana,CARD
107648,2026-08-09,107,Lakshmi,503,Chair,Furniture,2,8000,500,COMPLETED,Chennai,Tamil Nadu,NET_BANKING
107649,2026-08-01,108,Arjun,501,Laptop,Electronics,2,60000,1000,COMPLETED,Hyderabad,Telangana,UPI
107650,2026-08-29,107,Lakshmi,508,Mobile,Electronics,2,25000,500,CANCELLED,Chennai,Tamil Nadu,NET_BANKING
107651,2026-08-20,107,Lakshmi,501,Laptop,Electronics,3,60000,5000,CANCELLED,Chennai,Tamil Nadu,COD
107652,2026-08-18,103,Sita,505,Table,Furniture,4,10000,5000,COMPLETED,Chennai,Tamil Nadu,COD
107653,2026-08-31,107,Lakshmi,504,Keyboard,Electronics,1,3000,200,COMPLETED,Chennai,Tamil Nadu,COD
107654,2026-08-20,103,Sita,509,Monitor,Electronics,1,20000,0,CANCELLED,Chennai,Tamil Nadu,UPI
107655,2026-08-08,101,Ravi,507,Desk,Furniture,3,15000,5000,COMPLETED,Hyderabad,Telangana,UPI
107656,2026-08-27,109,Sneha,501,Laptop,Electronics,3,60000,100,COMPLETED,Delhi,Delhi,CARD
107657,2026-08-01,103,Sita,504,Keyboard,Electronics,3,3000,5000,COMPLETED,Chennai,Tamil Nadu,COD
107658,2026-08-25,104,Kumar,504,Keyboard,Electronics,4,3000,100,COMPLETED,Bangalore,Karnataka,COD
107659,2026-08-31,107,Lakshmi,506,Headphones,Electronics,4,5000,1000,CANCELLED,Chennai,Tamil Nadu,NET_BANKING
107660,2026-08-11,106,Ramesh,503,Chair,Furniture,5,8000,2000,COMPLETED,Pune,Maharashtra,NET_BANKING
107661,2026-08-12,107,Lakshmi,509,Monitor,Electronics,1,20000,2000,RETURNED,Chennai,Tamil Nadu,COD
107662,2026-08-16,105,Priya,509,Monitor,Electronics,5,20000,100,COMPLETED,Mumbai,Maharashtra,COD
107663,2026-08-16,105,Priya,509,Monitor,Electronics,1,20000,200,COMPLETED,Mumbai,Maharashtra,UPI
107664,2026-08-11,101,Ravi,503,Chair,Furniture,3,8000,500,COMPLETED,Hyderabad,Telangana,NET_BANKING
107665,2026-08-08,106,Ramesh,504,Keyboard,Electronics,3,3000,5000,COMPLETED,Pune,Maharashtra,NET_BANKING
107666,2026-08-09,103,Sita,510,Bookshelf,Furniture,5,12000,500,COMPLETED,Chennai,Tamil Nadu,COD
107667,2026-08-27,101,Ravi,505,Table,Furniture,1,10000,500,COMPLETED,Hyderabad,Telangana,UPI
107668,2026-08-07,106,Ramesh,507,Desk,Furniture,2,15000,5000,COMPLETED,Pune,Maharashtra,COD
107669,2026-08-21,110,Vikram,506,Headphones,Electronics,1,5000,0,COMPLETED,Kolkata,West Bengal,UPI
107670,2026-08-21,110,Vikram,507,Desk,Furniture,1,15000,200,COMPLETED,Kolkata,West Bengal,COD
107671,2026-08-12,106,Ramesh,510,Bookshelf,Furniture,3,12000,500,COMPLETED,Pune,Maharashtra,CARD
107672,2026-08-31,110,Vikram,509,Monitor,Electronics,1,20000,200,COMPLETED,Kolkata,West Bengal,CARD
107673,2026-08-20,105,Priya,502,Mouse,Electronics,5,1000,5000,COMPLETED,Mumbai,Maharashtra,UPI
107674,2026-08-01,102,Anil,509,Monitor,Electronics,1,20000,2000,COMPLETED,Hyderabad,Telangana,COD
107675,2026-08-13,105,Priya,504,Keyboard,Electronics,1,3000,500,COMPLETED,Mumbai,Maharashtra,UPI
107676,2026-08-11,110,Vikram,509,Monitor,Electronics,5,20000,100,COMPLETED,Kolkata,West Bengal,UPI
107677,2026-08-22,105,Priya,504,Keyboard,Electronics,4,3000,500,COMPLETED,Mumbai,Maharashtra,NET_BANKING
107678,2026-08-21,110,Vikram,504,Keyboard,Electronics,3,3000,5000,COMPLETED,Kolkata,West Bengal,CARD
107679,2026-08-03,109,Sneha,507,Desk,Furniture,4,15000,0,CANCELLED,Delhi,Delhi,COD
107680,2026-08-10,108,Arjun,507,Desk,Furniture,3,15000,0,COMPLETED,Hyderabad,Telangana,NET_BANKING
107681,2026-08-26,104,Kumar,502,Mouse,Electronics,5,1000,2000,COMPLETED,Bangalore,Karnataka,NET_BANKING
107682,2026-08-29,103,Sita,502,Mouse,Electronics,4,1000,0,COMPLETED,Chennai,Tamil Nadu,UPI
107683,2026-08-22,106,Ramesh,504,Keyboard,Electronics,1,3000,100,COMPLETED,Pune,Maharashtra,UPI
107684,2026-08-23,106,Ramesh,506,Headphones,Electronics,4,5000,500,COMPLETED,Pune,Maharashtra,CARD
107685,2026-08-30,109,Sneha,505,Table,Furniture,3,10000,1000,COMPLETED,Delhi,Delhi,COD
107686,2026-08-11,107,Lakshmi,510,Bookshelf,Furniture,3,12000,0,COMPLETED,Chennai,Tamil Nadu,CARD
107687,2026-08-03,107,Lakshmi,509,Monitor,Electronics,2,20000,0,COMPLETED,Chennai,Tamil Nadu,CARD
107688,2026-08-04,108,Arjun,504,Keyboard,Electronics,5,3000,200,COMPLETED,Hyderabad,Telangana,NET_BANKING
107689,2026-08-24,102,Anil,503,Chair,Furniture,2,8000,500,COMPLETED,Hyderabad,Telangana,CARD
107690,2026-08-26,104,Kumar,503,Chair,Furniture,3,8000,0,RETURNED,Bangalore,Karnataka,CARD
107691,2026-08-11,105,Priya,506,Headphones,Electronics,4,5000,0,COMPLETED,Mumbai,Maharashtra,COD
107692,2026-08-09,103,Sita,508,Mobile,Electronics,2,25000,1000,COMPLETED,Chennai,Tamil Nadu,NET_BANKING
107693,2026-08-17,110,Vikram,503,Chair,Furniture,4,8000,200,COMPLETED,Kolkata,West Bengal,COD
107694,2026-08-07,101,Ravi,503,Chair,Furniture,1,8000,5000,COMPLETED,Hyderabad,Telangana,UPI
107695,2026-08-24,103,Sita,509,Monitor,Electronics,1,20000,0,COMPLETED,Chennai,Tamil Nadu,UPI
107696,2026-08-08,108,Arjun,507,Desk,Furniture,3,15000,500,COMPLETED,Hyderabad,Telangana,CARD
107697,2026-08-01,105,Priya,507,Desk,Furniture,2,15000,2000,COMPLETED,Mumbai,Maharashtra,CARD
107698,2026-08-09,106,Ramesh,507,Desk,Furniture,1,15000,2000,COMPLETED,Pune,Maharashtra,CARD
107699,2026-08-22,110,Vikram,509,Monitor,Electronics,4,20000,0,COMPLETED,Kolkata,West Bengal,NET_BANKING
107700,2026-08-12,103,Sita,502,Mouse,Electronics,1,1000,500,CANCELLED,Chennai,Tamil Nadu,CARD
107701,2026-08-16,106,Ramesh,502,Mouse,Electronics,2,1000,200,CANCELLED,Pune,Maharashtra,COD
107702,2026-08-02,109,Sneha,506,Headphones,Electronics,3,5000,500,COMPLETED,Delhi,Delhi,NET_BANKING
107703,2026-08-02,103,Sita,507,Desk,Furniture,2,15000,200,COMPLETED,Chennai,Tamil Nadu,NET_BANKING
107704,2026-08-29,108,Arjun,503,Chair,Furniture,2,8000,500,COMPLETED,Hyderabad,Telangana,NET_BANKING
107705,2026-08-02,106,Ramesh,504,Keyboard,Electronics,4,3000,0,COMPLETED,Pune,Maharashtra,CARD
107706,2026-08-01,110,Vikram,501,Laptop,Electronics,3,60000,1000,COMPLETED,Kolkata,West Bengal,CARD
107707,2026-08-28,108,Arjun,506,Headphones,Electronics,2,5000,200,COMPLETED,Hyderabad,Telangana,UPI
107708,2026-08-02,109,Sneha,508,Mobile,Electronics,3,25000,2000,COMPLETED,Delhi,Delhi,CARD
107709,2026-08-12,104,Kumar,506,Headphones,Electronics,3,5000,2000,COMPLETED,Bangalore,Karnataka,NET_BANKING
107710,2026-08-03,110,Vikram,509,Monitor,Electronics,5,20000,100,COMPLETED,Kolkata,West Bengal,NET_BANKING
107711,2026-08-19,104,Kumar,510,Bookshelf,Furniture,4,12000,500,COMPLETED,Bangalore,Karnataka,COD
107712,2026-08-02,110,Vikram,509,Monitor,Electronics,1,20000,1000,CANCELLED,Kolkata,West Bengal,NET_BANKING
107713,2026-08-27,108,Arjun,504,Keyboard,Electronics,2,3000,0,COMPLETED,Hyderabad,Telangana,CARD
107714,2026-08-01,107,Lakshmi,507,Desk,Furniture,5,15000,500,COMPLETED,Chennai,Tamil Nadu,NET_BANKING
107715,2026-08-29,105,Priya,508,Mobile,Electronics,3,25000,0,COMPLETED,Mumbai,Maharashtra,COD
107716,2026-08-11,106,Ramesh,501,Laptop,Electronics,4,60000,2000,COMPLETED,Pune,Maharashtra,NET_BANKING
107717,2026-08-25,109,Sneha,510,Bookshelf,Furniture,5,12000,0,COMPLETED,Delhi,Delhi,COD
107718,2026-08-30,106,Ramesh,509,Monitor,Electronics,4,20000,5000,RETURNED,Pune,Maharashtra,CARD
107719,2026-08-06,103,Sita,504,Keyboard,Electronics,3,3000,100,COMPLETED,Chennai,Tamil Nadu,NET_BANKING
107720,2026-08-02,104,Kumar,501,Laptop,Electronics,4,60000,200,CANCELLED,Bangalore,Karnataka,UPI
107721,2026-08-28,110,Vikram,502,Mouse,Electronics,1,1000,2000,COMPLETED,Kolkata,West Bengal,COD
107722,2026-08-13,102,Anil,504,Keyboard,Electronics,2,3000,1000,COMPLETED,Hyderabad,Telangana,UPI
107723,2026-08-23,102,Anil,505,Table,Furniture,2,10000,0,COMPLETED,Hyderabad,Telangana,COD
107724,2026-08-27,102,Anil,503,Chair,Furniture,2,8000,200,COMPLETED,Hyderabad,Telangana,COD
107725,2026-08-01,102,Anil,505,Table,Furniture,2,10000,500,COMPLETED,Hyderabad,Telangana,NET_BANKING
107726,2026-08-09,103,Sita,503,Chair,Furniture,5,8000,100,COMPLETED,Chennai,Tamil Nadu,NET_BANKING
107727,2026-08-05,104,Kumar,501,Laptop,Electronics,2,60000,100,RETURNED,Bangalore,Karnataka,UPI
107728,2026-08-04,101,Ravi,501,Laptop,Electronics,2,60000,100,COMPLETED,Hyderabad,Telangana,CARD
107729,2026-08-09,109,Sneha,503,Chair,Furniture,2,8000,1000,COMPLETED,Delhi,Delhi,COD
107730,2026-08-23,110,Vikram,502,Mouse,Electronics,2,1000,1000,COMPLETED,Kolkata,West Bengal,CARD
107731,2026-08-13,110,Vikram,506,Headphones,Electronics,1,5000,5000,COMPLETED,Kolkata,West Bengal,CARD
107732,2026-08-29,110,Vikram,505,Table,Furniture,5,10000,500,COMPLETED,Kolkata,West Bengal,COD
107733,2026-08-02,107,Lakshmi,505,Table,Furniture,5,10000,5000,COMPLETED,Chennai,Tamil Nadu,NET_BANKING
107734,2026-08-03,104,Kumar,507,Desk,Furniture,3,15000,0,COMPLETED,Bangalore,Karnataka,CARD
107735,2026-08-02,101,Ravi,508,Mobile,Electronics,5,25000,0,COMPLETED,Hyderabad,Telangana,CARD
107736,2026-08-02,104,Kumar,507,Desk,Furniture,2,15000,5000,COMPLETED,Bangalore,Karnataka,UPI
107737,2026-08-16,106,Ramesh,507,Desk,Furniture,2,15000,2000,COMPLETED,Pune,Maharashtra,COD
107738,2026-08-06,104,Kumar,507,Desk,Furniture,5,15000,100,COMPLETED,Bangalore,Karnataka,NET_BANKING
107739,2026-08-19,110,Vikram,509,Monitor,Electronics,4,20000,5000,COMPLETED,Kolkata,West Bengal,CARD
107740,2026-08-23,109,Sneha,503,Chair,Furniture,3,8000,200,COMPLETED,Delhi,Delhi,CARD
107741,2026-08-14,102,Anil,505,Table,Furniture,2,10000,100,COMPLETED,Hyderabad,Telangana,CARD
107742,2026-08-28,103,Sita,509,Monitor,Electronics,2,20000,200,COMPLETED,Chennai,Tamil Nadu,UPI
107743,2026-08-31,104,Kumar,509,Monitor,Electronics,3,20000,100,CANCELLED,Bangalore,Karnataka,CARD
107744,2026-08-20,104,Kumar,506,Headphones,Electronics,1,5000,2000,COMPLETED,Bangalore,Karnataka,COD
107745,2026-08-28,101,Ravi,510,Bookshelf,Furniture,3,12000,0,CANCELLED,Hyderabad,Telangana,UPI
107746,2026-08-03,105,Priya,505,Table,Furniture,2,10000,500,COMPLETED,Mumbai,Maharashtra,CARD
107747,2026-08-05,103,Sita,510,Bookshelf,Furniture,3,12000,1000,COMPLETED,Chennai,Tamil Nadu,COD
107748,2026-08-22,101,Ravi,509,Monitor,Electronics,5,20000,200,COMPLETED,Hyderabad,Telangana,CARD
107749,2026-08-09,106,Ramesh,501,Laptop,Electronics,4,60000,100,CANCELLED,Pune,Maharashtra,CARD
107750,2026-08-09,104,Kumar,508,Mobile,Electronics,1,25000,1000,COMPLETED,Bangalore,Karnataka,NET_BANKING
107751,2026-08-07,109,Sneha,504,Keyboard,Electronics,5,3000,5000,COMPLETED,Delhi,Delhi,NET_BANKING
107752,2026-08-24,110,Vikram,502,Mouse,Electronics,5,1000,0,COMPLETED,Kolkata,West Bengal,CARD
107753,2026-08-21,101,Ravi,510,Bookshelf,Furniture,3,12000,1000,COMPLETED,Hyderabad,Telangana,COD
107754,2026-08-12,106,Ramesh,510,Bookshelf,Furniture,1,12000,100,COMPLETED,Pune,Maharashtra,COD
107755,2026-08-06,103,Sita,504,Keyboard,Electronics,2,3000,0,COMPLETED,Chennai,Tamil Nadu,COD
107756,2026-08-14,101,Ravi,509,Monitor,Electronics,1,20000,2000,COMPLETED,Hyderabad,Telangana,NET_BANKING
107757,2026-08-13,109,Sneha,505,Table,Furniture,4,10000,500,COMPLETED,Delhi,Delhi,NET_BANKING
107758,2026-08-04,103,Sita,510,Bookshelf,Furniture,3,12000,200,CANCELLED,Chennai,Tamil Nadu,NET_BANKING
107759,2026-08-02,107,Lakshmi,506,Headphones,Electronics,5,5000,2000,COMPLETED,Chennai,Tamil Nadu,CARD
107760,2026-08-28,103,Sita,508,Mobile,Electronics,1,25000,100,COMPLETED,Chennai,Tamil Nadu,CARD
107761,2026-08-29,106,Ramesh,505,Table,Furniture,1,10000,0,RETURNED,Pune,Maharashtra,UPI
107762,2026-08-24,106,Ramesh,506,Headphones,Electronics,4,5000,100,COMPLETED,Pune,Maharashtra,NET_BANKING
107763,2026-08-14,102,Anil,503,Chair,Furniture,4,8000,5000,COMPLETED,Hyderabad,Telangana,UPI
107764,2026-08-31,110,Vikram,505,Table,Furniture,1,10000,1000,COMPLETED,Kolkata,West Bengal,COD
107765,2026-08-02,105,Priya,508,Mobile,Electronics,2,25000,200,COMPLETED,Mumbai,Maharashtra,NET_BANKING
107766,2026-08-27,103,Sita,505,Table,Furniture,3,10000,200,CANCELLED,Chennai,Tamil Nadu,CARD
107767,2026-08-11,101,Ravi,507,Desk,Furniture,3,15000,200,COMPLETED,Hyderabad,Telangana,COD
107768,2026-08-08,102,Anil,505,Table,Furniture,3,10000,0,CANCELLED,Hyderabad,Telangana,CARD
107769,2026-08-12,108,Arjun,502,Mouse,Electronics,2,1000,500,COMPLETED,Hyderabad,Telangana,UPI
107770,2026-08-03,101,Ravi,510,Bookshelf,Furniture,3,12000,2000,COMPLETED,Hyderabad,Telangana,CARD
107771,2026-08-30,101,Ravi,510,Bookshelf,Furniture,3,12000,200,CANCELLED,Hyderabad,Telangana,UPI
107772,2026-08-12,103,Sita,503,Chair,Furniture,2,8000,2000,COMPLETED,Chennai,Tamil Nadu,COD
107773,2026-08-18,105,Priya,508,Mobile,Electronics,4,25000,0,COMPLETED,Mumbai,Maharashtra,COD
107774,2026-08-10,107,Lakshmi,505,Table,Furniture,2,10000,2000,COMPLETED,Chennai,Tamil Nadu,CARD
107775,2026-08-22,101,Ravi,508,Mobile,Electronics,1,25000,5000,COMPLETED,Hyderabad,Telangana,UPI
107776,2026-08-24,101,Ravi,502,Mouse,Electronics,1,1000,0,COMPLETED,Hyderabad,Telangana,NET_BANKING
107777,2026-08-25,105,Priya,509,Monitor,Electronics,1,20000,1000,COMPLETED,Mumbai,Maharashtra,NET_BANKING
107778,2026-08-04,103,Sita,502,Mouse,Electronics,5,1000,5000,COMPLETED,Chennai,Tamil Nadu,UPI
107779,2026-08-09,101,Ravi,505,Table,Furniture,5,10000,0,COMPLETED,Hyderabad,Telangana,UPI
107780,2026-08-23,108,Arjun,503,Chair,Furniture,2,8000,0,CANCELLED,Hyderabad,Telangana,NET_BANKING
107781,2026-08-01,110,Vikram,503,Chair,Furniture,3,8000,200,COMPLETED,Kolkata,West Bengal,COD
107782,2026-08-29,105,Priya,501,Laptop,Electronics,3,60000,0,COMPLETED,Mumbai,Maharashtra,UPI
107783,2026-08-02,101,Ravi,508,Mobile,Electronics,3,25000,200,COMPLETED,Hyderabad,Telangana,UPI
107784,2026-08-26,106,Ramesh,506,Headphones,Electronics,1,5000,200,COMPLETED,Pune,Maharashtra,NET_BANKING
107785,2026-08-15,109,Sneha,509,Monitor,Electronics,5,20000,1000,COMPLETED,Delhi,Delhi,COD
107786,2026-08-25,107,Lakshmi,501,Laptop,Electronics,4,60000,5000,COMPLETED,Chennai,Tamil Nadu,UPI
107787,2026-08-09,105,Priya,502,Mouse,Electronics,5,1000,200,COMPLETED,Mumbai,Maharashtra,UPI
107788,2026-08-01,106,Ramesh,507,Desk,Furniture,5,15000,1000,COMPLETED,Pune,Maharashtra,NET_BANKING
107789,2026-08-16,103,Sita,508,Mobile,Electronics,1,25000,100,COMPLETED,Chennai,Tamil Nadu,NET_BANKING
107790,2026-08-13,104,Kumar,509,Monitor,Electronics,1,20000,0,COMPLETED,Bangalore,Karnataka,UPI
107791,2026-08-30,102,Anil,502,Mouse,Electronics,4,1000,100,CANCELLED,Hyderabad,Telangana,COD
107792,2026-08-07,102,Anil,505,Table,Furniture,3,10000,200,COMPLETED,Hyderabad,Telangana,UPI
107793,2026-08-04,101,Ravi,507,Desk,Furniture,4,15000,1000,COMPLETED,Hyderabad,Telangana,NET_BANKING
107794,2026-08-31,108,Arjun,503,Chair,Furniture,3,8000,1000,COMPLETED,Hyderabad,Telangana,UPI
107795,2026-08-07,101,Ravi,508,Mobile,Electronics,4,25000,0,COMPLETED,Hyderabad,Telangana,CARD
107796,2026-08-05,101,Ravi,508,Mobile,Electronics,3,25000,0,COMPLETED,Hyderabad,Telangana,NET_BANKING
107797,2026-08-10,106,Ramesh,503,Chair,Furniture,1,8000,2000,CANCELLED,Pune,Maharashtra,UPI
107798,2026-08-22,110,Vikram,507,Desk,Furniture,5,15000,100,COMPLETED,Kolkata,West Bengal,CARD
107799,2026-08-02,104,Kumar,507,Desk,Furniture,1,15000,0,COMPLETED,Bangalore,Karnataka,CARD
107800,2026-08-04,102,Anil,510,Bookshelf,Furniture,3,12000,0,COMPLETED,Hyderabad,Telangana,UPI
107801,2026-08-15,103,Sita,510,Bookshelf,Furniture,1,12000,100,COMPLETED,Chennai,Tamil Nadu,CARD
107802,2026-08-15,109,Sneha,509,Monitor,Electronics,3,20000,0,COMPLETED,Delhi,Delhi,NET_BANKING
107803,2026-08-26,110,Vikram,503,Chair,Furniture,3,8000,500,COMPLETED,Kolkata,West Bengal,CARD
107804,2026-08-27,105,Priya,506,Headphones,Electronics,1,5000,100,COMPLETED,Mumbai,Maharashtra,COD
107805,2026-08-16,105,Priya,503,Chair,Furniture,2,8000,2000,COMPLETED,Mumbai,Maharashtra,COD
107806,2026-08-18,107,Lakshmi,505,Table,Furniture,1,10000,0,COMPLETED,Chennai,Tamil Nadu,NET_BANKING
107807,2026-08-19,102,Anil,503,Chair,Furniture,2,8000,5000,COMPLETED,Hyderabad,Telangana,NET_BANKING
107808,2026-08-24,104,Kumar,501,Laptop,Electronics,4,60000,5000,COMPLETED,Bangalore,Karnataka,COD
107809,2026-08-08,110,Vikram,509,Monitor,Electronics,4,20000,5000,COMPLETED,Kolkata,West Bengal,UPI
107810,2026-08-01,101,Ravi,508,Mobile,Electronics,5,25000,100,COMPLETED,Hyderabad,Telangana,UPI
107811,2026-08-26,109,Sneha,510,Bookshelf,Furniture,2,12000,1000,COMPLETED,Delhi,Delhi,CARD
107812,2026-08-12,104,Kumar,502,Mouse,Electronics,4,1000,100,COMPLETED,Bangalore,Karnataka,CARD
107813,2026-08-13,104,Kumar,507,Desk,Furniture,1,15000,2000,COMPLETED,Bangalore,Karnataka,CARD
107814,2026-08-15,101,Ravi,502,Mouse,Electronics,2,1000,1000,CANCELLED,Hyderabad,Telangana,UPI
107815,2026-08-21,103,Sita,507,Desk,Furniture,4,15000,0,CANCELLED,Chennai,Tamil Nadu,COD
107816,2026-08-25,110,Vikram,507,Desk,Furniture,1,15000,0,COMPLETED,Kolkata,West Bengal,NET_BANKING
107817,2026-08-20,101,Ravi,504,Keyboard,Electronics,1,3000,100,COMPLETED,Hyderabad,Telangana,COD
107818,2026-08-07,107,Lakshmi,508,Mobile,Electronics,4,25000,0,RETURNED,Chennai,Tamil Nadu,COD
107819,2026-08-07,104,Kumar,504,Keyboard,Electronics,5,3000,1000,COMPLETED,Bangalore,Karnataka,COD
107820,2026-08-21,107,Lakshmi,507,Desk,Furniture,4,15000,2000,COMPLETED,Chennai,Tamil Nadu,NET_BANKING
107821,2026-08-17,106,Ramesh,501,Laptop,Electronics,1,60000,0,COMPLETED,Pune,Maharashtra,UPI
107822,2026-08-18,110,Vikram,501,Laptop,Electronics,2,60000,0,COMPLETED,Kolkata,West Bengal,CARD
107823,2026-08-23,106,Ramesh,501,Laptop,Electronics,5,60000,0,COMPLETED,Pune,Maharashtra,NET_BANKING
107824,2026-08-10,107,Lakshmi,505,Table,Furniture,1,10000,500,RETURNED,Chennai,Tamil Nadu,UPI
107825,2026-08-07,103,Sita,505,Table,Furniture,4,10000,0,COMPLETED,Chennai,Tamil Nadu,UPI
107826,2026-08-23,106,Ramesh,501,Laptop,Electronics,2,60000,0,COMPLETED,Pune,Maharashtra,COD
107827,2026-08-04,102,Anil,510,Bookshelf,Furniture,5,12000,0,CANCELLED,Hyderabad,Telangana,NET_BANKING
107828,2026-08-07,110,Vikram,509,Monitor,Electronics,4,20000,5000,COMPLETED,Kolkata,West Bengal,NET_BANKING
107829,2026-08-08,110,Vikram,501,Laptop,Electronics,2,60000,0,COMPLETED,Kolkata,West Bengal,COD
107830,2026-08-27,105,Priya,510,Bookshelf,Furniture,1,12000,0,RETURNED,Mumbai,Maharashtra,COD
107831,2026-08-11,107,Lakshmi,508,Mobile,Electronics,3,25000,0,CANCELLED,Chennai,Tamil Nadu,UPI
107832,2026-08-27,105,Priya,504,Keyboard,Electronics,4,3000,1000,COMPLETED,Mumbai,Maharashtra,CARD
107833,2026-08-27,102,Anil,506,Headphones,Electronics,4,5000,1000,COMPLETED,Hyderabad,Telangana,CARD
107834,2026-08-11,103,Sita,510,Bookshelf,Furniture,1,12000,200,COMPLETED,Chennai,Tamil Nadu,COD
107835,2026-08-31,101,Ravi,504,Keyboard,Electronics,5,3000,0,COMPLETED,Hyderabad,Telangana,COD
107836,2026-08-18,108,Arjun,505,Table,Furniture,4,10000,5000,COMPLETED,Hyderabad,Telangana,COD
107837,2026-08-28,108,Arjun,506,Headphones,Electronics,2,5000,1000,COMPLETED,Hyderabad,Telangana,NET_BANKING
107838,2026-08-22,104,Kumar,505,Table,Furniture,4,10000,500,COMPLETED,Bangalore,Karnataka,CARD
107839,2026-08-17,108,Arjun,501,Laptop,Electronics,1,60000,100,COMPLETED,Hyderabad,Telangana,COD
107840,2026-08-25,109,Sneha,501,Laptop,Electronics,1,60000,200,COMPLETED,Delhi,Delhi,UPI
107841,2026-08-01,101,Ravi,502,Mouse,Electronics,2,1000,100,COMPLETED,Hyderabad,Telangana,CARD
107842,2026-08-30,104,Kumar,505,Table,Furniture,1,10000,2000,COMPLETED,Bangalore,Karnataka,UPI
107843,2026-08-12,110,Vikram,508,Mobile,Electronics,4,25000,1000,COMPLETED,Kolkata,West Bengal,COD
107844,2026-08-19,107,Lakshmi,502,Mouse,Electronics,1,1000,5000,COMPLETED,Chennai,Tamil Nadu,NET_BANKING
107845,2026-08-29,105,Priya,505,Table,Furniture,5,10000,0,COMPLETED,Mumbai,Maharashtra,CARD
107846,2026-08-24,110,Vikram,505,Table,Furniture,4,10000,0,COMPLETED,Kolkata,West Bengal,CARD
107847,2026-08-15,103,Sita,503,Chair,Furniture,4,8000,100,COMPLETED,Chennai,Tamil Nadu,UPI
107848,2026-08-09,101,Ravi,506,Headphones,Electronics,1,5000,100,CANCELLED,Hyderabad,Telangana,COD
107849,2026-08-17,101,Ravi,503,Chair,Furniture,3,8000,2000,COMPLETED,Hyderabad,Telangana,NET_BANKING
107850,2026-08-29,110,Vikram,503,Chair,Furniture,1,8000,1000,COMPLETED,Kolkata,West Bengal,COD
107851,2026-08-19,105,Priya,510,Bookshelf,Furniture,2,12000,200,CANCELLED,Mumbai,Maharashtra,COD
107852,2026-08-07,105,Priya,506,Headphones,Electronics,5,5000,0,COMPLETED,Mumbai,Maharashtra,UPI
107853,2026-08-18,103,Sita,504,Keyboard,Electronics,3,3000,5000,COMPLETED,Chennai,Tamil Nadu,UPI
107854,2026-08-09,105,Priya,505,Table,Furniture,2,10000,200,CANCELLED,Mumbai,Maharashtra,COD
107855,2026-08-25,104,Kumar,507,Desk,Furniture,1,15000,0,COMPLETED,Bangalore,Karnataka,NET_BANKING
107856,2026-08-08,108,Arjun,506,Headphones,Electronics,4,5000,500,COMPLETED,Hyderabad,Telangana,COD
107857,2026-08-17,104,Kumar,502,Mouse,Electronics,2,1000,500,COMPLETED,Bangalore,Karnataka,UPI
107858,2026-08-10,101,Ravi,503,Chair,Furniture,5,8000,100,COMPLETED,Hyderabad,Telangana,COD
107859,2026-08-06,109,Sneha,506,Headphones,Electronics,2,5000,500,COMPLETED,Delhi,Delhi,UPI
107860,2026-08-26,106,Ramesh,502,Mouse,Electronics,2,1000,0,RETURNED,Pune,Maharashtra,COD
107861,2026-08-24,108,Arjun,507,Desk,Furniture,1,15000,2000,COMPLETED,Hyderabad,Telangana,UPI
107862,2026-08-31,101,Ravi,507,Desk,Furniture,4,15000,1000,COMPLETED,Hyderabad,Telangana,COD
107863,2026-08-23,109,Sneha,503,Chair,Furniture,3,8000,100,CANCELLED,Delhi,Delhi,NET_BANKING
107864,2026-08-18,107,Lakshmi,506,Headphones,Electronics,2,5000,200,COMPLETED,Chennai,Tamil Nadu,NET_BANKING
107865,2026-08-21,105,Priya,501,Laptop,Electronics,3,60000,500,COMPLETED,Mumbai,Maharashtra,NET_BANKING
107866,2026-08-29,101,Ravi,504,Keyboard,Electronics,5,3000,2000,COMPLETED,Hyderabad,Telangana,CARD
107867,2026-08-31,105,Priya,507,Desk,Furniture,4,15000,0,COMPLETED,Mumbai,Maharashtra,UPI
107868,2026-08-20,105,Priya,505,Table,Furniture,5,10000,2000,COMPLETED,Mumbai,Maharashtra,CARD
107869,2026-08-26,110,Vikram,507,Desk,Furniture,3,15000,200,COMPLETED,Kolkata,West Bengal,CARD
107870,2026-08-22,102,Anil,506,Headphones,Electronics,2,5000,0,COMPLETED,Hyderabad,Telangana,UPI
107871,2026-08-26,108,Arjun,510,Bookshelf,Furniture,1,12000,0,COMPLETED,Hyderabad,Telangana,COD
107872,2026-08-31,109,Sneha,507,Desk,Furniture,1,15000,0,COMPLETED,Delhi,Delhi,UPI
107873,2026-08-30,109,Sneha,504,Keyboard,Electronics,2,3000,500,COMPLETED,Delhi,Delhi,UPI
107874,2026-08-17,103,Sita,510,Bookshelf,Furniture,2,12000,500,COMPLETED,Chennai,Tamil Nadu,NET_BANKING
107875,2026-08-07,102,Anil,509,Monitor,Electronics,2,20000,5000,COMPLETED,Hyderabad,Telangana,UPI
107876,2026-08-25,105,Priya,508,Mobile,Electronics,3,25000,100,COMPLETED,Mumbai,Maharashtra,UPI
107877,2026-08-08,108,Arjun,505,Table,Furniture,5,10000,100,COMPLETED,Hyderabad,Telangana,CARD
107878,2026-08-27,110,Vikram,506,Headphones,Electronics,1,5000,0,COMPLETED,Kolkata,West Bengal,COD
107879,2026-08-28,108,Arjun,508,Mobile,Electronics,3,25000,1000,COMPLETED,Hyderabad,Telangana,UPI
107880,2026-08-24,106,Ramesh,504,Keyboard,Electronics,3,3000,5000,COMPLETED,Pune,Maharashtra,COD
107881,2026-08-13,101,Ravi,504,Keyboard,Electronics,4,3000,200,COMPLETED,Hyderabad,Telangana,COD
107882,2026-08-06,102,Anil,505,Table,Furniture,3,10000,5000,COMPLETED,Hyderabad,Telangana,UPI
107883,2026-08-27,106,Ramesh,502,Mouse,Electronics,4,1000,200,COMPLETED,Pune,Maharashtra,NET_BANKING
107884,2026-08-23,107,Lakshmi,507,Desk,Furniture,1,15000,500,COMPLETED,Chennai,Tamil Nadu,CARD
107885,2026-08-14,105,Priya,504,Keyboard,Electronics,3,3000,1000,COMPLETED,Mumbai,Maharashtra,COD
107886,2026-08-23,109,Sneha,503,Chair,Furniture,4,8000,1000,RETURNED,Delhi,Delhi,COD
107887,2026-08-02,108,Arjun,504,Keyboard,Electronics,4,3000,0,COMPLETED,Hyderabad,Telangana,COD
107888,2026-08-16,101,Ravi,502,Mouse,Electronics,3,1000,0,COMPLETED,Hyderabad,Telangana,COD
107889,2026-08-29,105,Priya,501,Laptop,Electronics,1,60000,0,CANCELLED,Mumbai,Maharashtra,CARD
107890,2026-08-22,106,Ramesh,507,Desk,Furniture,5,15000,200,CANCELLED,Pune,Maharashtra,NET_BANKING
107891,2026-08-27,110,Vikram,507,Desk,Furniture,2,15000,5000,COMPLETED,Kolkata,West Bengal,CARD
107892,2026-08-16,109,Sneha,508,Mobile,Electronics,4,25000,2000,COMPLETED,Delhi,Delhi,NET_BANKING
107893,2026-08-08,101,Ravi,503,Chair,Furniture,3,8000,5000,RETURNED,Hyderabad,Telangana,UPI
107894,2026-08-04,105,Priya,506,Headphones,Electronics,2,5000,5000,COMPLETED,Mumbai,Maharashtra,UPI
107895,2026-08-21,103,Sita,509,Monitor,Electronics,2,20000,2000,COMPLETED,Chennai,Tamil Nadu,COD
107896,2026-08-19,106,Ramesh,503,Chair,Furniture,2,8000,2000,COMPLETED,Pune,Maharashtra,NET_BANKING
107897,2026-08-15,107,Lakshmi,503,Chair,Furniture,3,8000,500,COMPLETED,Chennai,Tamil Nadu,NET_BANKING
107898,2026-08-25,101,Ravi,504,Keyboard,Electronics,3,3000,200,COMPLETED,Hyderabad,Telangana,COD
107899,2026-08-12,106,Ramesh,510,Bookshelf,Furniture,3,12000,200,COMPLETED,Pune,Maharashtra,NET_BANKING
107900,2026-08-22,103,Sita,503,Chair,Furniture,1,8000,500,COMPLETED,Chennai,Tamil Nadu,UPI
107901,2026-08-29,106,Ramesh,505,Table,Furniture,3,10000,5000,COMPLETED,Pune,Maharashtra,NET_BANKING
107902,2026-08-20,109,Sneha,504,Keyboard,Electronics,1,3000,0,COMPLETED,Delhi,Delhi,COD
107903,2026-08-06,107,Lakshmi,510,Bookshelf,Furniture,4,12000,0,COMPLETED,Chennai,Tamil Nadu,CARD
107904,2026-08-11,109,Sneha,509,Monitor,Electronics,2,20000,5000,COMPLETED,Delhi,Delhi,NET_BANKING
107905,2026-08-09,109,Sneha,504,Keyboard,Electronics,3,3000,200,COMPLETED,Delhi,Delhi,CARD
107906,2026-08-23,110,Vikram,510,Bookshelf,Furniture,4,12000,200,COMPLETED,Kolkata,West Bengal,NET_BANKING
107907,2026-08-28,105,Priya,505,Table,Furniture,2,10000,500,COMPLETED,Mumbai,Maharashtra,CARD
107908,2026-08-27,110,Vikram,505,Table,Furniture,5,10000,0,COMPLETED,Kolkata,West Bengal,COD
107909,2026-08-13,109,Sneha,509,Monitor,Electronics,5,20000,0,COMPLETED,Delhi,Delhi,COD
107910,2026-08-29,107,Lakshmi,504,Keyboard,Electronics,3,3000,100,COMPLETED,Chennai,Tamil Nadu,CARD
107911,2026-08-26,105,Priya,508,Mobile,Electronics,4,25000,0,COMPLETED,Mumbai,Maharashtra,NET_BANKING
107912,2026-08-15,108,Arjun,509,Monitor,Electronics,2,20000,5000,COMPLETED,Hyderabad,Telangana,UPI
107913,2026-08-04,106,Ramesh,507,Desk,Furniture,4,15000,100,COMPLETED,Pune,Maharashtra,COD
107914,2026-08-30,104,Kumar,507,Desk,Furniture,4,15000,0,COMPLETED,Bangalore,Karnataka,COD
107915,2026-08-10,104,Kumar,502,Mouse,Electronics,1,1000,200,COMPLETED,Bangalore,Karnataka,UPI
107916,2026-08-14,107,Lakshmi,507,Desk,Furniture,1,15000,2000,COMPLETED,Chennai,Tamil Nadu,NET_BANKING
107917,2026-08-24,107,Lakshmi,510,Bookshelf,Furniture,5,12000,2000,COMPLETED,Chennai,Tamil Nadu,COD
107918,2026-08-17,103,Sita,502,Mouse,Electronics,2,1000,100,COMPLETED,Chennai,Tamil Nadu,COD
107919,2026-08-05,110,Vikram,503,Chair,Furniture,3,8000,5000,COMPLETED,Kolkata,West Bengal,COD
107920,2026-08-22,108,Arjun,501,Laptop,Electronics,4,60000,0,COMPLETED,Hyderabad,Telangana,COD
107921,2026-08-17,102,Anil,505,Table,Furniture,5,10000,1000,COMPLETED,Hyderabad,Telangana,CARD
107922,2026-08-18,106,Ramesh,508,Mobile,Electronics,3,25000,100,COMPLETED,Pune,Maharashtra,NET_BANKING
107923,2026-08-17,103,Sita,510,Bookshelf,Furniture,1,12000,0,COMPLETED,Chennai,Tamil Nadu,CARD
107924,2026-08-08,105,Priya,502,Mouse,Electronics,4,1000,200,COMPLETED,Mumbai,Maharashtra,NET_BANKING
107925,2026-08-10,105,Priya,503,Chair,Furniture,4,8000,0,COMPLETED,Mumbai,Maharashtra,NET_BANKING
107926,2026-08-06,106,Ramesh,509,Monitor,Electronics,2,20000,0,COMPLETED,Pune,Maharashtra,UPI
107927,2026-08-03,110,Vikram,506,Headphones,Electronics,4,5000,0,COMPLETED,Kolkata,West Bengal,UPI
107928,2026-08-14,108,Arjun,501,Laptop,Electronics,4,60000,5000,COMPLETED,Hyderabad,Telangana,COD
107929,2026-08-27,110,Vikram,504,Keyboard,Electronics,1,3000,200,COMPLETED,Kolkata,West Bengal,COD
107930,2026-08-08,105,Priya,506,Headphones,Electronics,5,5000,200,COMPLETED,Mumbai,Maharashtra,COD
107931,2026-08-12,105,Priya,503,Chair,Furniture,3,8000,0,COMPLETED,Mumbai,Maharashtra,NET_BANKING
107932,2026-08-23,104,Kumar,504,Keyboard,Electronics,2,3000,0,COMPLETED,Bangalore,Karnataka,UPI
107933,2026-08-31,103,Sita,506,Headphones,Electronics,3,5000,2000,COMPLETED,Chennai,Tamil Nadu,NET_BANKING
107934,2026-08-10,110,Vikram,502,Mouse,Electronics,5,1000,1000,COMPLETED,Kolkata,West Bengal,COD
107935,2026-08-08,108,Arjun,501,Laptop,Electronics,1,60000,5000,COMPLETED,Hyderabad,Telangana,NET_BANKING
107936,2026-08-22,107,Lakshmi,509,Monitor,Electronics,2,20000,1000,COMPLETED,Chennai,Tamil Nadu,CARD
107937,2026-08-03,103,Sita,501,Laptop,Electronics,3,60000,200,COMPLETED,Chennai,Tamil Nadu,NET_BANKING
107938,2026-08-26,106,Ramesh,507,Desk,Furniture,2,15000,2000,COMPLETED,Pune,Maharashtra,CARD
107939,2026-08-14,107,Lakshmi,509,Monitor,Electronics,2,20000,2000,COMPLETED,Chennai,Tamil Nadu,NET_BANKING
107940,2026-08-29,105,Priya,505,Table,Furniture,5,10000,0,COMPLETED,Mumbai,Maharashtra,COD
107941,2026-08-26,104,Kumar,503,Chair,Furniture,4,8000,5000,RETURNED,Bangalore,Karnataka,CARD
107942,2026-08-21,110,Vikram,503,Chair,Furniture,1,8000,2000,CANCELLED,Kolkata,West Bengal,UPI
107943,2026-08-28,105,Priya,503,Chair,Furniture,5,8000,500,COMPLETED,Mumbai,Maharashtra,CARD
107944,2026-08-20,102,Anil,502,Mouse,Electronics,2,1000,500,COMPLETED,Hyderabad,Telangana,NET_BANKING
107945,2026-08-02,104,Kumar,506,Headphones,Electronics,4,5000,5000,COMPLETED,Bangalore,Karnataka,CARD
107946,2026-08-19,101,Ravi,510,Bookshelf,Furniture,2,12000,5000,COMPLETED,Hyderabad,Telangana,UPI
107947,2026-08-30,102,Anil,503,Chair,Furniture,1,8000,200,COMPLETED,Hyderabad,Telangana,CARD
107948,2026-08-17,110,Vikram,510,Bookshelf,Furniture,2,12000,0,COMPLETED,Kolkata,West Bengal,NET_BANKING
107949,2026-08-20,101,Ravi,506,Headphones,Electronics,3,5000,500,COMPLETED,Hyderabad,Telangana,COD
107950,2026-08-18,102,Anil,507,Desk,Furniture,1,15000,2000,COMPLETED,Hyderabad,Telangana,UPI
107951,2026-08-10,104,Kumar,501,Laptop,Electronics,1,60000,0,COMPLETED,Bangalore,Karnataka,NET_BANKING
107952,2026-08-01,107,Lakshmi,509,Monitor,Electronics,1,20000,200,COMPLETED,Chennai,Tamil Nadu,NET_BANKING
107953,2026-08-14,104,Kumar,504,Keyboard,Electronics,1,3000,1000,COMPLETED,Bangalore,Karnataka,NET_BANKING
107954,2026-08-04,104,Kumar,503,Chair,Furniture,1,8000,0,COMPLETED,Bangalore,Karnataka,NET_BANKING
107955,2026-08-20,110,Vikram,506,Headphones,Electronics,5,5000,100,COMPLETED,Kolkata,West Bengal,UPI
107956,2026-08-24,108,Arjun,510,Bookshelf,Furniture,1,12000,2000,COMPLETED,Hyderabad,Telangana,UPI
107957,2026-08-08,110,Vikram,502,Mouse,Electronics,4,1000,500,COMPLETED,Kolkata,West Bengal,COD
107958,2026-08-31,107,Lakshmi,506,Headphones,Electronics,5,5000,100,COMPLETED,Chennai,Tamil Nadu,NET_BANKING
107959,2026-08-18,110,Vikram,505,Table,Furniture,2,10000,2000,COMPLETED,Kolkata,West Bengal,UPI
107960,2026-08-27,102,Anil,507,Desk,Furniture,5,15000,0,COMPLETED,Hyderabad,Telangana,UPI
107961,2026-08-24,106,Ramesh,504,Keyboard,Electronics,4,3000,0,COMPLETED,Pune,Maharashtra,COD
107962,2026-08-20,105,Priya,504,Keyboard,Electronics,3,3000,1000,COMPLETED,Mumbai,Maharashtra,CARD
107963,2026-08-16,105,Priya,510,Bookshelf,Furniture,2,12000,100,COMPLETED,Mumbai,Maharashtra,UPI
107964,2026-08-02,110,Vikram,507,Desk,Furniture,1,15000,1000,COMPLETED,Kolkata,West Bengal,NET_BANKING
107965,2026-08-12,104,Kumar,501,Laptop,Electronics,2,60000,100,RETURNED,Bangalore,Karnataka,NET_BANKING
107966,2026-08-30,107,Lakshmi,503,Chair,Furniture,3,8000,0,COMPLETED,Chennai,Tamil Nadu,COD
107967,2026-08-14,101,Ravi,505,Table,Furniture,3,10000,1000,COMPLETED,Hyderabad,Telangana,NET_BANKING
107968,2026-08-19,102,Anil,507,Desk,Furniture,2,15000,100,CANCELLED,Hyderabad,Telangana,NET_BANKING
107969,2026-08-29,101,Ravi,506,Headphones,Electronics,4,5000,500,COMPLETED,Hyderabad,Telangana,UPI
107970,2026-08-12,110,Vikram,504,Keyboard,Electronics,2,3000,0,COMPLETED,Kolkata,West Bengal,UPI
107971,2026-08-21,104,Kumar,509,Monitor,Electronics,5,20000,0,CANCELLED,Bangalore,Karnataka,COD
107972,2026-08-15,107,Lakshmi,508,Mobile,Electronics,1,25000,1000,COMPLETED,Chennai,Tamil Nadu,UPI
107973,2026-08-22,109,Sneha,506,Headphones,Electronics,5,5000,2000,COMPLETED,Delhi,Delhi,UPI
107974,2026-08-20,105,Priya,504,Keyboard,Electronics,3,3000,100,COMPLETED,Mumbai,Maharashtra,UPI
107975,2026-08-22,101,Ravi,509,Monitor,Electronics,5,20000,100,COMPLETED,Hyderabad,Telangana,NET_BANKING
107976,2026-08-26,108,Arjun,509,Monitor,Electronics,2,20000,0,COMPLETED,Hyderabad,Telangana,COD
107977,2026-08-15,101,Ravi,504,Keyboard,Electronics,4,3000,200,RETURNED,Hyderabad,Telangana,UPI
107978,2026-08-12,103,Sita,501,Laptop,Electronics,5,60000,2000,COMPLETED,Chennai,Tamil Nadu,NET_BANKING
107979,2026-08-07,109,Sneha,506,Headphones,Electronics,1,5000,5000,COMPLETED,Delhi,Delhi,COD
107980,2026-08-26,109,Sneha,502,Mouse,Electronics,2,1000,500,COMPLETED,Delhi,Delhi,NET_BANKING
107981,2026-08-01,102,Anil,505,Table,Furniture,3,10000,0,RETURNED,Hyderabad,Telangana,UPI
107982,2026-08-08,109,Sneha,502,Mouse,Electronics,4,1000,0,COMPLETED,Delhi,Delhi,UPI
107983,2026-08-31,101,Ravi,501,Laptop,Electronics,3,60000,1000,COMPLETED,Hyderabad,Telangana,UPI
107984,2026-08-22,103,Sita,504,Keyboard,Electronics,3,3000,0,COMPLETED,Chennai,Tamil Nadu,NET_BANKING
107985,2026-08-11,106,Ramesh,503,Chair,Furniture,3,8000,200,CANCELLED,Pune,Maharashtra,COD
107986,2026-08-27,103,Sita,506,Headphones,Electronics,3,5000,2000,COMPLETED,Chennai,Tamil Nadu,NET_BANKING
107987,2026-08-30,105,Priya,502,Mouse,Electronics,2,1000,5000,COMPLETED,Mumbai,Maharashtra,UPI
107988,2026-08-07,101,Ravi,510,Bookshelf,Furniture,2,12000,0,COMPLETED,Hyderabad,Telangana,CARD
107989,2026-08-04,110,Vikram,505,Table,Furniture,4,10000,2000,COMPLETED,Kolkata,West Bengal,UPI
107990,2026-08-17,102,Anil,505,Table,Furniture,2,10000,100,COMPLETED,Hyderabad,Telangana,UPI
107991,2026-08-24,110,Vikram,507,Desk,Furniture,3,15000,100,CANCELLED,Kolkata,West Bengal,COD
107992,2026-08-04,102,Anil,503,Chair,Furniture,4,8000,2000,CANCELLED,Hyderabad,Telangana,NET_BANKING
107993,2026-08-30,109,Sneha,502,Mouse,Electronics,1,1000,0,COMPLETED,Delhi,Delhi,UPI
107994,2026-08-08,103,Sita,504,Keyboard,Electronics,1,3000,0,COMPLETED,Chennai,Tamil Nadu,COD
107995,2026-08-11,110,Vikram,507,Desk,Furniture,3,15000,2000,COMPLETED,Kolkata,West Bengal,COD
107996,2026-08-08,104,Kumar,503,Chair,Furniture,5,8000,200,COMPLETED,Bangalore,Karnataka,NET_BANKING
107997,2026-08-08,102,Anil,505,Table,Furniture,3,10000,500,COMPLETED,Hyderabad,Telangana,CARD
107998,2026-08-01,103,Sita,509,Monitor,Electronics,4,20000,500,COMPLETED,Chennai,Tamil Nadu,UPI
107999,2026-08-17,106,Ramesh,504,Keyboard,Electronics,5,3000,0,COMPLETED,Pune,Maharashtra,NET_BANKING
108000,2026-08-25,101,Ravi,510,Bookshelf,Furniture,3,12000,100,COMPLETED,Hyderabad,Telangana,UPI
108001,2026-08-08,107,Lakshmi,509,Monitor,Electronics,4,20000,100,COMPLETED,Chennai,Tamil Nadu,COD
108002,2026-08-03,108,Arjun,503,Chair,Furniture,1,8000,5000,COMPLETED,Hyderabad,Telangana,COD
108003,2026-08-31,105,Priya,502,Mouse,Electronics,1,1000,1000,COMPLETED,Mumbai,Maharashtra,UPI
108004,2026-08-29,106,Ramesh,508,Mobile,Electronics,5,25000,0,COMPLETED,Pune,Maharashtra,NET_BANKING
108005,2026-08-18,106,Ramesh,502,Mouse,Electronics,3,1000,1000,CANCELLED,Pune,Maharashtra,NET_BANKING
108006,2026-08-14,103,Sita,510,Bookshelf,Furniture,3,12000,200,COMPLETED,Chennai,Tamil Nadu,NET_BANKING
108007,2026-08-04,103,Sita,503,Chair,Furniture,4,8000,200,COMPLETED,Chennai,Tamil Nadu,NET_BANKING
108008,2026-08-25,103,Sita,505,Table,Furniture,5,10000,5000,COMPLETED,Chennai,Tamil Nadu,CARD
108009,2026-08-02,110,Vikram,509,Monitor,Electronics,2,20000,0,COMPLETED,Kolkata,West Bengal,UPI
108010,2026-08-13,108,Arjun,503,Chair,Furniture,3,8000,0,COMPLETED,Hyderabad,Telangana,CARD
108011,2026-08-02,105,Priya,503,Chair,Furniture,3,8000,1000,COMPLETED,Mumbai,Maharashtra,UPI
108012,2026-08-10,104,Kumar,502,Mouse,Electronics,3,1000,2000,COMPLETED,Bangalore,Karnataka,NET_BANKING
108013,2026-08-07,104,Kumar,501,Laptop,Electronics,1,60000,100,COMPLETED,Bangalore,Karnataka,UPI
108014,2026-08-01,104,Kumar,501,Laptop,Electronics,1,60000,0,COMPLETED,Bangalore,Karnataka,UPI
108015,2026-08-10,105,Priya,507,Desk,Furniture,3,15000,100,COMPLETED,Mumbai,Maharashtra,NET_BANKING
108016,2026-08-21,104,Kumar,508,Mobile,Electronics,4,25000,0,COMPLETED,Bangalore,Karnataka,NET_BANKING
108017,2026-08-24,110,Vikram,503,Chair,Furniture,2,8000,5000,COMPLETED,Kolkata,West Bengal,UPI
108018,2026-08-02,103,Sita,507,Desk,Furniture,3,15000,5000,COMPLETED,Chennai,Tamil Nadu,COD
108019,2026-08-24,110,Vikram,510,Bookshelf,Furniture,5,12000,5000,CANCELLED,Kolkata,West Bengal,CARD
108020,2026-08-22,106,Ramesh,507,Desk,Furniture,5,15000,2000,COMPLETED,Pune,Maharashtra,NET_BANKING
108021,2026-08-07,102,Anil,502,Mouse,Electronics,3,1000,0,COMPLETED,Hyderabad,Telangana,COD
108022,2026-08-20,105,Priya,510,Bookshelf,Furniture,4,12000,5000,COMPLETED,Mumbai,Maharashtra,COD
108023,2026-08-07,107,Lakshmi,504,Keyboard,Electronics,5,3000,2000,COMPLETED,Chennai,Tamil Nadu,UPI
108024,2026-08-04,101,Ravi,508,Mobile,Electronics,1,25000,500,COMPLETED,Hyderabad,Telangana,NET_BANKING
108025,2026-08-21,101,Ravi,506,Headphones,Electronics,2,5000,100,COMPLETED,Hyderabad,Telangana,UPI
108026,2026-08-29,102,Anil,503,Chair,Furniture,4,8000,0,CANCELLED,Hyderabad,Telangana,NET_BANKING
108027,2026-08-31,103,Sita,503,Chair,Furniture,3,8000,200,COMPLETED,Chennai,Tamil Nadu,CARD
108028,2026-08-03,104,Kumar,509,Monitor,Electronics,3,20000,200,COMPLETED,Bangalore,Karnataka,UPI
108029,2026-08-14,107,Lakshmi,502,Mouse,Electronics,4,1000,5000,COMPLETED,Chennai,Tamil Nadu,NET_BANKING
108030,2026-08-16,107,Lakshmi,510,Bookshelf,Furniture,1,12000,5000,COMPLETED,Chennai,Tamil Nadu,UPI
108031,2026-08-26,110,Vikram,509,Monitor,Electronics,5,20000,1000,COMPLETED,Kolkata,West Bengal,UPI
108032,2026-08-16,102,Anil,506,Headphones,Electronics,5,5000,5000,COMPLETED,Hyderabad,Telangana,CARD
108033,2026-08-30,110,Vikram,501,Laptop,Electronics,2,60000,5000,COMPLETED,Kolkata,West Bengal,NET_BANKING
108034,2026-08-13,106,Ramesh,509,Monitor,Electronics,1,20000,100,COMPLETED,Pune,Maharashtra,NET_BANKING
108035,2026-08-13,103,Sita,504,Keyboard,Electronics,2,3000,500,COMPLETED,Chennai,Tamil Nadu,NET_BANKING
108036,2026-08-28,107,Lakshmi,510,Bookshelf,Furniture,2,12000,5000,COMPLETED,Chennai,Tamil Nadu,NET_BANKING
108037,2026-08-16,108,Arjun,509,Monitor,Electronics,3,20000,0,COMPLETED,Hyderabad,Telangana,UPI
108038,2026-08-21,106,Ramesh,508,Mobile,Electronics,1,25000,0,COMPLETED,Pune,Maharashtra,NET_BANKING
108039,2026-08-02,105,Priya,505,Table,Furniture,1,10000,100,CANCELLED,Mumbai,Maharashtra,COD
108040,2026-08-20,105,Priya,509,Monitor,Electronics,3,20000,100,COMPLETED,Mumbai,Maharashtra,NET_BANKING
108041,2026-08-20,104,Kumar,508,Mobile,Electronics,2,25000,2000,COMPLETED,Bangalore,Karnataka,COD
108042,2026-08-10,101,Ravi,505,Table,Furniture,5,10000,2000,CANCELLED,Hyderabad,Telangana,COD
108043,2026-08-18,102,Anil,502,Mouse,Electronics,5,1000,0,COMPLETED,Hyderabad,Telangana,UPI
108044,2026-08-24,109,Sneha,503,Chair,Furniture,4,8000,5000,COMPLETED,Delhi,Delhi,CARD
108045,2026-08-15,105,Priya,508,Mobile,Electronics,3,25000,2000,COMPLETED,Mumbai,Maharashtra,NET_BANKING
108046,2026-08-15,106,Ramesh,503,Chair,Furniture,2,8000,200,COMPLETED,Pune,Maharashtra,UPI
108047,2026-08-04,109,Sneha,509,Monitor,Electronics,3,20000,2000,COMPLETED,Delhi,Delhi,NET_BANKING
108048,2026-08-27,105,Priya,502,Mouse,Electronics,2,1000,1000,COMPLETED,Mumbai,Maharashtra,NET_BANKING
108049,2026-08-20,106,Ramesh,508,Mobile,Electronics,4,25000,0,CANCELLED,Pune,Maharashtra,COD
108050,2026-08-16,110,Vikram,501,Laptop,Electronics,4,60000,0,COMPLETED,Kolkata,West Bengal,NET_BANKING
108051,2026-08-01,106,Ramesh,504,Keyboard,Electronics,1,3000,0,COMPLETED,Pune,Maharashtra,CARD
108052,2026-08-04,102,Anil,505,Table,Furniture,2,10000,5000,COMPLETED,Hyderabad,Telangana,NET_BANKING
108053,2026-08-04,110,Vikram,503,Chair,Furniture,2,8000,1000,COMPLETED,Kolkata,West Bengal,COD
108054,2026-08-02,103,Sita,505,Table,Furniture,3,10000,1000,COMPLETED,Chennai,Tamil Nadu,CARD
108055,2026-08-16,106,Ramesh,502,Mouse,Electronics,4,1000,500,COMPLETED,Pune,Maharashtra,NET_BANKING
108056,2026-08-05,107,Lakshmi,506,Headphones,Electronics,4,5000,500,COMPLETED,Chennai,Tamil Nadu,NET_BANKING
108057,2026-08-10,104,Kumar,508,Mobile,Electronics,2,25000,100,COMPLETED,Bangalore,Karnataka,UPI
108058,2026-08-02,103,Sita,503,Chair,Furniture,3,8000,0,COMPLETED,Chennai,Tamil Nadu,COD
108059,2026-08-13,105,Priya,510,Bookshelf,Furniture,1,12000,5000,COMPLETED,Mumbai,Maharashtra,COD
108060,2026-08-23,106,Ramesh,503,Chair,Furniture,1,8000,0,CANCELLED,Pune,Maharashtra,NET_BANKING
108061,2026-08-14,109,Sneha,508,Mobile,Electronics,1,25000,2000,COMPLETED,Delhi,Delhi,CARD
108062,2026-08-12,108,Arjun,503,Chair,Furniture,1,8000,0,COMPLETED,Hyderabad,Telangana,CARD
108063,2026-08-24,103,Sita,502,Mouse,Electronics,5,1000,1000,COMPLETED,Chennai,Tamil Nadu,CARD
108064,2026-08-12,103,Sita,501,Laptop,Electronics,1,60000,2000,CANCELLED,Chennai,Tamil Nadu,NET_BANKING
108065,2026-08-29,101,Ravi,507,Desk,Furniture,5,15000,2000,COMPLETED,Hyderabad,Telangana,UPI
108066,2026-08-17,106,Ramesh,509,Monitor,Electronics,3,20000,500,CANCELLED,Pune,Maharashtra,NET_BANKING
108067,2026-08-13,103,Sita,504,Keyboard,Electronics,3,3000,500,COMPLETED,Chennai,Tamil Nadu,UPI
108068,2026-08-26,101,Ravi,501,Laptop,Electronics,2,60000,0,COMPLETED,Hyderabad,Telangana,COD
108069,2026-08-24,108,Arjun,507,Desk,Furniture,1,15000,500,COMPLETED,Hyderabad,Telangana,COD
108070,2026-08-31,103,Sita,504,Keyboard,Electronics,2,3000,0,COMPLETED,Chennai,Tamil Nadu,UPI
108071,2026-08-04,108,Arjun,506,Headphones,Electronics,5,5000,2000,COMPLETED,Hyderabad,Telangana,CARD
108072,2026-08-01,110,Vikram,507,Desk,Furniture,3,15000,2000,COMPLETED,Kolkata,West Bengal,CARD
108073,2026-08-22,102,Anil,505,Table,Furniture,2,10000,500,COMPLETED,Hyderabad,Telangana,CARD
108074,2026-08-27,101,Ravi,508,Mobile,Electronics,1,25000,500,COMPLETED,Hyderabad,Telangana,UPI
108075,2026-08-15,101,Ravi,508,Mobile,Electronics,2,25000,100,COMPLETED,Hyderabad,Telangana,COD
108076,2026-08-30,105,Priya,510,Bookshelf,Furniture,5,12000,1000,COMPLETED,Mumbai,Maharashtra,CARD
108077,2026-08-30,107,Lakshmi,508,Mobile,Electronics,3,25000,100,COMPLETED,Chennai,Tamil Nadu,COD
108078,2026-08-16,101,Ravi,502,Mouse,Electronics,4,1000,5000,CANCELLED,Hyderabad,Telangana,COD
108079,2026-08-25,104,Kumar,509,Monitor,Electronics,5,20000,0,COMPLETED,Bangalore,Karnataka,UPI
108080,2026-08-02,102,Anil,504,Keyboard,Electronics,3,3000,100,CANCELLED,Hyderabad,Telangana,CARD
108081,2026-08-08,104,Kumar,509,Monitor,Electronics,3,20000,100,COMPLETED,Bangalore,Karnataka,CARD
108082,2026-08-11,108,Arjun,508,Mobile,Electronics,1,25000,500,COMPLETED,Hyderabad,Telangana,UPI
108083,2026-08-21,107,Lakshmi,504,Keyboard,Electronics,2,3000,500,COMPLETED,Chennai,Tamil Nadu,COD
108084,2026-08-14,109,Sneha,505,Table,Furniture,1,10000,500,COMPLETED,Delhi,Delhi,CARD
108085,2026-08-13,107,Lakshmi,502,Mouse,Electronics,3,1000,1000,COMPLETED,Chennai,Tamil Nadu,NET_BANKING
108086,2026-08-19,103,Sita,508,Mobile,Electronics,2,25000,200,COMPLETED,Chennai,Tamil Nadu,COD
108087,2026-08-04,101,Ravi,503,Chair,Furniture,3,8000,2000,COMPLETED,Hyderabad,Telangana,COD
108088,2026-08-10,110,Vikram,501,Laptop,Electronics,4,60000,2000,COMPLETED,Kolkata,West Bengal,UPI
108089,2026-08-28,103,Sita,510,Bookshelf,Furniture,4,12000,1000,COMPLETED,Chennai,Tamil Nadu,NET_BANKING
108090,2026-08-24,102,Anil,510,Bookshelf,Furniture,1,12000,500,COMPLETED,Hyderabad,Telangana,COD
108091,2026-08-06,108,Arjun,501,Laptop,Electronics,5,60000,2000,COMPLETED,Hyderabad,Telangana,UPI
108092,2026-08-07,106,Ramesh,501,Laptop,Electronics,3,60000,2000,RETURNED,Pune,Maharashtra,CARD
108093,2026-08-27,104,Kumar,508,Mobile,Electronics,2,25000,500,COMPLETED,Bangalore,Karnataka,NET_BANKING
108094,2026-08-01,106,Ramesh,507,Desk,Furniture,3,15000,1000,COMPLETED,Pune,Maharashtra,UPI
108095,2026-08-02,110,Vikram,510,Bookshelf,Furniture,4,12000,1000,RETURNED,Kolkata,West Bengal,COD
108096,2026-08-28,104,Kumar,503,Chair,Furniture,2,8000,2000,COMPLETED,Bangalore,Karnataka,UPI
108097,2026-08-27,102,Anil,502,Mouse,Electronics,4,1000,1000,COMPLETED,Hyderabad,Telangana,CARD
108098,2026-08-23,106,Ramesh,510,Bookshelf,Furniture,2,12000,5000,COMPLETED,Pune,Maharashtra,UPI
108099,2026-08-10,107,Lakshmi,510,Bookshelf,Furniture,2,12000,100,COMPLETED,Chennai,Tamil Nadu,CARD
108100,2026-08-18,106,Ramesh,504,Keyboard,Electronics,3,3000,0,COMPLETED,Pune,Maharashtra,COD
108101,2026-08-31,106,Ramesh,508,Mobile,Electronics,4,25000,0,COMPLETED,Pune,Maharashtra,COD
108102,2026-08-06,106,Ramesh,508,Mobile,Electronics,2,25000,500,COMPLETED,Pune,Maharashtra,CARD
108103,2026-08-01,107,Lakshmi,507,Desk,Furniture,4,15000,200,COMPLETED,Chennai,Tamil Nadu,NET_BANKING
108104,2026-08-07,101,Ravi,509,Monitor,Electronics,2,20000,5000,COMPLETED,Hyderabad,Telangana,CARD
108105,2026-08-12,107,Lakshmi,502,Mouse,Electronics,5,1000,100,COMPLETED,Chennai,Tamil Nadu,COD
108106,2026-08-13,109,Sneha,507,Desk,Furniture,5,15000,0,COMPLETED,Delhi,Delhi,UPI
108107,2026-08-12,108,Arjun,510,Bookshelf,Furniture,4,12000,1000,COMPLETED,Hyderabad,Telangana,UPI
108108,2026-08-06,101,Ravi,501,Laptop,Electronics,2,60000,5000,COMPLETED,Hyderabad,Telangana,UPI
108109,2026-08-23,110,Vikram,504,Keyboard,Electronics,4,3000,0,COMPLETED,Kolkata,West Bengal,COD
108110,2026-08-05,101,Ravi,510,Bookshelf,Furniture,5,12000,0,COMPLETED,Hyderabad,Telangana,CARD
108111,2026-08-09,108,Arjun,502,Mouse,Electronics,2,1000,0,COMPLETED,Hyderabad,Telangana,COD
108112,2026-08-27,105,Priya,508,Mobile,Electronics,2,25000,5000,COMPLETED,Mumbai,Maharashtra,CARD
108113,2026-08-21,110,Vikram,503,Chair,Furniture,2,8000,2000,CANCELLED,Kolkata,West Bengal,NET_BANKING
108114,2026-08-09,110,Vikram,506,Headphones,Electronics,2,5000,5000,COMPLETED,Kolkata,West Bengal,CARD
108115,2026-08-24,110,Vikram,504,Keyboard,Electronics,2,3000,2000,CANCELLED,Kolkata,West Bengal,CARD
108116,2026-08-01,103,Sita,505,Table,Furniture,4,10000,100,COMPLETED,Chennai,Tamil Nadu,UPI
108117,2026-08-20,110,Vikram,506,Headphones,Electronics,5,5000,0,COMPLETED,Kolkata,West Bengal,COD
108118,2026-08-01,102,Anil,509,Monitor,Electronics,5,20000,0,COMPLETED,Hyderabad,Telangana,UPI
108119,2026-08-20,105,Priya,501,Laptop,Electronics,2,60000,200,COMPLETED,Mumbai,Maharashtra,CARD
108120,2026-08-09,108,Arjun,503,Chair,Furniture,3,8000,1000,COMPLETED,Hyderabad,Telangana,CARD
108121,2026-08-20,108,Arjun,506,Headphones,Electronics,3,5000,100,COMPLETED,Hyderabad,Telangana,COD
108122,2026-08-23,104,Kumar,503,Chair,Furniture,4,8000,100,COMPLETED,Bangalore,Karnataka,CARD
108123,2026-08-12,102,Anil,506,Headphones,Electronics,2,5000,100,COMPLETED,Hyderabad,Telangana,UPI
108124,2026-08-20,102,Anil,507,Desk,Furniture,5,15000,200,RETURNED,Hyderabad,Telangana,CARD
108125,2026-08-09,110,Vikram,508,Mobile,Electronics,3,25000,0,COMPLETED,Kolkata,West Bengal,COD
108126,2026-08-14,106,Ramesh,502,Mouse,Electronics,1,1000,2000,COMPLETED,Pune,Maharashtra,NET_BANKING
108127,2026-08-29,110,Vikram,506,Headphones,Electronics,1,5000,200,COMPLETED,Kolkata,West Bengal,COD
108128,2026-08-31,107,Lakshmi,501,Laptop,Electronics,3,60000,5000,COMPLETED,Chennai,Tamil Nadu,CARD
108129,2026-08-13,110,Vikram,507,Desk,Furniture,3,15000,5000,COMPLETED,Kolkata,West Bengal,UPI
108130,2026-08-07,109,Sneha,502,Mouse,Electronics,2,1000,0,COMPLETED,Delhi,Delhi,CARD
108131,2026-08-04,104,Kumar,510,Bookshelf,Furniture,5,12000,0,COMPLETED,Bangalore,Karnataka,NET_BANKING
108132,2026-08-30,107,Lakshmi,506,Headphones,Electronics,3,5000,0,RETURNED,Chennai,Tamil Nadu,COD
108133,2026-08-19,104,Kumar,507,Desk,Furniture,5,15000,1000,COMPLETED,Bangalore,Karnataka,COD
108134,2026-08-21,108,Arjun,507,Desk,Furniture,3,15000,1000,COMPLETED,Hyderabad,Telangana,UPI
108135,2026-08-27,110,Vikram,507,Desk,Furniture,4,15000,5000,COMPLETED,Kolkata,West Bengal,UPI
108136,2026-08-07,103,Sita,503,Chair,Furniture,4,8000,500,COMPLETED,Chennai,Tamil Nadu,NET_BANKING
108137,2026-08-08,102,Anil,505,Table,Furniture,4,10000,0,CANCELLED,Hyderabad,Telangana,NET_BANKING
108138,2026-08-05,104,Kumar,505,Table,Furniture,3,10000,0,COMPLETED,Bangalore,Karnataka,CARD
108139,2026-08-04,107,Lakshmi,504,Keyboard,Electronics,4,3000,5000,COMPLETED,Chennai,Tamil Nadu,NET_BANKING
108140,2026-08-06,105,Priya,503,Chair,Furniture,2,8000,0,COMPLETED,Mumbai,Maharashtra,NET_BANKING
108141,2026-08-26,103,Sita,502,Mouse,Electronics,5,1000,5000,COMPLETED,Chennai,Tamil Nadu,UPI
108142,2026-08-30,110,Vikram,501,Laptop,Electronics,2,60000,500,COMPLETED,Kolkata,West Bengal,CARD
108143,2026-08-11,102,Anil,508,Mobile,Electronics,1,25000,0,COMPLETED,Hyderabad,Telangana,CARD
108144,2026-08-18,110,Vikram,506,Headphones,Electronics,2,5000,1000,COMPLETED,Kolkata,West Bengal,CARD
108145,2026-08-16,104,Kumar,503,Chair,Furniture,1,8000,0,COMPLETED,Bangalore,Karnataka,NET_BANKING
108146,2026-08-03,104,Kumar,506,Headphones,Electronics,2,5000,1000,COMPLETED,Bangalore,Karnataka,COD
108147,2026-08-08,104,Kumar,505,Table,Furniture,1,10000,5000,COMPLETED,Bangalore,Karnataka,UPI
108148,2026-08-30,107,Lakshmi,504,Keyboard,Electronics,2,3000,1000,COMPLETED,Chennai,Tamil Nadu,COD
108149,2026-08-28,102,Anil,506,Headphones,Electronics,3,5000,200,COMPLETED,Hyderabad,Telangana,CARD
108150,2026-08-04,106,Ramesh,505,Table,Furniture,4,10000,2000,COMPLETED,Pune,Maharashtra,CARD
108151,2026-08-13,103,Sita,501,Laptop,Electronics,5,60000,100,COMPLETED,Chennai,Tamil Nadu,NET_BANKING
108152,2026-08-23,106,Ramesh,509,Monitor,Electronics,1,20000,100,COMPLETED,Pune,Maharashtra,NET_BANKING
108153,2026-08-04,106,Ramesh,508,Mobile,Electronics,5,25000,2000,COMPLETED,Pune,Maharashtra,UPI
108154,2026-08-03,110,Vikram,509,Monitor,Electronics,4,20000,100,COMPLETED,Kolkata,West Bengal,NET_BANKING
108155,2026-08-07,110,Vikram,510,Bookshelf,Furniture,1,12000,500,COMPLETED,Kolkata,West Bengal,CARD
108156,2026-08-04,107,Lakshmi,506,Headphones,Electronics,2,5000,200,COMPLETED,Chennai,Tamil Nadu,COD
108157,2026-08-14,102,Anil,504,Keyboard,Electronics,4,3000,500,COMPLETED,Hyderabad,Telangana,UPI
108158,2026-08-14,107,Lakshmi,502,Mouse,Electronics,1,1000,1000,COMPLETED,Chennai,Tamil Nadu,CARD
108159,2026-08-22,104,Kumar,508,Mobile,Electronics,1,25000,5000,RETURNED,Bangalore,Karnataka,CARD
108160,2026-08-03,107,Lakshmi,508,Mobile,Electronics,2,25000,5000,CANCELLED,Chennai,Tamil Nadu,NET_BANKING
108161,2026-08-14,108,Arjun,501,Laptop,Electronics,5,60000,1000,COMPLETED,Hyderabad,Telangana,UPI
108162,2026-08-15,103,Sita,502,Mouse,Electronics,5,1000,500,COMPLETED,Chennai,Tamil Nadu,COD
108163,2026-08-05,110,Vikram,508,Mobile,Electronics,5,25000,2000,COMPLETED,Kolkata,West Bengal,CARD
108164,2026-08-03,101,Ravi,505,Table,Furniture,5,10000,2000,COMPLETED,Hyderabad,Telangana,CARD
108165,2026-08-25,102,Anil,510,Bookshelf,Furniture,1,12000,2000,COMPLETED,Hyderabad,Telangana,COD
108166,2026-08-13,106,Ramesh,509,Monitor,Electronics,3,20000,5000,COMPLETED,Pune,Maharashtra,UPI
108167,2026-08-27,102,Anil,510,Bookshelf,Furniture,2,12000,1000,COMPLETED,Hyderabad,Telangana,CARD
108168,2026-08-11,102,Anil,508,Mobile,Electronics,3,25000,0,COMPLETED,Hyderabad,Telangana,COD
108169,2026-08-04,102,Anil,507,Desk,Furniture,3,15000,200,COMPLETED,Hyderabad,Telangana,NET_BANKING
108170,2026-08-20,101,Ravi,504,Keyboard,Electronics,4,3000,100,COMPLETED,Hyderabad,Telangana,COD
108171,2026-08-12,106,Ramesh,505,Table,Furniture,4,10000,2000,COMPLETED,Pune,Maharashtra,UPI
108172,2026-08-03,110,Vikram,505,Table,Furniture,3,10000,100,COMPLETED,Kolkata,West Bengal,UPI
108173,2026-08-13,110,Vikram,506,Headphones,Electronics,2,5000,2000,CANCELLED,Kolkata,West Bengal,UPI
108174,2026-08-11,104,Kumar,509,Monitor,Electronics,3,20000,100,COMPLETED,Bangalore,Karnataka,CARD
108175,2026-08-31,104,Kumar,502,Mouse,Electronics,2,1000,100,COMPLETED,Bangalore,Karnataka,COD
108176,2026-08-07,108,Arjun,509,Monitor,Electronics,3,20000,200,COMPLETED,Hyderabad,Telangana,NET_BANKING
108177,2026-08-04,110,Vikram,510,Bookshelf,Furniture,5,12000,5000,RETURNED,Kolkata,West Bengal,COD
108178,2026-08-17,107,Lakshmi,504,Keyboard,Electronics,3,3000,2000,CANCELLED,Chennai,Tamil Nadu,CARD
108179,2026-08-23,103,Sita,506,Headphones,Electronics,3,5000,200,COMPLETED,Chennai,Tamil Nadu,COD
108180,2026-08-13,104,Kumar,507,Desk,Furniture,2,15000,5000,COMPLETED,Bangalore,Karnataka,UPI
108181,2026-08-31,108,Arjun,502,Mouse,Electronics,4,1000,1000,COMPLETED,Hyderabad,Telangana,NET_BANKING
108182,2026-08-12,110,Vikram,506,Headphones,Electronics,2,5000,500,COMPLETED,Kolkata,West Bengal,UPI
108183,2026-08-17,107,Lakshmi,510,Bookshelf,Furniture,5,12000,1000,COMPLETED,Chennai,Tamil Nadu,CARD
108184,2026-08-18,110,Vikram,505,Table,Furniture,4,10000,200,COMPLETED,Kolkata,West Bengal,COD
108185,2026-08-11,103,Sita,509,Monitor,Electronics,3,20000,500,COMPLETED,Chennai,Tamil Nadu,COD
108186,2026-08-23,110,Vikram,504,Keyboard,Electronics,5,3000,500,COMPLETED,Kolkata,West Bengal,UPI
108187,2026-08-23,105,Priya,510,Bookshelf,Furniture,1,12000,500,COMPLETED,Mumbai,Maharashtra,UPI
108188,2026-08-10,106,Ramesh,505,Table,Furniture,1,10000,2000,COMPLETED,Pune,Maharashtra,COD
108189,2026-08-30,103,Sita,505,Table,Furniture,2,10000,1000,COMPLETED,Chennai,Tamil Nadu,NET_BANKING
108190,2026-08-01,101,Ravi,505,Table,Furniture,3,10000,100,RETURNED,Hyderabad,Telangana,COD
108191,2026-08-07,108,Arjun,501,Laptop,Electronics,3,60000,500,COMPLETED,Hyderabad,Telangana,COD
108192,2026-08-02,107,Lakshmi,504,Keyboard,Electronics,4,3000,5000,COMPLETED,Chennai,Tamil Nadu,COD
108193,2026-08-22,106,Ramesh,502,Mouse,Electronics,1,1000,0,COMPLETED,Pune,Maharashtra,NET_BANKING
108194,2026-08-28,102,Anil,510,Bookshelf,Furniture,3,12000,0,COMPLETED,Hyderabad,Telangana,CARD
108195,2026-08-31,104,Kumar,505,Table,Furniture,4,10000,0,COMPLETED,Bangalore,Karnataka,UPI
108196,2026-08-23,105,Priya,502,Mouse,Electronics,1,1000,5000,COMPLETED,Mumbai,Maharashtra,CARD
108197,2026-08-05,110,Vikram,503,Chair,Furniture,1,8000,100,COMPLETED,Kolkata,West Bengal,UPI
108198,2026-08-01,104,Kumar,510,Bookshelf,Furniture,1,12000,100,COMPLETED,Bangalore,Karnataka,NET_BANKING
108199,2026-08-26,101,Ravi,502,Mouse,Electronics,1,1000,500,COMPLETED,Hyderabad,Telangana,NET_BANKING
108200,2026-08-20,108,Arjun,503,Chair,Furniture,5,8000,0,CANCELLED,Hyderabad,Telangana,NET_BANKING
108201,2026-08-05,106,Ramesh,506,Headphones,Electronics,2,5000,5000,COMPLETED,Pune,Maharashtra,CARD
108202,2026-08-09,110,Vikram,501,Laptop,Electronics,5,60000,5000,COMPLETED,Kolkata,West Bengal,COD
108203,2026-08-13,105,Priya,506,Headphones,Electronics,5,5000,500,COMPLETED,Mumbai,Maharashtra,CARD
108204,2026-08-07,107,Lakshmi,504,Keyboard,Electronics,2,3000,200,RETURNED,Chennai,Tamil Nadu,NET_BANKING
108205,2026-08-03,107,Lakshmi,506,Headphones,Electronics,5,5000,0,COMPLETED,Chennai,Tamil Nadu,NET_BANKING
108206,2026-08-26,109,Sneha,504,Keyboard,Electronics,1,3000,100,COMPLETED,Delhi,Delhi,UPI
108207,2026-08-04,104,Kumar,501,Laptop,Electronics,4,60000,0,COMPLETED,Bangalore,Karnataka,NET_BANKING
108208,2026-08-02,105,Priya,510,Bookshelf,Furniture,2,12000,1000,COMPLETED,Mumbai,Maharashtra,CARD
108209,2026-08-31,105,Priya,502,Mouse,Electronics,4,1000,5000,CANCELLED,Mumbai,Maharashtra,CARD
108210,2026-08-23,104,Kumar,505,Table,Furniture,2,10000,0,RETURNED,Bangalore,Karnataka,COD
108211,2026-08-24,102,Anil,509,Monitor,Electronics,2,20000,0,COMPLETED,Hyderabad,Telangana,CARD
108212,2026-08-22,102,Anil,507,Desk,Furniture,1,15000,2000,CANCELLED,Hyderabad,Telangana,CARD
108213,2026-08-31,110,Vikram,503,Chair,Furniture,2,8000,0,COMPLETED,Kolkata,West Bengal,COD
108214,2026-08-04,108,Arjun,509,Monitor,Electronics,1,20000,0,COMPLETED,Hyderabad,Telangana,UPI
108215,2026-08-30,103,Sita,504,Keyboard,Electronics,5,3000,200,COMPLETED,Chennai,Tamil Nadu,COD
108216,2026-08-26,101,Ravi,503,Chair,Furniture,3,8000,5000,COMPLETED,Hyderabad,Telangana,NET_BANKING
108217,2026-08-14,104,Kumar,506,Headphones,Electronics,3,5000,500,COMPLETED,Bangalore,Karnataka,UPI
108218,2026-08-21,102,Anil,510,Bookshelf,Furniture,2,12000,1000,COMPLETED,Hyderabad,Telangana,COD
108219,2026-08-13,103,Sita,509,Monitor,Electronics,2,20000,2000,COMPLETED,Chennai,Tamil Nadu,NET_BANKING
108220,2026-08-08,101,Ravi,503,Chair,Furniture,5,8000,500,COMPLETED,Hyderabad,Telangana,CARD
108221,2026-08-03,101,Ravi,504,Keyboard,Electronics,4,3000,1000,COMPLETED,Hyderabad,Telangana,UPI
108222,2026-08-01,105,Priya,506,Headphones,Electronics,5,5000,0,COMPLETED,Mumbai,Maharashtra,UPI
108223,2026-08-22,104,Kumar,510,Bookshelf,Furniture,3,12000,5000,COMPLETED,Bangalore,Karnataka,COD
108224,2026-08-20,110,Vikram,504,Keyboard,Electronics,3,3000,200,COMPLETED,Kolkata,West Bengal,UPI
108225,2026-08-28,101,Ravi,507,Desk,Furniture,4,15000,200,COMPLETED,Hyderabad,Telangana,CARD
108226,2026-08-15,109,Sneha,503,Chair,Furniture,4,8000,1000,COMPLETED,Delhi,Delhi,NET_BANKING
108227,2026-08-28,109,Sneha,501,Laptop,Electronics,2,60000,500,COMPLETED,Delhi,Delhi,COD
108228,2026-08-20,107,Lakshmi,509,Monitor,Electronics,5,20000,100,COMPLETED,Chennai,Tamil Nadu,NET_BANKING
108229,2026-08-24,109,Sneha,506,Headphones,Electronics,3,5000,100,COMPLETED,Delhi,Delhi,UPI
108230,2026-08-21,101,Ravi,502,Mouse,Electronics,3,1000,500,COMPLETED,Hyderabad,Telangana,NET_BANKING
108231,2026-08-16,109,Sneha,505,Table,Furniture,5,10000,100,COMPLETED,Delhi,Delhi,COD
108232,2026-08-12,105,Priya,501,Laptop,Electronics,1,60000,5000,COMPLETED,Mumbai,Maharashtra,CARD
108233,2026-08-04,103,Sita,503,Chair,Furniture,4,8000,5000,COMPLETED,Chennai,Tamil Nadu,UPI
108234,2026-08-25,103,Sita,506,Headphones,Electronics,3,5000,200,COMPLETED,Chennai,Tamil Nadu,UPI
108235,2026-08-06,101,Ravi,504,Keyboard,Electronics,1,3000,500,COMPLETED,Hyderabad,Telangana,UPI
108236,2026-08-05,104,Kumar,508,Mobile,Electronics,5,25000,0,COMPLETED,Bangalore,Karnataka,CARD
108237,2026-08-06,110,Vikram,508,Mobile,Electronics,5,25000,1000,COMPLETED,Kolkata,West Bengal,NET_BANKING
108238,2026-08-05,106,Ramesh,502,Mouse,Electronics,4,1000,200,COMPLETED,Pune,Maharashtra,UPI
108239,2026-08-25,101,Ravi,508,Mobile,Electronics,5,25000,2000,RETURNED,Hyderabad,Telangana,CARD
108240,2026-08-26,104,Kumar,501,Laptop,Electronics,2,60000,100,COMPLETED,Bangalore,Karnataka,UPI
108241,2026-08-14,108,Arjun,507,Desk,Furniture,4,15000,100,COMPLETED,Hyderabad,Telangana,CARD
108242,2026-08-14,108,Arjun,505,Table,Furniture,2,10000,0,COMPLETED,Hyderabad,Telangana,CARD
108243,2026-08-19,105,Priya,506,Headphones,Electronics,3,5000,100,COMPLETED,Mumbai,Maharashtra,NET_BANKING
108244,2026-08-13,107,Lakshmi,506,Headphones,Electronics,2,5000,0,COMPLETED,Chennai,Tamil Nadu,CARD
108245,2026-08-28,110,Vikram,506,Headphones,Electronics,5,5000,0,COMPLETED,Kolkata,West Bengal,NET_BANKING
108246,2026-08-25,105,Priya,502,Mouse,Electronics,3,1000,5000,COMPLETED,Mumbai,Maharashtra,CARD
108247,2026-08-28,108,Arjun,507,Desk,Furniture,2,15000,5000,RETURNED,Hyderabad,Telangana,CARD
108248,2026-08-30,106,Ramesh,507,Desk,Furniture,3,15000,1000,COMPLETED,Pune,Maharashtra,COD
108249,2026-08-14,105,Priya,508,Mobile,Electronics,4,25000,1000,COMPLETED,Mumbai,Maharashtra,NET_BANKING
108250,2026-08-24,108,Arjun,508,Mobile,Electronics,1,25000,1000,COMPLETED,Hyderabad,Telangana,COD
108251,2026-08-13,106,Ramesh,501,Laptop,Electronics,4,60000,2000,COMPLETED,Pune,Maharashtra,NET_BANKING
108252,2026-08-12,102,Anil,502,Mouse,Electronics,5,1000,0,COMPLETED,Hyderabad,Telangana,CARD
108253,2026-08-17,106,Ramesh,507,Desk,Furniture,4,15000,0,COMPLETED,Pune,Maharashtra,CARD
108254,2026-08-13,107,Lakshmi,505,Table,Furniture,5,10000,5000,COMPLETED,Chennai,Tamil Nadu,NET_BANKING
108255,2026-08-02,101,Ravi,509,Monitor,Electronics,3,20000,2000,COMPLETED,Hyderabad,Telangana,UPI
108256,2026-08-17,107,Lakshmi,504,Keyboard,Electronics,2,3000,1000,COMPLETED,Chennai,Tamil Nadu,NET_BANKING
108257,2026-08-05,102,Anil,507,Desk,Furniture,4,15000,1000,COMPLETED,Hyderabad,Telangana,CARD
108258,2026-08-06,101,Ravi,510,Bookshelf,Furniture,2,12000,1000,COMPLETED,Hyderabad,Telangana,UPI
108259,2026-08-18,103,Sita,504,Keyboard,Electronics,1,3000,100,COMPLETED,Chennai,Tamil Nadu,NET_BANKING
108260,2026-08-29,105,Priya,507,Desk,Furniture,2,15000,5000,COMPLETED,Mumbai,Maharashtra,CARD
108261,2026-08-29,106,Ramesh,502,Mouse,Electronics,3,1000,5000,COMPLETED,Pune,Maharashtra,COD
108262,2026-08-22,102,Anil,506,Headphones,Electronics,1,5000,100,CANCELLED,Hyderabad,Telangana,NET_BANKING
108263,2026-08-25,105,Priya,506,Headphones,Electronics,5,5000,200,CANCELLED,Mumbai,Maharashtra,NET_BANKING
108264,2026-08-11,104,Kumar,504,Keyboard,Electronics,5,3000,500,COMPLETED,Bangalore,Karnataka,UPI
108265,2026-08-12,107,Lakshmi,510,Bookshelf,Furniture,2,12000,1000,RETURNED,Chennai,Tamil Nadu,NET_BANKING
108266,2026-08-18,103,Sita,503,Chair,Furniture,4,8000,1000,COMPLETED,Chennai,Tamil Nadu,CARD
108267,2026-08-23,101,Ravi,510,Bookshelf,Furniture,1,12000,0,COMPLETED,Hyderabad,Telangana,UPI
108268,2026-08-25,108,Arjun,505,Table,Furniture,5,10000,5000,COMPLETED,Hyderabad,Telangana,UPI
108269,2026-08-10,102,Anil,502,Mouse,Electronics,5,1000,2000,COMPLETED,Hyderabad,Telangana,CARD
108270,2026-08-19,107,Lakshmi,501,Laptop,Electronics,5,60000,0,COMPLETED,Chennai,Tamil Nadu,NET_BANKING
108271,2026-08-22,101,Ravi,505,Table,Furniture,3,10000,2000,COMPLETED,Hyderabad,Telangana,UPI
108272,2026-08-29,110,Vikram,508,Mobile,Electronics,3,25000,0,COMPLETED,Kolkata,West Bengal,NET_BANKING
108273,2026-08-12,110,Vikram,508,Mobile,Electronics,5,25000,200,COMPLETED,Kolkata,West Bengal,NET_BANKING
108274,2026-08-24,106,Ramesh,510,Bookshelf,Furniture,3,12000,100,COMPLETED,Pune,Maharashtra,UPI
108275,2026-08-01,105,Priya,503,Chair,Furniture,5,8000,500,COMPLETED,Mumbai,Maharashtra,CARD
108276,2026-08-11,109,Sneha,507,Desk,Furniture,3,15000,0,COMPLETED,Delhi,Delhi,COD
108277,2026-08-11,103,Sita,506,Headphones,Electronics,1,5000,1000,COMPLETED,Chennai,Tamil Nadu,UPI
108278,2026-08-20,106,Ramesh,502,Mouse,Electronics,1,1000,200,COMPLETED,Pune,Maharashtra,NET_BANKING
108279,2026-08-01,108,Arjun,508,Mobile,Electronics,4,25000,2000,COMPLETED,Hyderabad,Telangana,UPI
108280,2026-08-30,107,Lakshmi,502,Mouse,Electronics,4,1000,500,COMPLETED,Chennai,Tamil Nadu,CARD
108281,2026-08-06,106,Ramesh,502,Mouse,Electronics,5,1000,500,COMPLETED,Pune,Maharashtra,CARD
108282,2026-08-11,107,Lakshmi,510,Bookshelf,Furniture,3,12000,1000,COMPLETED,Chennai,Tamil Nadu,CARD
108283,2026-08-24,108,Arjun,508,Mobile,Electronics,1,25000,2000,COMPLETED,Hyderabad,Telangana,CARD
108284,2026-08-20,103,Sita,507,Desk,Furniture,1,15000,1000,COMPLETED,Chennai,Tamil Nadu,NET_BANKING
108285,2026-08-14,110,Vikram,501,Laptop,Electronics,1,60000,100,COMPLETED,Kolkata,West Bengal,COD
108286,2026-08-01,102,Anil,501,Laptop,Electronics,2,60000,200,COMPLETED,Hyderabad,Telangana,UPI
108287,2026-08-30,103,Sita,501,Laptop,Electronics,5,60000,500,COMPLETED,Chennai,Tamil Nadu,COD
108288,2026-08-11,110,Vikram,502,Mouse,Electronics,4,1000,200,CANCELLED,Kolkata,West Bengal,NET_BANKING
108289,2026-08-29,110,Vikram,505,Table,Furniture,2,10000,1000,COMPLETED,Kolkata,West Bengal,COD
108290,2026-08-16,104,Kumar,504,Keyboard,Electronics,3,3000,500,COMPLETED,Bangalore,Karnataka,UPI
108291,2026-08-24,104,Kumar,509,Monitor,Electronics,4,20000,5000,COMPLETED,Bangalore,Karnataka,UPI
108292,2026-08-03,109,Sneha,509,Monitor,Electronics,1,20000,0,CANCELLED,Delhi,Delhi,CARD
108293,2026-08-20,104,Kumar,508,Mobile,Electronics,3,25000,100,COMPLETED,Bangalore,Karnataka,CARD
108294,2026-08-08,102,Anil,505,Table,Furniture,2,10000,500,COMPLETED,Hyderabad,Telangana,COD
108295,2026-08-29,101,Ravi,508,Mobile,Electronics,1,25000,100,COMPLETED,Hyderabad,Telangana,COD
108296,2026-08-08,110,Vikram,507,Desk,Furniture,2,15000,5000,RETURNED,Kolkata,West Bengal,UPI
108297,2026-08-07,109,Sneha,502,Mouse,Electronics,2,1000,100,CANCELLED,Delhi,Delhi,UPI
108298,2026-08-06,109,Sneha,503,Chair,Furniture,1,8000,500,COMPLETED,Delhi,Delhi,NET_BANKING
108299,2026-08-04,104,Kumar,506,Headphones,Electronics,5,5000,5000,COMPLETED,Bangalore,Karnataka,UPI
108300,2026-08-19,107,Lakshmi,505,Table,Furniture,3,10000,5000,COMPLETED,Chennai,Tamil Nadu,UPI
108301,2026-08-22,105,Priya,503,Chair,Furniture,3,8000,0,COMPLETED,Mumbai,Maharashtra,CARD
108302,2026-08-06,109,Sneha,505,Table,Furniture,2,10000,500,RETURNED,Delhi,Delhi,UPI
108303,2026-08-23,108,Arjun,501,Laptop,Electronics,1,60000,200,COMPLETED,Hyderabad,Telangana,UPI
108304,2026-08-16,104,Kumar,508,Mobile,Electronics,3,25000,200,COMPLETED,Bangalore,Karnataka,UPI
108305,2026-08-27,104,Kumar,501,Laptop,Electronics,3,60000,5000,COMPLETED,Bangalore,Karnataka,CARD
108306,2026-08-16,106,Ramesh,502,Mouse,Electronics,2,1000,200,COMPLETED,Pune,Maharashtra,NET_BANKING
108307,2026-08-08,109,Sneha,502,Mouse,Electronics,4,1000,100,RETURNED,Delhi,Delhi,CARD
108308,2026-08-21,101,Ravi,502,Mouse,Electronics,3,1000,100,COMPLETED,Hyderabad,Telangana,COD
108309,2026-08-18,110,Vikram,507,Desk,Furniture,3,15000,500,COMPLETED,Kolkata,West Bengal,CARD
108310,2026-08-13,102,Anil,502,Mouse,Electronics,4,1000,0,COMPLETED,Hyderabad,Telangana,UPI
108311,2026-08-02,107,Lakshmi,503,Chair,Furniture,5,8000,100,COMPLETED,Chennai,Tamil Nadu,CARD
108312,2026-08-15,105,Priya,501,Laptop,Electronics,4,60000,2000,COMPLETED,Mumbai,Maharashtra,NET_BANKING
108313,2026-08-05,104,Kumar,507,Desk,Furniture,5,15000,100,COMPLETED,Bangalore,Karnataka,CARD
108314,2026-08-21,106,Ramesh,501,Laptop,Electronics,1,60000,0,COMPLETED,Pune,Maharashtra,NET_BANKING
108315,2026-08-13,105,Priya,510,Bookshelf,Furniture,5,12000,1000,COMPLETED,Mumbai,Maharashtra,CARD
108316,2026-08-27,110,Vikram,502,Mouse,Electronics,5,1000,500,COMPLETED,Kolkata,West Bengal,NET_BANKING
108317,2026-08-22,106,Ramesh,505,Table,Furniture,5,10000,500,CANCELLED,Pune,Maharashtra,COD
108318,2026-08-10,103,Sita,506,Headphones,Electronics,4,5000,100,COMPLETED,Chennai,Tamil Nadu,UPI
108319,2026-08-09,105,Priya,508,Mobile,Electronics,3,25000,100,CANCELLED,Mumbai,Maharashtra,UPI
108320,2026-08-14,108,Arjun,506,Headphones,Electronics,2,5000,500,COMPLETED,Hyderabad,Telangana,UPI
108321,2026-08-11,105,Priya,507,Desk,Furniture,1,15000,500,COMPLETED,Mumbai,Maharashtra,NET_BANKING
108322,2026-08-23,105,Priya,507,Desk,Furniture,3,15000,5000,COMPLETED,Mumbai,Maharashtra,UPI
108323,2026-08-06,105,Priya,506,Headphones,Electronics,3,5000,100,CANCELLED,Mumbai,Maharashtra,COD
108324,2026-08-11,105,Priya,507,Desk,Furniture,1,15000,200,COMPLETED,Mumbai,Maharashtra,NET_BANKING
108325,2026-08-16,104,Kumar,502,Mouse,Electronics,5,1000,500,COMPLETED,Bangalore,Karnataka,UPI
108326,2026-08-04,104,Kumar,510,Bookshelf,Furniture,2,12000,2000,CANCELLED,Bangalore,Karnataka,COD
108327,2026-08-17,106,Ramesh,505,Table,Furniture,2,10000,200,COMPLETED,Pune,Maharashtra,COD
108328,2026-08-24,108,Arjun,503,Chair,Furniture,4,8000,0,COMPLETED,Hyderabad,Telangana,NET_BANKING
108329,2026-08-09,103,Sita,503,Chair,Furniture,1,8000,100,COMPLETED,Chennai,Tamil Nadu,UPI
108330,2026-08-22,104,Kumar,509,Monitor,Electronics,2,20000,500,RETURNED,Bangalore,Karnataka,UPI
108331,2026-08-16,103,Sita,505,Table,Furniture,2,10000,100,COMPLETED,Chennai,Tamil Nadu,COD
108332,2026-08-15,103,Sita,501,Laptop,Electronics,3,60000,0,COMPLETED,Chennai,Tamil Nadu,COD
108333,2026-08-27,106,Ramesh,504,Keyboard,Electronics,4,3000,0,CANCELLED,Pune,Maharashtra,UPI
108334,2026-08-06,107,Lakshmi,504,Keyboard,Electronics,2,3000,5000,COMPLETED,Chennai,Tamil Nadu,CARD
108335,2026-08-06,104,Kumar,506,Headphones,Electronics,1,5000,0,COMPLETED,Bangalore,Karnataka,NET_BANKING
108336,2026-08-31,109,Sneha,504,Keyboard,Electronics,4,3000,1000,COMPLETED,Delhi,Delhi,CARD
108337,2026-08-06,107,Lakshmi,504,Keyboard,Electronics,1,3000,500,RETURNED,Chennai,Tamil Nadu,NET_BANKING
108338,2026-08-18,102,Anil,501,Laptop,Electronics,5,60000,1000,RETURNED,Hyderabad,Telangana,UPI
108339,2026-08-30,109,Sneha,502,Mouse,Electronics,1,1000,500,COMPLETED,Delhi,Delhi,UPI
108340,2026-08-08,108,Arjun,509,Monitor,Electronics,3,20000,100,RETURNED,Hyderabad,Telangana,UPI
108341,2026-08-07,107,Lakshmi,505,Table,Furniture,2,10000,1000,COMPLETED,Chennai,Tamil Nadu,CARD
108342,2026-08-07,105,Priya,504,Keyboard,Electronics,3,3000,5000,CANCELLED,Mumbai,Maharashtra,UPI
108343,2026-08-05,110,Vikram,508,Mobile,Electronics,1,25000,500,COMPLETED,Kolkata,West Bengal,CARD
108344,2026-08-05,103,Sita,505,Table,Furniture,3,10000,200,COMPLETED,Chennai,Tamil Nadu,UPI
108345,2026-08-21,101,Ravi,510,Bookshelf,Furniture,1,12000,5000,COMPLETED,Hyderabad,Telangana,UPI
108346,2026-08-08,107,Lakshmi,504,Keyboard,Electronics,2,3000,500,COMPLETED,Chennai,Tamil Nadu,CARD
108347,2026-08-21,101,Ravi,509,Monitor,Electronics,4,20000,100,COMPLETED,Hyderabad,Telangana,NET_BANKING
108348,2026-08-08,108,Arjun,509,Monitor,Electronics,5,20000,0,COMPLETED,Hyderabad,Telangana,UPI
108349,2026-08-30,103,Sita,502,Mouse,Electronics,2,1000,1000,COMPLETED,Chennai,Tamil Nadu,COD
108350,2026-08-02,110,Vikram,502,Mouse,Electronics,2,1000,500,COMPLETED,Kolkata,West Bengal,CARD
108351,2026-08-09,108,Arjun,503,Chair,Furniture,3,8000,1000,COMPLETED,Hyderabad,Telangana,UPI
108352,2026-08-19,108,Arjun,507,Desk,Furniture,5,15000,0,COMPLETED,Hyderabad,Telangana,CARD
108353,2026-08-03,109,Sneha,504,Keyboard,Electronics,1,3000,5000,COMPLETED,Delhi,Delhi,NET_BANKING
108354,2026-08-13,102,Anil,507,Desk,Furniture,3,15000,0,COMPLETED,Hyderabad,Telangana,UPI
108355,2026-08-09,101,Ravi,506,Headphones,Electronics,3,5000,0,RETURNED,Hyderabad,Telangana,CARD
108356,2026-08-13,108,Arjun,508,Mobile,Electronics,1,25000,0,CANCELLED,Hyderabad,Telangana,CARD
108357,2026-08-13,104,Kumar,502,Mouse,Electronics,2,1000,1000,COMPLETED,Bangalore,Karnataka,NET_BANKING
108358,2026-08-02,102,Anil,501,Laptop,Electronics,1,60000,200,COMPLETED,Hyderabad,Telangana,COD
108359,2026-08-16,109,Sneha,506,Headphones,Electronics,3,5000,200,COMPLETED,Delhi,Delhi,COD
108360,2026-08-09,104,Kumar,509,Monitor,Electronics,4,20000,0,RETURNED,Bangalore,Karnataka,NET_BANKING
108361,2026-08-03,106,Ramesh,509,Monitor,Electronics,4,20000,200,COMPLETED,Pune,Maharashtra,CARD
108362,2026-08-19,102,Anil,503,Chair,Furniture,1,8000,100,COMPLETED,Hyderabad,Telangana,COD
108363,2026-08-05,104,Kumar,508,Mobile,Electronics,3,25000,0,COMPLETED,Bangalore,Karnataka,CARD
108364,2026-08-30,110,Vikram,509,Monitor,Electronics,1,20000,200,RETURNED,Kolkata,West Bengal,UPI
108365,2026-08-13,101,Ravi,503,Chair,Furniture,2,8000,200,COMPLETED,Hyderabad,Telangana,UPI
108366,2026-08-13,106,Ramesh,501,Laptop,Electronics,4,60000,500,COMPLETED,Pune,Maharashtra,CARD
108367,2026-08-28,106,Ramesh,503,Chair,Furniture,2,8000,100,COMPLETED,Pune,Maharashtra,NET_BANKING
108368,2026-08-31,107,Lakshmi,506,Headphones,Electronics,3,5000,5000,COMPLETED,Chennai,Tamil Nadu,CARD
108369,2026-08-20,102,Anil,507,Desk,Furniture,1,15000,500,COMPLETED,Hyderabad,Telangana,NET_BANKING
108370,2026-08-07,110,Vikram,501,Laptop,Electronics,4,60000,1000,COMPLETED,Kolkata,West Bengal,NET_BANKING
108371,2026-08-27,105,Priya,503,Chair,Furniture,2,8000,5000,COMPLETED,Mumbai,Maharashtra,NET_BANKING
108372,2026-08-15,107,Lakshmi,507,Desk,Furniture,4,15000,100,COMPLETED,Chennai,Tamil Nadu,COD
108373,2026-08-03,108,Arjun,507,Desk,Furniture,4,15000,500,COMPLETED,Hyderabad,Telangana,COD
108374,2026-08-09,110,Vikram,501,Laptop,Electronics,3,60000,1000,COMPLETED,Kolkata,West Bengal,CARD
108375,2026-08-23,105,Priya,503,Chair,Furniture,1,8000,1000,COMPLETED,Mumbai,Maharashtra,COD
108376,2026-08-12,105,Priya,503,Chair,Furniture,3,8000,5000,COMPLETED,Mumbai,Maharashtra,UPI
108377,2026-08-08,107,Lakshmi,505,Table,Furniture,4,10000,0,COMPLETED,Chennai,Tamil Nadu,COD
108378,2026-08-10,101,Ravi,504,Keyboard,Electronics,5,3000,5000,COMPLETED,Hyderabad,Telangana,UPI
108379,2026-08-02,102,Anil,507,Desk,Furniture,1,15000,1000,COMPLETED,Hyderabad,Telangana,NET_BANKING
108380,2026-08-20,104,Kumar,510,Bookshelf,Furniture,3,12000,100,COMPLETED,Bangalore,Karnataka,UPI
108381,2026-08-26,106,Ramesh,505,Table,Furniture,2,10000,500,COMPLETED,Pune,Maharashtra,UPI
108382,2026-08-22,106,Ramesh,501,Laptop,Electronics,3,60000,200,COMPLETED,Pune,Maharashtra,COD
108383,2026-08-23,110,Vikram,501,Laptop,Electronics,5,60000,2000,COMPLETED,Kolkata,West Bengal,UPI
108384,2026-08-08,109,Sneha,509,Monitor,Electronics,3,20000,1000,COMPLETED,Delhi,Delhi,CARD
108385,2026-08-11,107,Lakshmi,505,Table,Furniture,3,10000,5000,COMPLETED,Chennai,Tamil Nadu,COD
108386,2026-08-25,110,Vikram,510,Bookshelf,Furniture,4,12000,500,COMPLETED,Kolkata,West Bengal,NET_BANKING
108387,2026-08-21,105,Priya,503,Chair,Furniture,5,8000,0,CANCELLED,Mumbai,Maharashtra,NET_BANKING
108388,2026-08-17,104,Kumar,507,Desk,Furniture,2,15000,5000,COMPLETED,Bangalore,Karnataka,COD
108389,2026-08-19,109,Sneha,505,Table,Furniture,4,10000,1000,COMPLETED,Delhi,Delhi,COD
108390,2026-08-30,109,Sneha,507,Desk,Furniture,4,15000,100,RETURNED,Delhi,Delhi,NET_BANKING
108391,2026-08-25,104,Kumar,501,Laptop,Electronics,5,60000,0,COMPLETED,Bangalore,Karnataka,UPI
108392,2026-08-31,109,Sneha,507,Desk,Furniture,4,15000,500,COMPLETED,Delhi,Delhi,UPI
108393,2026-08-29,102,Anil,510,Bookshelf,Furniture,2,12000,100,COMPLETED,Hyderabad,Telangana,COD
108394,2026-08-21,108,Arjun,502,Mouse,Electronics,5,1000,100,COMPLETED,Hyderabad,Telangana,NET_BANKING
108395,2026-08-15,103,Sita,504,Keyboard,Electronics,1,3000,0,COMPLETED,Chennai,Tamil Nadu,CARD
108396,2026-08-28,110,Vikram,506,Headphones,Electronics,5,5000,2000,COMPLETED,Kolkata,West Bengal,NET_BANKING
108397,2026-08-28,102,Anil,509,Monitor,Electronics,4,20000,1000,COMPLETED,Hyderabad,Telangana,UPI
108398,2026-08-27,106,Ramesh,504,Keyboard,Electronics,2,3000,0,COMPLETED,Pune,Maharashtra,CARD
108399,2026-08-08,107,Lakshmi,502,Mouse,Electronics,1,1000,0,COMPLETED,Chennai,Tamil Nadu,NET_BANKING
108400,2026-08-26,107,Lakshmi,505,Table,Furniture,1,10000,5000,COMPLETED,Chennai,Tamil Nadu,NET_BANKING
108401,2026-08-07,102,Anil,501,Laptop,Electronics,4,60000,5000,COMPLETED,Hyderabad,Telangana,UPI
108402,2026-08-25,107,Lakshmi,510,Bookshelf,Furniture,2,12000,100,CANCELLED,Chennai,Tamil Nadu,NET_BANKING
108403,2026-08-31,101,Ravi,502,Mouse,Electronics,1,1000,5000,COMPLETED,Hyderabad,Telangana,CARD
108404,2026-08-31,101,Ravi,504,Keyboard,Electronics,4,3000,0,COMPLETED,Hyderabad,Telangana,COD
108405,2026-08-09,102,Anil,509,Monitor,Electronics,4,20000,5000,COMPLETED,Hyderabad,Telangana,UPI
108406,2026-08-16,109,Sneha,508,Mobile,Electronics,2,25000,5000,COMPLETED,Delhi,Delhi,UPI
108407,2026-08-26,107,Lakshmi,510,Bookshelf,Furniture,2,12000,5000,COMPLETED,Chennai,Tamil Nadu,CARD
108408,2026-08-14,108,Arjun,505,Table,Furniture,1,10000,0,COMPLETED,Hyderabad,Telangana,UPI
108409,2026-08-30,107,Lakshmi,510,Bookshelf,Furniture,4,12000,5000,COMPLETED,Chennai,Tamil Nadu,UPI
108410,2026-08-23,101,Ravi,510,Bookshelf,Furniture,4,12000,0,COMPLETED,Hyderabad,Telangana,CARD
108411,2026-08-21,103,Sita,506,Headphones,Electronics,4,5000,2000,RETURNED,Chennai,Tamil Nadu,UPI
108412,2026-08-13,109,Sneha,501,Laptop,Electronics,1,60000,0,COMPLETED,Delhi,Delhi,NET_BANKING
108413,2026-08-02,104,Kumar,508,Mobile,Electronics,1,25000,5000,COMPLETED,Bangalore,Karnataka,UPI
108414,2026-08-30,102,Anil,501,Laptop,Electronics,2,60000,100,COMPLETED,Hyderabad,Telangana,UPI
108415,2026-08-18,103,Sita,507,Desk,Furniture,2,15000,0,COMPLETED,Chennai,Tamil Nadu,UPI
108416,2026-08-30,101,Ravi,502,Mouse,Electronics,1,1000,0,CANCELLED,Hyderabad,Telangana,COD
108417,2026-08-26,110,Vikram,504,Keyboard,Electronics,3,3000,0,COMPLETED,Kolkata,West Bengal,COD
108418,2026-08-20,108,Arjun,507,Desk,Furniture,5,15000,5000,COMPLETED,Hyderabad,Telangana,UPI
108419,2026-08-20,102,Anil,505,Table,Furniture,3,10000,0,COMPLETED,Hyderabad,Telangana,COD
108420,2026-08-18,104,Kumar,503,Chair,Furniture,2,8000,100,COMPLETED,Bangalore,Karnataka,UPI
108421,2026-08-09,110,Vikram,507,Desk,Furniture,2,15000,1000,COMPLETED,Kolkata,West Bengal,COD
108422,2026-08-15,102,Anil,507,Desk,Furniture,2,15000,0,COMPLETED,Hyderabad,Telangana,COD
108423,2026-08-27,101,Ravi,503,Chair,Furniture,3,8000,500,COMPLETED,Hyderabad,Telangana,COD
108424,2026-08-02,106,Ramesh,506,Headphones,Electronics,2,5000,500,CANCELLED,Pune,Maharashtra,CARD
108425,2026-08-22,102,Anil,509,Monitor,Electronics,2,20000,1000,COMPLETED,Hyderabad,Telangana,UPI
108426,2026-08-31,106,Ramesh,508,Mobile,Electronics,3,25000,1000,COMPLETED,Pune,Maharashtra,CARD
108427,2026-08-31,105,Priya,503,Chair,Furniture,3,8000,100,COMPLETED,Mumbai,Maharashtra,CARD
108428,2026-08-06,104,Kumar,506,Headphones,Electronics,2,5000,0,COMPLETED,Bangalore,Karnataka,COD
108429,2026-08-17,106,Ramesh,505,Table,Furniture,4,10000,5000,COMPLETED,Pune,Maharashtra,CARD
108430,2026-08-05,103,Sita,501,Laptop,Electronics,1,60000,2000,COMPLETED,Chennai,Tamil Nadu,CARD
108431,2026-08-01,110,Vikram,503,Chair,Furniture,2,8000,0,RETURNED,Kolkata,West Bengal,COD
108432,2026-08-27,108,Arjun,507,Desk,Furniture,4,15000,500,COMPLETED,Hyderabad,Telangana,CARD
108433,2026-08-24,103,Sita,509,Monitor,Electronics,4,20000,0,COMPLETED,Chennai,Tamil Nadu,CARD
108434,2026-08-02,110,Vikram,501,Laptop,Electronics,3,60000,2000,COMPLETED,Kolkata,West Bengal,UPI
108435,2026-08-14,110,Vikram,507,Desk,Furniture,4,15000,5000,RETURNED,Kolkata,West Bengal,COD
108436,2026-08-13,103,Sita,510,Bookshelf,Furniture,1,12000,100,CANCELLED,Chennai,Tamil Nadu,COD
108437,2026-08-20,105,Priya,510,Bookshelf,Furniture,1,12000,0,COMPLETED,Mumbai,Maharashtra,COD
108438,2026-08-10,102,Anil,507,Desk,Furniture,5,15000,1000,COMPLETED,Hyderabad,Telangana,NET_BANKING
108439,2026-08-24,109,Sneha,505,Table,Furniture,3,10000,2000,COMPLETED,Delhi,Delhi,COD
108440,2026-08-08,108,Arjun,502,Mouse,Electronics,4,1000,0,COMPLETED,Hyderabad,Telangana,CARD
108441,2026-08-15,105,Priya,503,Chair,Furniture,5,8000,200,COMPLETED,Mumbai,Maharashtra,CARD
108442,2026-08-25,109,Sneha,508,Mobile,Electronics,2,25000,100,RETURNED,Delhi,Delhi,CARD
108443,2026-08-14,108,Arjun,507,Desk,Furniture,3,15000,500,RETURNED,Hyderabad,Telangana,NET_BANKING
108444,2026-08-28,103,Sita,508,Mobile,Electronics,3,25000,500,COMPLETED,Chennai,Tamil Nadu,NET_BANKING
108445,2026-08-21,106,Ramesh,505,Table,Furniture,1,10000,200,CANCELLED,Pune,Maharashtra,UPI
108446,2026-08-21,101,Ravi,503,Chair,Furniture,1,8000,500,COMPLETED,Hyderabad,Telangana,COD
108447,2026-08-25,107,Lakshmi,506,Headphones,Electronics,5,5000,500,COMPLETED,Chennai,Tamil Nadu,CARD
108448,2026-08-06,109,Sneha,509,Monitor,Electronics,2,20000,100,COMPLETED,Delhi,Delhi,NET_BANKING
108449,2026-08-07,106,Ramesh,504,Keyboard,Electronics,3,3000,2000,COMPLETED,Pune,Maharashtra,CARD
108450,2026-08-20,103,Sita,509,Monitor,Electronics,4,20000,1000,RETURNED,Chennai,Tamil Nadu,COD
108451,2026-08-20,106,Ramesh,505,Table,Furniture,2,10000,0,COMPLETED,Pune,Maharashtra,UPI
108452,2026-08-08,102,Anil,504,Keyboard,Electronics,4,3000,2000,COMPLETED,Hyderabad,Telangana,UPI
108453,2026-08-16,106,Ramesh,508,Mobile,Electronics,1,25000,0,COMPLETED,Pune,Maharashtra,UPI
108454,2026-08-12,102,Anil,502,Mouse,Electronics,5,1000,0,COMPLETED,Hyderabad,Telangana,COD
108455,2026-08-03,103,Sita,504,Keyboard,Electronics,3,3000,200,COMPLETED,Chennai,Tamil Nadu,NET_BANKING
108456,2026-08-03,103,Sita,509,Monitor,Electronics,1,20000,1000,COMPLETED,Chennai,Tamil Nadu,COD
108457,2026-08-02,107,Lakshmi,506,Headphones,Electronics,5,5000,0,COMPLETED,Chennai,Tamil Nadu,CARD
108458,2026-08-29,110,Vikram,508,Mobile,Electronics,3,25000,0,COMPLETED,Kolkata,West Bengal,COD
108459,2026-08-04,110,Vikram,503,Chair,Furniture,3,8000,0,COMPLETED,Kolkata,West Bengal,UPI
108460,2026-08-21,101,Ravi,501,Laptop,Electronics,5,60000,500,COMPLETED,Hyderabad,Telangana,CARD
108461,2026-08-05,101,Ravi,501,Laptop,Electronics,4,60000,5000,COMPLETED,Hyderabad,Telangana,CARD
108462,2026-08-11,101,Ravi,507,Desk,Furniture,4,15000,500,COMPLETED,Hyderabad,Telangana,COD
108463,2026-08-18,107,Lakshmi,504,Keyboard,Electronics,1,3000,100,COMPLETED,Chennai,Tamil Nadu,CARD
108464,2026-08-26,103,Sita,507,Desk,Furniture,4,15000,2000,CANCELLED,Chennai,Tamil Nadu,CARD
108465,2026-08-10,102,Anil,502,Mouse,Electronics,2,1000,0,RETURNED,Hyderabad,Telangana,UPI
108466,2026-08-08,108,Arjun,506,Headphones,Electronics,5,5000,5000,COMPLETED,Hyderabad,Telangana,NET_BANKING
108467,2026-08-28,102,Anil,505,Table,Furniture,2,10000,2000,CANCELLED,Hyderabad,Telangana,NET_BANKING
108468,2026-08-08,103,Sita,510,Bookshelf,Furniture,1,12000,2000,CANCELLED,Chennai,Tamil Nadu,NET_BANKING
108469,2026-08-10,107,Lakshmi,502,Mouse,Electronics,2,1000,200,CANCELLED,Chennai,Tamil Nadu,UPI
108470,2026-08-10,107,Lakshmi,508,Mobile,Electronics,2,25000,1000,COMPLETED,Chennai,Tamil Nadu,UPI
108471,2026-08-10,106,Ramesh,509,Monitor,Electronics,4,20000,500,COMPLETED,Pune,Maharashtra,NET_BANKING
108472,2026-08-05,108,Arjun,506,Headphones,Electronics,5,5000,5000,COMPLETED,Hyderabad,Telangana,NET_BANKING
108473,2026-08-15,106,Ramesh,510,Bookshelf,Furniture,5,12000,100,COMPLETED,Pune,Maharashtra,NET_BANKING
108474,2026-08-23,106,Ramesh,506,Headphones,Electronics,3,5000,0,CANCELLED,Pune,Maharashtra,NET_BANKING
108475,2026-08-01,103,Sita,502,Mouse,Electronics,1,1000,0,COMPLETED,Chennai,Tamil Nadu,COD
108476,2026-08-25,102,Anil,502,Mouse,Electronics,4,1000,5000,COMPLETED,Hyderabad,Telangana,NET_BANKING
108477,2026-08-07,105,Priya,506,Headphones,Electronics,5,5000,0,CANCELLED,Mumbai,Maharashtra,NET_BANKING
108478,2026-08-18,108,Arjun,510,Bookshelf,Furniture,4,12000,2000,COMPLETED,Hyderabad,Telangana,COD
108479,2026-08-28,110,Vikram,503,Chair,Furniture,2,8000,200,COMPLETED,Kolkata,West Bengal,NET_BANKING
108480,2026-08-02,104,Kumar,501,Laptop,Electronics,2,60000,1000,CANCELLED,Bangalore,Karnataka,NET_BANKING
108481,2026-08-11,104,Kumar,510,Bookshelf,Furniture,2,12000,1000,COMPLETED,Bangalore,Karnataka,CARD
108482,2026-08-22,108,Arjun,508,Mobile,Electronics,2,25000,0,COMPLETED,Hyderabad,Telangana,NET_BANKING
108483,2026-08-12,103,Sita,505,Table,Furniture,5,10000,5000,COMPLETED,Chennai,Tamil Nadu,UPI
108484,2026-08-24,104,Kumar,502,Mouse,Electronics,1,1000,0,COMPLETED,Bangalore,Karnataka,NET_BANKING
108485,2026-08-08,102,Anil,508,Mobile,Electronics,2,25000,1000,COMPLETED,Hyderabad,Telangana,CARD
108486,2026-08-29,107,Lakshmi,503,Chair,Furniture,3,8000,100,COMPLETED,Chennai,Tamil Nadu,NET_BANKING
108487,2026-08-14,102,Anil,506,Headphones,Electronics,5,5000,500,COMPLETED,Hyderabad,Telangana,CARD
108488,2026-08-29,109,Sneha,508,Mobile,Electronics,5,25000,5000,COMPLETED,Delhi,Delhi,COD
108489,2026-08-11,102,Anil,504,Keyboard,Electronics,5,3000,200,COMPLETED,Hyderabad,Telangana,UPI
108490,2026-08-26,101,Ravi,506,Headphones,Electronics,3,5000,100,COMPLETED,Hyderabad,Telangana,COD
108491,2026-08-07,103,Sita,508,Mobile,Electronics,5,25000,2000,COMPLETED,Chennai,Tamil Nadu,CARD
108492,2026-08-14,104,Kumar,502,Mouse,Electronics,1,1000,100,COMPLETED,Bangalore,Karnataka,CARD
108493,2026-08-22,109,Sneha,507,Desk,Furniture,5,15000,5000,COMPLETED,Delhi,Delhi,NET_BANKING
108494,2026-08-16,103,Sita,508,Mobile,Electronics,3,25000,0,COMPLETED,Chennai,Tamil Nadu,CARD
108495,2026-08-26,107,Lakshmi,508,Mobile,Electronics,2,25000,0,CANCELLED,Chennai,Tamil Nadu,COD
108496,2026-08-27,106,Ramesh,501,Laptop,Electronics,4,60000,2000,COMPLETED,Pune,Maharashtra,UPI
108497,2026-08-11,103,Sita,509,Monitor,Electronics,4,20000,1000,COMPLETED,Chennai,Tamil Nadu,NET_BANKING
108498,2026-08-14,105,Priya,502,Mouse,Electronics,3,1000,200,COMPLETED,Mumbai,Maharashtra,UPI
108499,2026-08-11,102,Anil,502,Mouse,Electronics,4,1000,1000,COMPLETED,Hyderabad,Telangana,UPI
108500,2026-08-24,103,Sita,507,Desk,Furniture,2,15000,0,COMPLETED,Chennai,Tamil Nadu,UPI
108501,2026-08-23,107,Lakshmi,501,Laptop,Electronics,2,60000,2000,COMPLETED,Chennai,Tamil Nadu,CARD
108502,2026-08-24,104,Kumar,506,Headphones,Electronics,1,5000,1000,COMPLETED,Bangalore,Karnataka,CARD
108503,2026-08-14,110,Vikram,502,Mouse,Electronics,3,1000,2000,COMPLETED,Kolkata,West Bengal,CARD
108504,2026-08-24,101,Ravi,508,Mobile,Electronics,2,25000,5000,COMPLETED,Hyderabad,Telangana,NET_BANKING
108505,2026-08-22,109,Sneha,505,Table,Furniture,3,10000,500,COMPLETED,Delhi,Delhi,CARD
108506,2026-08-15,101,Ravi,501,Laptop,Electronics,3,60000,1000,CANCELLED,Hyderabad,Telangana,COD
108507,2026-08-30,108,Arjun,508,Mobile,Electronics,3,25000,0,COMPLETED,Hyderabad,Telangana,NET_BANKING
108508,2026-08-28,107,Lakshmi,506,Headphones,Electronics,1,5000,200,COMPLETED,Chennai,Tamil Nadu,COD
108509,2026-08-25,104,Kumar,504,Keyboard,Electronics,2,3000,1000,COMPLETED,Bangalore,Karnataka,CARD
108510,2026-08-02,107,Lakshmi,504,Keyboard,Electronics,3,3000,5000,CANCELLED,Chennai,Tamil Nadu,NET_BANKING
108511,2026-08-27,108,Arjun,509,Monitor,Electronics,4,20000,2000,COMPLETED,Hyderabad,Telangana,COD
108512,2026-08-27,101,Ravi,503,Chair,Furniture,3,8000,0,COMPLETED,Hyderabad,Telangana,COD
108513,2026-08-02,107,Lakshmi,507,Desk,Furniture,4,15000,1000,COMPLETED,Chennai,Tamil Nadu,NET_BANKING
108514,2026-08-03,103,Sita,507,Desk,Furniture,1,15000,2000,COMPLETED,Chennai,Tamil Nadu,COD
108515,2026-08-28,106,Ramesh,506,Headphones,Electronics,2,5000,100,COMPLETED,Pune,Maharashtra,NET_BANKING
108516,2026-08-28,108,Arjun,505,Table,Furniture,1,10000,500,COMPLETED,Hyderabad,Telangana,CARD
108517,2026-08-22,105,Priya,501,Laptop,Electronics,3,60000,200,COMPLETED,Mumbai,Maharashtra,COD
108518,2026-08-17,109,Sneha,505,Table,Furniture,2,10000,1000,COMPLETED,Delhi,Delhi,COD
108519,2026-08-01,101,Ravi,501,Laptop,Electronics,1,60000,100,COMPLETED,Hyderabad,Telangana,COD
108520,2026-08-21,102,Anil,507,Desk,Furniture,2,15000,0,COMPLETED,Hyderabad,Telangana,CARD
108521,2026-08-16,110,Vikram,503,Chair,Furniture,1,8000,0,COMPLETED,Kolkata,West Bengal,CARD
108522,2026-08-31,109,Sneha,502,Mouse,Electronics,5,1000,5000,COMPLETED,Delhi,Delhi,CARD
108523,2026-08-11,102,Anil,507,Desk,Furniture,1,15000,0,COMPLETED,Hyderabad,Telangana,UPI
108524,2026-08-15,108,Arjun,506,Headphones,Electronics,4,5000,0,COMPLETED,Hyderabad,Telangana,UPI
108525,2026-08-23,109,Sneha,507,Desk,Furniture,4,15000,1000,RETURNED,Delhi,Delhi,CARD
108526,2026-08-05,103,Sita,507,Desk,Furniture,3,15000,0,COMPLETED,Chennai,Tamil Nadu,CARD
108527,2026-08-08,109,Sneha,510,Bookshelf,Furniture,2,12000,0,COMPLETED,Delhi,Delhi,COD
108528,2026-08-16,106,Ramesh,502,Mouse,Electronics,4,1000,200,COMPLETED,Pune,Maharashtra,CARD
108529,2026-08-25,102,Anil,510,Bookshelf,Furniture,4,12000,500,COMPLETED,Hyderabad,Telangana,CARD
108530,2026-08-11,102,Anil,504,Keyboard,Electronics,2,3000,5000,CANCELLED,Hyderabad,Telangana,COD
108531,2026-08-11,103,Sita,506,Headphones,Electronics,5,5000,200,COMPLETED,Chennai,Tamil Nadu,COD
108532,2026-08-03,106,Ramesh,502,Mouse,Electronics,5,1000,100,COMPLETED,Pune,Maharashtra,COD
108533,2026-08-04,107,Lakshmi,506,Headphones,Electronics,4,5000,200,COMPLETED,Chennai,Tamil Nadu,UPI
108534,2026-08-16,108,Arjun,503,Chair,Furniture,1,8000,1000,COMPLETED,Hyderabad,Telangana,CARD
108535,2026-08-18,107,Lakshmi,503,Chair,Furniture,1,8000,200,COMPLETED,Chennai,Tamil Nadu,UPI
108536,2026-08-01,104,Kumar,506,Headphones,Electronics,2,5000,200,COMPLETED,Bangalore,Karnataka,COD
108537,2026-08-10,101,Ravi,508,Mobile,Electronics,5,25000,2000,COMPLETED,Hyderabad,Telangana,COD
108538,2026-08-10,106,Ramesh,508,Mobile,Electronics,3,25000,2000,CANCELLED,Pune,Maharashtra,NET_BANKING
108539,2026-08-18,105,Priya,505,Table,Furniture,2,10000,0,COMPLETED,Mumbai,Maharashtra,COD
108540,2026-08-18,104,Kumar,510,Bookshelf,Furniture,2,12000,0,RETURNED,Bangalore,Karnataka,CARD
108541,2026-08-17,106,Ramesh,506,Headphones,Electronics,5,5000,5000,COMPLETED,Pune,Maharashtra,NET_BANKING
108542,2026-08-02,101,Ravi,506,Headphones,Electronics,2,5000,0,COMPLETED,Hyderabad,Telangana,UPI
108543,2026-08-25,104,Kumar,505,Table,Furniture,4,10000,1000,COMPLETED,Bangalore,Karnataka,COD
108544,2026-08-20,106,Ramesh,507,Desk,Furniture,5,15000,2000,CANCELLED,Pune,Maharashtra,CARD
108545,2026-08-26,109,Sneha,508,Mobile,Electronics,3,25000,500,COMPLETED,Delhi,Delhi,COD
108546,2026-08-10,102,Anil,504,Keyboard,Electronics,1,3000,100,COMPLETED,Hyderabad,Telangana,CARD
108547,2026-08-09,109,Sneha,504,Keyboard,Electronics,1,3000,0,COMPLETED,Delhi,Delhi,NET_BANKING
108548,2026-08-20,108,Arjun,503,Chair,Furniture,5,8000,5000,COMPLETED,Hyderabad,Telangana,COD
108549,2026-08-25,106,Ramesh,507,Desk,Furniture,2,15000,0,COMPLETED,Pune,Maharashtra,COD
108550,2026-08-29,101,Ravi,504,Keyboard,Electronics,5,3000,200,COMPLETED,Hyderabad,Telangana,COD
108551,2026-08-15,108,Arjun,508,Mobile,Electronics,3,25000,500,COMPLETED,Hyderabad,Telangana,UPI
108552,2026-08-07,109,Sneha,505,Table,Furniture,5,10000,5000,COMPLETED,Delhi,Delhi,UPI
108553,2026-08-23,109,Sneha,503,Chair,Furniture,1,8000,0,COMPLETED,Delhi,Delhi,NET_BANKING
108554,2026-08-24,101,Ravi,510,Bookshelf,Furniture,2,12000,1000,CANCELLED,Hyderabad,Telangana,CARD
108555,2026-08-30,108,Arjun,502,Mouse,Electronics,4,1000,200,CANCELLED,Hyderabad,Telangana,CARD
108556,2026-08-03,101,Ravi,504,Keyboard,Electronics,1,3000,2000,COMPLETED,Hyderabad,Telangana,COD
108557,2026-08-23,105,Priya,507,Desk,Furniture,3,15000,0,COMPLETED,Mumbai,Maharashtra,NET_BANKING
108558,2026-08-26,108,Arjun,509,Monitor,Electronics,5,20000,5000,CANCELLED,Hyderabad,Telangana,COD
108559,2026-08-17,109,Sneha,509,Monitor,Electronics,3,20000,1000,COMPLETED,Delhi,Delhi,COD
108560,2026-08-15,110,Vikram,506,Headphones,Electronics,5,5000,5000,COMPLETED,Kolkata,West Bengal,UPI
108561,2026-08-03,105,Priya,510,Bookshelf,Furniture,4,12000,500,COMPLETED,Mumbai,Maharashtra,UPI
108562,2026-08-30,110,Vikram,501,Laptop,Electronics,4,60000,100,COMPLETED,Kolkata,West Bengal,NET_BANKING
108563,2026-08-18,102,Anil,501,Laptop,Electronics,2,60000,100,RETURNED,Hyderabad,Telangana,COD
108564,2026-08-13,109,Sneha,507,Desk,Furniture,5,15000,2000,COMPLETED,Delhi,Delhi,NET_BANKING
108565,2026-08-01,103,Sita,501,Laptop,Electronics,2,60000,100,COMPLETED,Chennai,Tamil Nadu,NET_BANKING
108566,2026-08-02,101,Ravi,504,Keyboard,Electronics,3,3000,100,COMPLETED,Hyderabad,Telangana,UPI
108567,2026-08-25,102,Anil,505,Table,Furniture,2,10000,0,CANCELLED,Hyderabad,Telangana,COD
108568,2026-08-28,107,Lakshmi,506,Headphones,Electronics,1,5000,200,COMPLETED,Chennai,Tamil Nadu,NET_BANKING
108569,2026-08-10,103,Sita,510,Bookshelf,Furniture,5,12000,1000,COMPLETED,Chennai,Tamil Nadu,COD
108570,2026-08-23,101,Ravi,504,Keyboard,Electronics,5,3000,2000,CANCELLED,Hyderabad,Telangana,UPI
108571,2026-08-09,101,Ravi,509,Monitor,Electronics,5,20000,100,RETURNED,Hyderabad,Telangana,COD
108572,2026-08-25,101,Ravi,505,Table,Furniture,3,10000,200,COMPLETED,Hyderabad,Telangana,COD
108573,2026-08-13,109,Sneha,508,Mobile,Electronics,1,25000,100,CANCELLED,Delhi,Delhi,COD
108574,2026-08-13,107,Lakshmi,508,Mobile,Electronics,2,25000,0,COMPLETED,Chennai,Tamil Nadu,CARD
108575,2026-08-21,106,Ramesh,505,Table,Furniture,3,10000,2000,RETURNED,Pune,Maharashtra,UPI
108576,2026-08-28,105,Priya,504,Keyboard,Electronics,1,3000,1000,CANCELLED,Mumbai,Maharashtra,CARD
108577,2026-08-22,109,Sneha,504,Keyboard,Electronics,3,3000,1000,COMPLETED,Delhi,Delhi,UPI
108578,2026-08-02,103,Sita,501,Laptop,Electronics,5,60000,1000,COMPLETED,Chennai,Tamil Nadu,UPI
108579,2026-08-25,105,Priya,501,Laptop,Electronics,1,60000,100,COMPLETED,Mumbai,Maharashtra,UPI
108580,2026-08-07,108,Arjun,501,Laptop,Electronics,4,60000,500,COMPLETED,Hyderabad,Telangana,CARD
108581,2026-08-07,108,Arjun,504,Keyboard,Electronics,1,3000,200,COMPLETED,Hyderabad,Telangana,CARD
108582,2026-08-10,105,Priya,502,Mouse,Electronics,4,1000,0,COMPLETED,Mumbai,Maharashtra,COD
108583,2026-08-28,107,Lakshmi,503,Chair,Furniture,1,8000,5000,COMPLETED,Chennai,Tamil Nadu,NET_BANKING
108584,2026-08-06,103,Sita,510,Bookshelf,Furniture,1,12000,0,COMPLETED,Chennai,Tamil Nadu,COD
108585,2026-08-29,103,Sita,508,Mobile,Electronics,3,25000,100,COMPLETED,Chennai,Tamil Nadu,NET_BANKING
108586,2026-08-25,102,Anil,508,Mobile,Electronics,3,25000,0,CANCELLED,Hyderabad,Telangana,COD
108587,2026-08-08,110,Vikram,507,Desk,Furniture,1,15000,200,COMPLETED,Kolkata,West Bengal,NET_BANKING
108588,2026-08-19,101,Ravi,505,Table,Furniture,4,10000,0,COMPLETED,Hyderabad,Telangana,COD
108589,2026-08-20,106,Ramesh,502,Mouse,Electronics,4,1000,2000,COMPLETED,Pune,Maharashtra,COD
108590,2026-08-12,102,Anil,505,Table,Furniture,4,10000,0,COMPLETED,Hyderabad,Telangana,NET_BANKING
108591,2026-08-25,109,Sneha,507,Desk,Furniture,5,15000,2000,COMPLETED,Delhi,Delhi,CARD
108592,2026-08-12,108,Arjun,509,Monitor,Electronics,4,20000,5000,COMPLETED,Hyderabad,Telangana,COD
108593,2026-08-03,102,Anil,503,Chair,Furniture,5,8000,200,CANCELLED,Hyderabad,Telangana,UPI
108594,2026-08-24,108,Arjun,507,Desk,Furniture,4,15000,0,CANCELLED,Hyderabad,Telangana,COD
108595,2026-08-05,101,Ravi,501,Laptop,Electronics,2,60000,5000,COMPLETED,Hyderabad,Telangana,COD
108596,2026-08-10,103,Sita,505,Table,Furniture,3,10000,100,COMPLETED,Chennai,Tamil Nadu,NET_BANKING
108597,2026-08-23,104,Kumar,501,Laptop,Electronics,1,60000,200,COMPLETED,Bangalore,Karnataka,COD
108598,2026-08-14,109,Sneha,501,Laptop,Electronics,3,60000,2000,COMPLETED,Delhi,Delhi,NET_BANKING
108599,2026-08-22,110,Vikram,502,Mouse,Electronics,5,1000,2000,COMPLETED,Kolkata,West Bengal,NET_BANKING
108600,2026-08-16,110,Vikram,509,Monitor,Electronics,3,20000,200,CANCELLED,Kolkata,West Bengal,CARD
108601,2026-08-24,101,Ravi,504,Keyboard,Electronics,5,3000,100,COMPLETED,Hyderabad,Telangana,COD
108602,2026-08-17,109,Sneha,507,Desk,Furniture,4,15000,0,COMPLETED,Delhi,Delhi,CARD
108603,2026-08-12,108,Arjun,506,Headphones,Electronics,4,5000,1000,COMPLETED,Hyderabad,Telangana,NET_BANKING
108604,2026-08-29,108,Arjun,507,Desk,Furniture,3,15000,200,COMPLETED,Hyderabad,Telangana,CARD
108605,2026-08-10,105,Priya,507,Desk,Furniture,2,15000,0,COMPLETED,Mumbai,Maharashtra,UPI
108606,2026-08-05,104,Kumar,503,Chair,Furniture,2,8000,1000,COMPLETED,Bangalore,Karnataka,NET_BANKING
108607,2026-08-03,101,Ravi,505,Table,Furniture,2,10000,100,COMPLETED,Hyderabad,Telangana,COD
108608,2026-08-23,105,Priya,504,Keyboard,Electronics,3,3000,0,COMPLETED,Mumbai,Maharashtra,NET_BANKING
108609,2026-08-31,106,Ramesh,506,Headphones,Electronics,4,5000,200,COMPLETED,Pune,Maharashtra,NET_BANKING
108610,2026-08-22,110,Vikram,503,Chair,Furniture,4,8000,2000,COMPLETED,Kolkata,West Bengal,CARD
108611,2026-08-15,105,Priya,508,Mobile,Electronics,4,25000,0,COMPLETED,Mumbai,Maharashtra,CARD
108612,2026-08-16,109,Sneha,501,Laptop,Electronics,1,60000,0,COMPLETED,Delhi,Delhi,CARD
108613,2026-08-17,105,Priya,506,Headphones,Electronics,5,5000,2000,COMPLETED,Mumbai,Maharashtra,UPI
108614,2026-08-08,108,Arjun,510,Bookshelf,Furniture,5,12000,2000,COMPLETED,Hyderabad,Telangana,COD
108615,2026-08-22,110,Vikram,504,Keyboard,Electronics,2,3000,200,COMPLETED,Kolkata,West Bengal,CARD
108616,2026-08-15,104,Kumar,509,Monitor,Electronics,4,20000,200,COMPLETED,Bangalore,Karnataka,COD
108617,2026-08-26,109,Sneha,510,Bookshelf,Furniture,5,12000,100,COMPLETED,Delhi,Delhi,UPI
108618,2026-08-18,108,Arjun,504,Keyboard,Electronics,4,3000,0,COMPLETED,Hyderabad,Telangana,NET_BANKING
108619,2026-08-08,103,Sita,503,Chair,Furniture,3,8000,0,COMPLETED,Chennai,Tamil Nadu,CARD
108620,2026-08-16,108,Arjun,509,Monitor,Electronics,2,20000,1000,COMPLETED,Hyderabad,Telangana,UPI
108621,2026-08-17,110,Vikram,510,Bookshelf,Furniture,1,12000,2000,COMPLETED,Kolkata,West Bengal,NET_BANKING
108622,2026-08-01,110,Vikram,507,Desk,Furniture,2,15000,200,COMPLETED,Kolkata,West Bengal,CARD
108623,2026-08-24,110,Vikram,510,Bookshelf,Furniture,3,12000,0,COMPLETED,Kolkata,West Bengal,COD
108624,2026-08-24,108,Arjun,503,Chair,Furniture,2,8000,2000,COMPLETED,Hyderabad,Telangana,COD
108625,2026-08-03,103,Sita,509,Monitor,Electronics,1,20000,5000,COMPLETED,Chennai,Tamil Nadu,COD
108626,2026-08-26,108,Arjun,508,Mobile,Electronics,5,25000,2000,COMPLETED,Hyderabad,Telangana,CARD
108627,2026-08-03,110,Vikram,508,Mobile,Electronics,5,25000,0,COMPLETED,Kolkata,West Bengal,UPI
108628,2026-08-15,106,Ramesh,510,Bookshelf,Furniture,3,12000,2000,COMPLETED,Pune,Maharashtra,CARD
108629,2026-08-12,104,Kumar,501,Laptop,Electronics,2,60000,5000,COMPLETED,Bangalore,Karnataka,UPI
108630,2026-08-09,107,Lakshmi,503,Chair,Furniture,2,8000,2000,COMPLETED,Chennai,Tamil Nadu,UPI
108631,2026-08-05,104,Kumar,504,Keyboard,Electronics,3,3000,5000,COMPLETED,Bangalore,Karnataka,CARD
108632,2026-08-04,107,Lakshmi,506,Headphones,Electronics,5,5000,500,RETURNED,Chennai,Tamil Nadu,UPI
108633,2026-08-27,110,Vikram,509,Monitor,Electronics,4,20000,2000,COMPLETED,Kolkata,West Bengal,CARD
108634,2026-08-10,103,Sita,510,Bookshelf,Furniture,1,12000,2000,COMPLETED,Chennai,Tamil Nadu,NET_BANKING
108635,2026-08-09,108,Arjun,503,Chair,Furniture,4,8000,2000,COMPLETED,Hyderabad,Telangana,NET_BANKING
108636,2026-08-26,108,Arjun,503,Chair,Furniture,4,8000,1000,COMPLETED,Hyderabad,Telangana,UPI
108637,2026-08-18,108,Arjun,503,Chair,Furniture,3,8000,200,COMPLETED,Hyderabad,Telangana,NET_BANKING
108638,2026-08-01,109,Sneha,501,Laptop,Electronics,5,60000,2000,COMPLETED,Delhi,Delhi,CARD
108639,2026-08-23,105,Priya,506,Headphones,Electronics,1,5000,1000,COMPLETED,Mumbai,Maharashtra,NET_BANKING
108640,2026-08-10,110,Vikram,501,Laptop,Electronics,5,60000,5000,RETURNED,Kolkata,West Bengal,CARD
108641,2026-08-16,106,Ramesh,510,Bookshelf,Furniture,3,12000,500,COMPLETED,Pune,Maharashtra,NET_BANKING
108642,2026-08-13,106,Ramesh,504,Keyboard,Electronics,3,3000,2000,COMPLETED,Pune,Maharashtra,UPI
108643,2026-08-24,108,Arjun,508,Mobile,Electronics,5,25000,5000,COMPLETED,Hyderabad,Telangana,CARD
108644,2026-08-05,103,Sita,503,Chair,Furniture,4,8000,500,COMPLETED,Chennai,Tamil Nadu,UPI
108645,2026-08-08,106,Ramesh,504,Keyboard,Electronics,1,3000,0,COMPLETED,Pune,Maharashtra,COD
108646,2026-08-15,101,Ravi,503,Chair,Furniture,3,8000,0,COMPLETED,Hyderabad,Telangana,COD
108647,2026-08-25,110,Vikram,508,Mobile,Electronics,4,25000,200,COMPLETED,Kolkata,West Bengal,UPI
108648,2026-08-09,106,Ramesh,502,Mouse,Electronics,3,1000,200,COMPLETED,Pune,Maharashtra,COD
108649,2026-08-04,110,Vikram,501,Laptop,Electronics,4,60000,0,COMPLETED,Kolkata,West Bengal,UPI
108650,2026-08-28,108,Arjun,506,Headphones,Electronics,1,5000,0,COMPLETED,Hyderabad,Telangana,COD
108651,2026-08-22,110,Vikram,510,Bookshelf,Furniture,1,12000,1000,COMPLETED,Kolkata,West Bengal,NET_BANKING
108652,2026-08-28,110,Vikram,504,Keyboard,Electronics,5,3000,100,COMPLETED,Kolkata,West Bengal,NET_BANKING
108653,2026-08-12,105,Priya,506,Headphones,Electronics,4,5000,1000,COMPLETED,Mumbai,Maharashtra,CARD
108654,2026-08-04,103,Sita,503,Chair,Furniture,3,8000,500,COMPLETED,Chennai,Tamil Nadu,UPI
108655,2026-08-26,104,Kumar,510,Bookshelf,Furniture,5,12000,1000,COMPLETED,Bangalore,Karnataka,UPI
108656,2026-08-19,108,Arjun,507,Desk,Furniture,5,15000,200,COMPLETED,Hyderabad,Telangana,UPI
108657,2026-08-03,104,Kumar,509,Monitor,Electronics,3,20000,2000,COMPLETED,Bangalore,Karnataka,NET_BANKING
108658,2026-08-16,110,Vikram,501,Laptop,Electronics,1,60000,1000,CANCELLED,Kolkata,West Bengal,COD
108659,2026-08-23,110,Vikram,506,Headphones,Electronics,1,5000,0,COMPLETED,Kolkata,West Bengal,CARD
108660,2026-08-21,107,Lakshmi,502,Mouse,Electronics,1,1000,100,COMPLETED,Chennai,Tamil Nadu,COD
108661,2026-08-23,105,Priya,501,Laptop,Electronics,5,60000,0,COMPLETED,Mumbai,Maharashtra,COD
108662,2026-08-22,104,Kumar,501,Laptop,Electronics,4,60000,200,COMPLETED,Bangalore,Karnataka,CARD
108663,2026-08-11,102,Anil,505,Table,Furniture,2,10000,5000,COMPLETED,Hyderabad,Telangana,COD
108664,2026-08-19,103,Sita,509,Monitor,Electronics,2,20000,0,RETURNED,Chennai,Tamil Nadu,CARD
108665,2026-08-02,109,Sneha,505,Table,Furniture,3,10000,100,COMPLETED,Delhi,Delhi,NET_BANKING
108666,2026-08-13,101,Ravi,506,Headphones,Electronics,1,5000,200,RETURNED,Hyderabad,Telangana,UPI
108667,2026-08-05,110,Vikram,502,Mouse,Electronics,4,1000,0,COMPLETED,Kolkata,West Bengal,NET_BANKING
108668,2026-08-14,109,Sneha,510,Bookshelf,Furniture,3,12000,500,COMPLETED,Delhi,Delhi,UPI
108669,2026-08-09,109,Sneha,505,Table,Furniture,1,10000,200,COMPLETED,Delhi,Delhi,COD
108670,2026-08-15,106,Ramesh,505,Table,Furniture,1,10000,100,COMPLETED,Pune,Maharashtra,UPI
108671,2026-08-17,106,Ramesh,505,Table,Furniture,4,10000,500,COMPLETED,Pune,Maharashtra,COD
108672,2026-08-13,101,Ravi,506,Headphones,Electronics,4,5000,100,COMPLETED,Hyderabad,Telangana,UPI
108673,2026-08-13,101,Ravi,506,Headphones,Electronics,1,5000,500,COMPLETED,Hyderabad,Telangana,COD
108674,2026-08-01,102,Anil,506,Headphones,Electronics,1,5000,100,RETURNED,Hyderabad,Telangana,CARD
108675,2026-08-14,106,Ramesh,501,Laptop,Electronics,4,60000,1000,COMPLETED,Pune,Maharashtra,COD
108676,2026-08-01,101,Ravi,506,Headphones,Electronics,3,5000,0,COMPLETED,Hyderabad,Telangana,NET_BANKING
108677,2026-08-14,106,Ramesh,508,Mobile,Electronics,3,25000,5000,COMPLETED,Pune,Maharashtra,CARD
108678,2026-08-23,108,Arjun,510,Bookshelf,Furniture,2,12000,0,COMPLETED,Hyderabad,Telangana,NET_BANKING
108679,2026-08-08,108,Arjun,505,Table,Furniture,4,10000,100,COMPLETED,Hyderabad,Telangana,UPI
108680,2026-08-28,104,Kumar,506,Headphones,Electronics,2,5000,0,CANCELLED,Bangalore,Karnataka,COD
108681,2026-08-04,101,Ravi,510,Bookshelf,Furniture,1,12000,100,COMPLETED,Hyderabad,Telangana,COD
108682,2026-08-03,105,Priya,508,Mobile,Electronics,3,25000,100,COMPLETED,Mumbai,Maharashtra,CARD
108683,2026-08-04,103,Sita,502,Mouse,Electronics,1,1000,0,COMPLETED,Chennai,Tamil Nadu,COD
108684,2026-08-08,107,Lakshmi,503,Chair,Furniture,4,8000,5000,COMPLETED,Chennai,Tamil Nadu,UPI
108685,2026-08-01,104,Kumar,504,Keyboard,Electronics,5,3000,200,COMPLETED,Bangalore,Karnataka,NET_BANKING
108686,2026-08-08,106,Ramesh,503,Chair,Furniture,4,8000,0,COMPLETED,Pune,Maharashtra,NET_BANKING
108687,2026-08-26,107,Lakshmi,504,Keyboard,Electronics,2,3000,100,COMPLETED,Chennai,Tamil Nadu,COD
108688,2026-08-26,105,Priya,503,Chair,Furniture,3,8000,2000,COMPLETED,Mumbai,Maharashtra,COD
108689,2026-08-14,109,Sneha,507,Desk,Furniture,5,15000,0,RETURNED,Delhi,Delhi,NET_BANKING
108690,2026-08-02,109,Sneha,501,Laptop,Electronics,1,60000,1000,COMPLETED,Delhi,Delhi,NET_BANKING
108691,2026-08-04,104,Kumar,509,Monitor,Electronics,3,20000,5000,COMPLETED,Bangalore,Karnataka,UPI
108692,2026-08-09,102,Anil,506,Headphones,Electronics,2,5000,1000,COMPLETED,Hyderabad,Telangana,UPI
108693,2026-08-31,109,Sneha,501,Laptop,Electronics,4,60000,5000,COMPLETED,Delhi,Delhi,NET_BANKING
108694,2026-08-26,110,Vikram,502,Mouse,Electronics,3,1000,0,COMPLETED,Kolkata,West Bengal,UPI
108695,2026-08-14,105,Priya,505,Table,Furniture,4,10000,0,COMPLETED,Mumbai,Maharashtra,NET_BANKING
108696,2026-08-15,105,Priya,502,Mouse,Electronics,1,1000,0,COMPLETED,Mumbai,Maharashtra,COD
108697,2026-08-27,106,Ramesh,507,Desk,Furniture,2,15000,2000,COMPLETED,Pune,Maharashtra,COD
108698,2026-08-12,109,Sneha,509,Monitor,Electronics,3,20000,1000,CANCELLED,Delhi,Delhi,NET_BANKING
108699,2026-08-08,104,Kumar,507,Desk,Furniture,4,15000,5000,COMPLETED,Bangalore,Karnataka,COD
108700,2026-08-20,106,Ramesh,510,Bookshelf,Furniture,3,12000,0,COMPLETED,Pune,Maharashtra,CARD
108701,2026-08-30,105,Priya,505,Table,Furniture,2,10000,200,COMPLETED,Mumbai,Maharashtra,UPI
108702,2026-08-06,107,Lakshmi,503,Chair,Furniture,4,8000,2000,COMPLETED,Chennai,Tamil Nadu,NET_BANKING
108703,2026-08-17,110,Vikram,502,Mouse,Electronics,4,1000,0,COMPLETED,Kolkata,West Bengal,COD
108704,2026-08-17,103,Sita,509,Monitor,Electronics,2,20000,2000,COMPLETED,Chennai,Tamil Nadu,NET_BANKING
108705,2026-08-22,109,Sneha,501,Laptop,Electronics,3,60000,200,COMPLETED,Delhi,Delhi,UPI
108706,2026-08-21,106,Ramesh,502,Mouse,Electronics,2,1000,0,CANCELLED,Pune,Maharashtra,CARD
108707,2026-08-04,106,Ramesh,507,Desk,Furniture,1,15000,5000,COMPLETED,Pune,Maharashtra,CARD
108708,2026-08-10,108,Arjun,509,Monitor,Electronics,4,20000,200,COMPLETED,Hyderabad,Telangana,NET_BANKING
108709,2026-08-26,108,Arjun,510,Bookshelf,Furniture,2,12000,5000,COMPLETED,Hyderabad,Telangana,CARD
108710,2026-08-29,104,Kumar,510,Bookshelf,Furniture,1,12000,5000,RETURNED,Bangalore,Karnataka,COD
108711,2026-08-23,102,Anil,510,Bookshelf,Furniture,4,12000,100,COMPLETED,Hyderabad,Telangana,NET_BANKING
108712,2026-08-11,109,Sneha,509,Monitor,Electronics,5,20000,500,COMPLETED,Delhi,Delhi,CARD
108713,2026-08-21,102,Anil,504,Keyboard,Electronics,3,3000,5000,COMPLETED,Hyderabad,Telangana,UPI
108714,2026-08-10,109,Sneha,508,Mobile,Electronics,4,25000,500,COMPLETED,Delhi,Delhi,COD
108715,2026-08-16,104,Kumar,510,Bookshelf,Furniture,2,12000,2000,COMPLETED,Bangalore,Karnataka,COD
108716,2026-08-11,106,Ramesh,507,Desk,Furniture,4,15000,5000,COMPLETED,Pune,Maharashtra,UPI
108717,2026-08-17,107,Lakshmi,502,Mouse,Electronics,2,1000,500,COMPLETED,Chennai,Tamil Nadu,CARD
108718,2026-08-03,106,Ramesh,502,Mouse,Electronics,5,1000,0,COMPLETED,Pune,Maharashtra,NET_BANKING
108719,2026-08-11,105,Priya,506,Headphones,Electronics,1,5000,100,COMPLETED,Mumbai,Maharashtra,UPI
108720,2026-08-17,106,Ramesh,503,Chair,Furniture,4,8000,200,COMPLETED,Pune,Maharashtra,NET_BANKING
108721,2026-08-31,101,Ravi,502,Mouse,Electronics,4,1000,0,CANCELLED,Hyderabad,Telangana,COD
108722,2026-08-09,101,Ravi,507,Desk,Furniture,5,15000,0,COMPLETED,Hyderabad,Telangana,NET_BANKING
108723,2026-08-08,106,Ramesh,504,Keyboard,Electronics,4,3000,1000,COMPLETED,Pune,Maharashtra,UPI
108724,2026-08-13,102,Anil,506,Headphones,Electronics,5,5000,0,COMPLETED,Hyderabad,Telangana,COD
108725,2026-08-22,102,Anil,507,Desk,Furniture,3,15000,0,COMPLETED,Hyderabad,Telangana,COD
108726,2026-08-16,104,Kumar,504,Keyboard,Electronics,4,3000,500,COMPLETED,Bangalore,Karnataka,UPI
108727,2026-08-03,104,Kumar,505,Table,Furniture,4,10000,0,COMPLETED,Bangalore,Karnataka,UPI
108728,2026-08-19,108,Arjun,502,Mouse,Electronics,3,1000,5000,COMPLETED,Hyderabad,Telangana,UPI
108729,2026-08-04,105,Priya,506,Headphones,Electronics,3,5000,1000,COMPLETED,Mumbai,Maharashtra,NET_BANKING
108730,2026-08-11,110,Vikram,506,Headphones,Electronics,5,5000,200,COMPLETED,Kolkata,West Bengal,COD
108731,2026-08-18,104,Kumar,507,Desk,Furniture,1,15000,5000,COMPLETED,Bangalore,Karnataka,COD
108732,2026-08-28,107,Lakshmi,502,Mouse,Electronics,5,1000,0,COMPLETED,Chennai,Tamil Nadu,NET_BANKING
108733,2026-08-17,104,Kumar,509,Monitor,Electronics,1,20000,2000,COMPLETED,Bangalore,Karnataka,NET_BANKING
108734,2026-08-28,109,Sneha,503,Chair,Furniture,4,8000,100,COMPLETED,Delhi,Delhi,UPI
108735,2026-08-02,110,Vikram,510,Bookshelf,Furniture,4,12000,0,COMPLETED,Kolkata,West Bengal,COD
108736,2026-08-11,105,Priya,505,Table,Furniture,1,10000,200,COMPLETED,Mumbai,Maharashtra,UPI
108737,2026-08-09,107,Lakshmi,501,Laptop,Electronics,3,60000,0,CANCELLED,Chennai,Tamil Nadu,UPI
108738,2026-08-27,109,Sneha,502,Mouse,Electronics,5,1000,5000,COMPLETED,Delhi,Delhi,CARD
108739,2026-08-06,101,Ravi,501,Laptop,Electronics,4,60000,2000,COMPLETED,Hyderabad,Telangana,CARD
108740,2026-08-06,108,Arjun,503,Chair,Furniture,2,8000,5000,COMPLETED,Hyderabad,Telangana,COD
108741,2026-08-02,110,Vikram,506,Headphones,Electronics,3,5000,200,COMPLETED,Kolkata,West Bengal,COD
108742,2026-08-19,101,Ravi,506,Headphones,Electronics,1,5000,500,COMPLETED,Hyderabad,Telangana,CARD
108743,2026-08-11,106,Ramesh,504,Keyboard,Electronics,2,3000,100,COMPLETED,Pune,Maharashtra,NET_BANKING
108744,2026-08-07,105,Priya,510,Bookshelf,Furniture,1,12000,1000,COMPLETED,Mumbai,Maharashtra,COD
108745,2026-08-27,104,Kumar,505,Table,Furniture,3,10000,0,COMPLETED,Bangalore,Karnataka,NET_BANKING
108746,2026-08-14,110,Vikram,510,Bookshelf,Furniture,3,12000,100,COMPLETED,Kolkata,West Bengal,UPI
108747,2026-08-23,107,Lakshmi,501,Laptop,Electronics,1,60000,5000,COMPLETED,Chennai,Tamil Nadu,COD
108748,2026-08-23,105,Priya,501,Laptop,Electronics,3,60000,0,COMPLETED,Mumbai,Maharashtra,CARD
108749,2026-08-10,102,Anil,507,Desk,Furniture,1,15000,0,COMPLETED,Hyderabad,Telangana,UPI
108750,2026-08-12,104,Kumar,507,Desk,Furniture,4,15000,500,CANCELLED,Bangalore,Karnataka,UPI
108751,2026-08-30,103,Sita,506,Headphones,Electronics,3,5000,100,COMPLETED,Chennai,Tamil Nadu,UPI
108752,2026-08-05,101,Ravi,507,Desk,Furniture,5,15000,100,COMPLETED,Hyderabad,Telangana,CARD
108753,2026-08-07,109,Sneha,505,Table,Furniture,3,10000,5000,COMPLETED,Delhi,Delhi,CARD
108754,2026-08-11,109,Sneha,510,Bookshelf,Furniture,5,12000,500,COMPLETED,Delhi,Delhi,CARD
108755,2026-08-03,103,Sita,506,Headphones,Electronics,4,5000,500,COMPLETED,Chennai,Tamil Nadu,NET_BANKING
108756,2026-08-09,103,Sita,510,Bookshelf,Furniture,5,12000,5000,COMPLETED,Chennai,Tamil Nadu,NET_BANKING
108757,2026-08-11,107,Lakshmi,506,Headphones,Electronics,1,5000,100,COMPLETED,Chennai,Tamil Nadu,NET_BANKING
108758,2026-08-18,107,Lakshmi,504,Keyboard,Electronics,2,3000,2000,COMPLETED,Chennai,Tamil Nadu,COD
108759,2026-08-25,107,Lakshmi,506,Headphones,Electronics,4,5000,0,COMPLETED,Chennai,Tamil Nadu,UPI
108760,2026-08-06,101,Ravi,502,Mouse,Electronics,2,1000,0,COMPLETED,Hyderabad,Telangana,CARD
108761,2026-08-12,109,Sneha,508,Mobile,Electronics,2,25000,500,COMPLETED,Delhi,Delhi,UPI
108762,2026-08-24,105,Priya,505,Table,Furniture,5,10000,200,COMPLETED,Mumbai,Maharashtra,NET_BANKING
108763,2026-08-10,106,Ramesh,508,Mobile,Electronics,5,25000,200,COMPLETED,Pune,Maharashtra,COD
108764,2026-08-18,109,Sneha,504,Keyboard,Electronics,2,3000,1000,COMPLETED,Delhi,Delhi,NET_BANKING
108765,2026-08-02,105,Priya,504,Keyboard,Electronics,5,3000,200,COMPLETED,Mumbai,Maharashtra,CARD
108766,2026-08-31,106,Ramesh,503,Chair,Furniture,1,8000,1000,COMPLETED,Pune,Maharashtra,COD
108767,2026-08-26,104,Kumar,505,Table,Furniture,4,10000,2000,COMPLETED,Bangalore,Karnataka,COD
108768,2026-08-21,109,Sneha,510,Bookshelf,Furniture,5,12000,100,RETURNED,Delhi,Delhi,NET_BANKING
108769,2026-08-31,108,Arjun,502,Mouse,Electronics,3,1000,5000,RETURNED,Hyderabad,Telangana,NET_BANKING
108770,2026-08-01,107,Lakshmi,502,Mouse,Electronics,5,1000,0,CANCELLED,Chennai,Tamil Nadu,UPI
108771,2026-08-27,101,Ravi,504,Keyboard,Electronics,1,3000,100,COMPLETED,Hyderabad,Telangana,UPI
108772,2026-08-19,103,Sita,504,Keyboard,Electronics,3,3000,1000,COMPLETED,Chennai,Tamil Nadu,CARD
108773,2026-08-20,102,Anil,507,Desk,Furniture,5,15000,200,COMPLETED,Hyderabad,Telangana,CARD
108774,2026-08-12,103,Sita,509,Monitor,Electronics,3,20000,0,COMPLETED,Chennai,Tamil Nadu,CARD
108775,2026-08-27,103,Sita,507,Desk,Furniture,2,15000,100,COMPLETED,Chennai,Tamil Nadu,CARD
108776,2026-08-09,102,Anil,505,Table,Furniture,3,10000,200,COMPLETED,Hyderabad,Telangana,UPI
108777,2026-08-09,106,Ramesh,501,Laptop,Electronics,3,60000,0,COMPLETED,Pune,Maharashtra,COD
108778,2026-08-28,108,Arjun,509,Monitor,Electronics,4,20000,5000,COMPLETED,Hyderabad,Telangana,UPI
108779,2026-08-21,102,Anil,502,Mouse,Electronics,3,1000,0,COMPLETED,Hyderabad,Telangana,CARD
108780,2026-08-10,107,Lakshmi,509,Monitor,Electronics,2,20000,200,COMPLETED,Chennai,Tamil Nadu,COD
108781,2026-08-12,104,Kumar,506,Headphones,Electronics,3,5000,2000,COMPLETED,Bangalore,Karnataka,UPI
108782,2026-08-23,104,Kumar,504,Keyboard,Electronics,4,3000,200,COMPLETED,Bangalore,Karnataka,UPI
108783,2026-08-03,106,Ramesh,508,Mobile,Electronics,5,25000,5000,COMPLETED,Pune,Maharashtra,CARD
108784,2026-08-04,104,Kumar,509,Monitor,Electronics,3,20000,500,COMPLETED,Bangalore,Karnataka,NET_BANKING
108785,2026-08-31,103,Sita,508,Mobile,Electronics,5,25000,5000,COMPLETED,Chennai,Tamil Nadu,CARD
108786,2026-08-29,107,Lakshmi,501,Laptop,Electronics,2,60000,200,COMPLETED,Chennai,Tamil Nadu,COD
108787,2026-08-22,105,Priya,501,Laptop,Electronics,5,60000,200,COMPLETED,Mumbai,Maharashtra,COD
108788,2026-08-03,109,Sneha,510,Bookshelf,Furniture,5,12000,1000,COMPLETED,Delhi,Delhi,COD
108789,2026-08-16,109,Sneha,507,Desk,Furniture,5,15000,2000,COMPLETED,Delhi,Delhi,CARD
108790,2026-08-19,109,Sneha,502,Mouse,Electronics,1,1000,500,COMPLETED,Delhi,Delhi,COD
108791,2026-08-04,105,Priya,507,Desk,Furniture,2,15000,200,COMPLETED,Mumbai,Maharashtra,UPI
108792,2026-08-02,110,Vikram,501,Laptop,Electronics,2,60000,500,COMPLETED,Kolkata,West Bengal,NET_BANKING
108793,2026-08-16,106,Ramesh,502,Mouse,Electronics,3,1000,2000,COMPLETED,Pune,Maharashtra,COD
108794,2026-08-07,104,Kumar,506,Headphones,Electronics,2,5000,100,COMPLETED,Bangalore,Karnataka,UPI
108795,2026-08-25,103,Sita,509,Monitor,Electronics,5,20000,2000,COMPLETED,Chennai,Tamil Nadu,COD
108796,2026-08-26,109,Sneha,507,Desk,Furniture,5,15000,1000,COMPLETED,Delhi,Delhi,NET_BANKING
108797,2026-08-03,104,Kumar,502,Mouse,Electronics,4,1000,100,COMPLETED,Bangalore,Karnataka,UPI
108798,2026-08-28,107,Lakshmi,506,Headphones,Electronics,1,5000,500,CANCELLED,Chennai,Tamil Nadu,NET_BANKING
108799,2026-08-26,108,Arjun,504,Keyboard,Electronics,5,3000,2000,CANCELLED,Hyderabad,Telangana,NET_BANKING
108800,2026-08-03,105,Priya,504,Keyboard,Electronics,1,3000,1000,COMPLETED,Mumbai,Maharashtra,COD
108801,2026-08-22,108,Arjun,502,Mouse,Electronics,1,1000,200,CANCELLED,Hyderabad,Telangana,UPI
108802,2026-08-11,103,Sita,508,Mobile,Electronics,5,25000,2000,COMPLETED,Chennai,Tamil Nadu,NET_BANKING
108803,2026-08-20,109,Sneha,507,Desk,Furniture,4,15000,200,COMPLETED,Delhi,Delhi,NET_BANKING
108804,2026-08-29,104,Kumar,505,Table,Furniture,2,10000,200,COMPLETED,Bangalore,Karnataka,NET_BANKING
108805,2026-08-25,110,Vikram,505,Table,Furniture,3,10000,100,CANCELLED,Kolkata,West Bengal,UPI
108806,2026-08-23,103,Sita,506,Headphones,Electronics,5,5000,2000,COMPLETED,Chennai,Tamil Nadu,COD
108807,2026-08-25,103,Sita,501,Laptop,Electronics,5,60000,0,COMPLETED,Chennai,Tamil Nadu,UPI
108808,2026-08-21,105,Priya,501,Laptop,Electronics,5,60000,0,COMPLETED,Mumbai,Maharashtra,UPI
108809,2026-08-10,105,Priya,502,Mouse,Electronics,1,1000,1000,COMPLETED,Mumbai,Maharashtra,NET_BANKING
108810,2026-08-23,101,Ravi,502,Mouse,Electronics,2,1000,500,COMPLETED,Hyderabad,Telangana,NET_BANKING
108811,2026-08-23,103,Sita,510,Bookshelf,Furniture,4,12000,200,COMPLETED,Chennai,Tamil Nadu,NET_BANKING
108812,2026-08-06,102,Anil,503,Chair,Furniture,4,8000,500,COMPLETED,Hyderabad,Telangana,CARD
108813,2026-08-23,106,Ramesh,505,Table,Furniture,2,10000,100,COMPLETED,Pune,Maharashtra,NET_BANKING
108814,2026-08-30,104,Kumar,510,Bookshelf,Furniture,4,12000,0,COMPLETED,Bangalore,Karnataka,CARD
108815,2026-08-18,105,Priya,501,Laptop,Electronics,1,60000,5000,COMPLETED,Mumbai,Maharashtra,NET_BANKING
108816,2026-08-22,103,Sita,506,Headphones,Electronics,2,5000,2000,COMPLETED,Chennai,Tamil Nadu,NET_BANKING
108817,2026-08-26,103,Sita,508,Mobile,Electronics,4,25000,100,COMPLETED,Chennai,Tamil Nadu,UPI
108818,2026-08-04,109,Sneha,509,Monitor,Electronics,2,20000,100,COMPLETED,Delhi,Delhi,COD
108819,2026-08-30,107,Lakshmi,502,Mouse,Electronics,3,1000,100,RETURNED,Chennai,Tamil Nadu,UPI
108820,2026-08-01,110,Vikram,508,Mobile,Electronics,2,25000,0,COMPLETED,Kolkata,West Bengal,COD
108821,2026-08-20,110,Vikram,501,Laptop,Electronics,4,60000,200,COMPLETED,Kolkata,West Bengal,UPI
108822,2026-08-03,106,Ramesh,510,Bookshelf,Furniture,1,12000,5000,COMPLETED,Pune,Maharashtra,CARD
108823,2026-08-15,104,Kumar,502,Mouse,Electronics,1,1000,100,CANCELLED,Bangalore,Karnataka,NET_BANKING
108824,2026-08-16,104,Kumar,504,Keyboard,Electronics,5,3000,5000,COMPLETED,Bangalore,Karnataka,COD
108825,2026-08-29,101,Ravi,505,Table,Furniture,2,10000,5000,RETURNED,Hyderabad,Telangana,COD
108826,2026-08-15,106,Ramesh,509,Monitor,Electronics,2,20000,1000,COMPLETED,Pune,Maharashtra,COD
108827,2026-08-05,102,Anil,508,Mobile,Electronics,1,25000,0,COMPLETED,Hyderabad,Telangana,CARD
108828,2026-08-01,104,Kumar,504,Keyboard,Electronics,1,3000,200,COMPLETED,Bangalore,Karnataka,NET_BANKING
108829,2026-08-30,107,Lakshmi,510,Bookshelf,Furniture,4,12000,500,COMPLETED,Chennai,Tamil Nadu,NET_BANKING
108830,2026-08-30,102,Anil,504,Keyboard,Electronics,2,3000,0,COMPLETED,Hyderabad,Telangana,NET_BANKING
108831,2026-08-14,102,Anil,510,Bookshelf,Furniture,5,12000,200,COMPLETED,Hyderabad,Telangana,NET_BANKING
108832,2026-08-06,109,Sneha,505,Table,Furniture,2,10000,2000,COMPLETED,Delhi,Delhi,COD
108833,2026-08-12,104,Kumar,502,Mouse,Electronics,3,1000,200,COMPLETED,Bangalore,Karnataka,UPI
108834,2026-08-23,104,Kumar,505,Table,Furniture,5,10000,0,COMPLETED,Bangalore,Karnataka,UPI
108835,2026-08-21,106,Ramesh,507,Desk,Furniture,3,15000,200,CANCELLED,Pune,Maharashtra,COD
108836,2026-08-03,107,Lakshmi,508,Mobile,Electronics,2,25000,2000,COMPLETED,Chennai,Tamil Nadu,COD
108837,2026-08-03,104,Kumar,506,Headphones,Electronics,3,5000,1000,COMPLETED,Bangalore,Karnataka,CARD
108838,2026-08-07,109,Sneha,503,Chair,Furniture,2,8000,1000,CANCELLED,Delhi,Delhi,CARD
108839,2026-08-22,105,Priya,509,Monitor,Electronics,3,20000,100,CANCELLED,Mumbai,Maharashtra,COD
108840,2026-08-07,110,Vikram,510,Bookshelf,Furniture,3,12000,2000,COMPLETED,Kolkata,West Bengal,COD
108841,2026-08-18,108,Arjun,506,Headphones,Electronics,2,5000,200,COMPLETED,Hyderabad,Telangana,CARD
108842,2026-08-16,102,Anil,510,Bookshelf,Furniture,1,12000,2000,COMPLETED,Hyderabad,Telangana,UPI
108843,2026-08-03,107,Lakshmi,505,Table,Furniture,2,10000,200,CANCELLED,Chennai,Tamil Nadu,UPI
108844,2026-08-02,106,Ramesh,505,Table,Furniture,2,10000,500,COMPLETED,Pune,Maharashtra,COD
108845,2026-08-01,109,Sneha,504,Keyboard,Electronics,4,3000,1000,COMPLETED,Delhi,Delhi,UPI
108846,2026-08-05,107,Lakshmi,504,Keyboard,Electronics,4,3000,0,COMPLETED,Chennai,Tamil Nadu,NET_BANKING
108847,2026-08-09,110,Vikram,502,Mouse,Electronics,1,1000,0,CANCELLED,Kolkata,West Bengal,NET_BANKING
108848,2026-08-31,103,Sita,507,Desk,Furniture,5,15000,2000,COMPLETED,Chennai,Tamil Nadu,COD
108849,2026-08-15,105,Priya,503,Chair,Furniture,2,8000,0,COMPLETED,Mumbai,Maharashtra,COD
108850,2026-08-31,105,Priya,506,Headphones,Electronics,3,5000,200,COMPLETED,Mumbai,Maharashtra,COD
108851,2026-08-21,107,Lakshmi,509,Monitor,Electronics,4,20000,2000,COMPLETED,Chennai,Tamil Nadu,NET_BANKING
108852,2026-08-21,107,Lakshmi,508,Mobile,Electronics,2,25000,2000,COMPLETED,Chennai,Tamil Nadu,COD
108853,2026-08-29,104,Kumar,501,Laptop,Electronics,1,60000,200,COMPLETED,Bangalore,Karnataka,CARD
108854,2026-08-20,103,Sita,508,Mobile,Electronics,5,25000,100,COMPLETED,Chennai,Tamil Nadu,COD
108855,2026-08-21,101,Ravi,503,Chair,Furniture,4,8000,5000,COMPLETED,Hyderabad,Telangana,COD
108856,2026-08-28,102,Anil,505,Table,Furniture,5,10000,500,COMPLETED,Hyderabad,Telangana,UPI
108857,2026-08-04,109,Sneha,506,Headphones,Electronics,3,5000,5000,COMPLETED,Delhi,Delhi,COD
108858,2026-08-24,102,Anil,507,Desk,Furniture,1,15000,200,COMPLETED,Hyderabad,Telangana,NET_BANKING
108859,2026-08-23,110,Vikram,506,Headphones,Electronics,2,5000,2000,COMPLETED,Kolkata,West Bengal,COD
108860,2026-08-27,109,Sneha,503,Chair,Furniture,2,8000,5000,COMPLETED,Delhi,Delhi,NET_BANKING
108861,2026-08-10,107,Lakshmi,502,Mouse,Electronics,1,1000,0,COMPLETED,Chennai,Tamil Nadu,COD
108862,2026-08-22,107,Lakshmi,502,Mouse,Electronics,3,1000,100,COMPLETED,Chennai,Tamil Nadu,CARD
108863,2026-08-31,103,Sita,506,Headphones,Electronics,4,5000,0,COMPLETED,Chennai,Tamil Nadu,NET_BANKING
108864,2026-08-19,101,Ravi,507,Desk,Furniture,1,15000,200,COMPLETED,Hyderabad,Telangana,CARD
108865,2026-08-24,105,Priya,508,Mobile,Electronics,1,25000,0,COMPLETED,Mumbai,Maharashtra,UPI
108866,2026-08-07,103,Sita,508,Mobile,Electronics,1,25000,100,COMPLETED,Chennai,Tamil Nadu,NET_BANKING
108867,2026-08-23,110,Vikram,506,Headphones,Electronics,1,5000,100,COMPLETED,Kolkata,West Bengal,CARD
108868,2026-08-05,101,Ravi,508,Mobile,Electronics,2,25000,200,COMPLETED,Hyderabad,Telangana,CARD
108869,2026-08-24,104,Kumar,506,Headphones,Electronics,5,5000,100,COMPLETED,Bangalore,Karnataka,CARD
108870,2026-08-20,110,Vikram,509,Monitor,Electronics,3,20000,0,COMPLETED,Kolkata,West Bengal,UPI
108871,2026-08-19,104,Kumar,510,Bookshelf,Furniture,4,12000,5000,COMPLETED,Bangalore,Karnataka,COD
108872,2026-08-15,110,Vikram,503,Chair,Furniture,5,8000,5000,COMPLETED,Kolkata,West Bengal,COD
108873,2026-08-08,109,Sneha,503,Chair,Furniture,4,8000,0,COMPLETED,Delhi,Delhi,NET_BANKING
108874,2026-08-19,103,Sita,503,Chair,Furniture,4,8000,2000,COMPLETED,Chennai,Tamil Nadu,UPI
108875,2026-08-22,105,Priya,505,Table,Furniture,3,10000,2000,COMPLETED,Mumbai,Maharashtra,COD
108876,2026-08-01,105,Priya,504,Keyboard,Electronics,4,3000,100,COMPLETED,Mumbai,Maharashtra,COD
108877,2026-08-10,109,Sneha,502,Mouse,Electronics,5,1000,500,COMPLETED,Delhi,Delhi,UPI
108878,2026-08-23,110,Vikram,509,Monitor,Electronics,4,20000,100,COMPLETED,Kolkata,West Bengal,CARD
108879,2026-08-03,110,Vikram,509,Monitor,Electronics,1,20000,200,COMPLETED,Kolkata,West Bengal,UPI
108880,2026-08-08,109,Sneha,505,Table,Furniture,2,10000,0,COMPLETED,Delhi,Delhi,UPI
108881,2026-08-04,110,Vikram,509,Monitor,Electronics,1,20000,5000,COMPLETED,Kolkata,West Bengal,COD
108882,2026-08-01,104,Kumar,504,Keyboard,Electronics,3,3000,0,COMPLETED,Bangalore,Karnataka,NET_BANKING
108883,2026-08-02,110,Vikram,506,Headphones,Electronics,3,5000,500,COMPLETED,Kolkata,West Bengal,CARD
108884,2026-08-27,108,Arjun,502,Mouse,Electronics,5,1000,100,COMPLETED,Hyderabad,Telangana,UPI
108885,2026-08-09,103,Sita,509,Monitor,Electronics,3,20000,0,COMPLETED,Chennai,Tamil Nadu,UPI
108886,2026-08-07,107,Lakshmi,510,Bookshelf,Furniture,4,12000,100,COMPLETED,Chennai,Tamil Nadu,UPI
108887,2026-08-25,109,Sneha,509,Monitor,Electronics,3,20000,0,COMPLETED,Delhi,Delhi,COD
108888,2026-08-08,104,Kumar,503,Chair,Furniture,5,8000,0,COMPLETED,Bangalore,Karnataka,COD
108889,2026-08-16,101,Ravi,506,Headphones,Electronics,3,5000,0,COMPLETED,Hyderabad,Telangana,CARD
108890,2026-08-30,108,Arjun,507,Desk,Furniture,2,15000,100,COMPLETED,Hyderabad,Telangana,NET_BANKING
108891,2026-08-04,110,Vikram,505,Table,Furniture,3,10000,100,COMPLETED,Kolkata,West Bengal,CARD
108892,2026-08-03,109,Sneha,506,Headphones,Electronics,4,5000,200,COMPLETED,Delhi,Delhi,COD
108893,2026-08-26,109,Sneha,502,Mouse,Electronics,1,1000,2000,COMPLETED,Delhi,Delhi,NET_BANKING
108894,2026-08-27,107,Lakshmi,507,Desk,Furniture,5,15000,500,COMPLETED,Chennai,Tamil Nadu,UPI
108895,2026-08-22,104,Kumar,503,Chair,Furniture,5,8000,0,COMPLETED,Bangalore,Karnataka,UPI
108896,2026-08-21,103,Sita,510,Bookshelf,Furniture,1,12000,1000,COMPLETED,Chennai,Tamil Nadu,NET_BANKING
108897,2026-08-18,102,Anil,502,Mouse,Electronics,3,1000,0,COMPLETED,Hyderabad,Telangana,UPI
108898,2026-08-13,102,Anil,505,Table,Furniture,1,10000,100,COMPLETED,Hyderabad,Telangana,NET_BANKING
108899,2026-08-21,104,Kumar,506,Headphones,Electronics,5,5000,2000,COMPLETED,Bangalore,Karnataka,CARD
108900,2026-08-01,109,Sneha,510,Bookshelf,Furniture,1,12000,500,COMPLETED,Delhi,Delhi,UPI
108901,2026-08-11,103,Sita,504,Keyboard,Electronics,4,3000,200,COMPLETED,Chennai,Tamil Nadu,COD
108902,2026-08-13,108,Arjun,507,Desk,Furniture,1,15000,100,COMPLETED,Hyderabad,Telangana,UPI
108903,2026-08-19,107,Lakshmi,509,Monitor,Electronics,2,20000,5000,COMPLETED,Chennai,Tamil Nadu,NET_BANKING
108904,2026-08-25,108,Arjun,509,Monitor,Electronics,4,20000,0,COMPLETED,Hyderabad,Telangana,UPI
108905,2026-08-28,110,Vikram,504,Keyboard,Electronics,5,3000,200,COMPLETED,Kolkata,West Bengal,COD
108906,2026-08-12,108,Arjun,501,Laptop,Electronics,1,60000,0,COMPLETED,Hyderabad,Telangana,NET_BANKING
108907,2026-08-01,108,Arjun,504,Keyboard,Electronics,5,3000,0,COMPLETED,Hyderabad,Telangana,CARD
108908,2026-08-04,102,Anil,504,Keyboard,Electronics,1,3000,500,COMPLETED,Hyderabad,Telangana,CARD
108909,2026-08-27,105,Priya,502,Mouse,Electronics,3,1000,200,COMPLETED,Mumbai,Maharashtra,NET_BANKING
108910,2026-08-13,105,Priya,505,Table,Furniture,5,10000,5000,COMPLETED,Mumbai,Maharashtra,NET_BANKING
108911,2026-08-19,103,Sita,506,Headphones,Electronics,4,5000,200,COMPLETED,Chennai,Tamil Nadu,UPI
108912,2026-08-19,101,Ravi,502,Mouse,Electronics,4,1000,2000,COMPLETED,Hyderabad,Telangana,CARD
108913,2026-08-12,104,Kumar,505,Table,Furniture,1,10000,0,COMPLETED,Bangalore,Karnataka,UPI
108914,2026-08-03,110,Vikram,506,Headphones,Electronics,1,5000,200,COMPLETED,Kolkata,West Bengal,UPI
108915,2026-08-15,104,Kumar,501,Laptop,Electronics,4,60000,2000,COMPLETED,Bangalore,Karnataka,COD
108916,2026-08-23,101,Ravi,507,Desk,Furniture,1,15000,2000,CANCELLED,Hyderabad,Telangana,COD
108917,2026-08-28,109,Sneha,505,Table,Furniture,4,10000,500,CANCELLED,Delhi,Delhi,CARD
108918,2026-08-17,101,Ravi,510,Bookshelf,Furniture,4,12000,100,COMPLETED,Hyderabad,Telangana,NET_BANKING
108919,2026-08-17,109,Sneha,502,Mouse,Electronics,1,1000,2000,COMPLETED,Delhi,Delhi,COD
108920,2026-08-08,110,Vikram,503,Chair,Furniture,3,8000,500,COMPLETED,Kolkata,West Bengal,UPI
108921,2026-08-15,106,Ramesh,506,Headphones,Electronics,2,5000,500,COMPLETED,Pune,Maharashtra,COD
108922,2026-08-26,103,Sita,502,Mouse,Electronics,2,1000,2000,COMPLETED,Chennai,Tamil Nadu,COD
108923,2026-08-23,103,Sita,501,Laptop,Electronics,5,60000,0,COMPLETED,Chennai,Tamil Nadu,UPI
108924,2026-08-22,105,Priya,510,Bookshelf,Furniture,3,12000,0,COMPLETED,Mumbai,Maharashtra,CARD
108925,2026-08-29,104,Kumar,502,Mouse,Electronics,5,1000,0,COMPLETED,Bangalore,Karnataka,COD
108926,2026-08-14,101,Ravi,507,Desk,Furniture,5,15000,2000,COMPLETED,Hyderabad,Telangana,COD
108927,2026-08-23,103,Sita,502,Mouse,Electronics,5,1000,1000,COMPLETED,Chennai,Tamil Nadu,CARD
108928,2026-08-31,106,Ramesh,509,Monitor,Electronics,3,20000,0,COMPLETED,Pune,Maharashtra,COD
108929,2026-08-23,101,Ravi,506,Headphones,Electronics,4,5000,0,COMPLETED,Hyderabad,Telangana,COD
108930,2026-08-31,106,Ramesh,507,Desk,Furniture,3,15000,2000,CANCELLED,Pune,Maharashtra,NET_BANKING
108931,2026-08-11,102,Anil,507,Desk,Furniture,4,15000,2000,COMPLETED,Hyderabad,Telangana,COD
108932,2026-08-15,102,Anil,506,Headphones,Electronics,1,5000,0,COMPLETED,Hyderabad,Telangana,CARD
108933,2026-08-01,101,Ravi,508,Mobile,Electronics,1,25000,0,CANCELLED,Hyderabad,Telangana,NET_BANKING
108934,2026-08-07,109,Sneha,510,Bookshelf,Furniture,3,12000,2000,COMPLETED,Delhi,Delhi,CARD
108935,2026-08-12,107,Lakshmi,503,Chair,Furniture,3,8000,100,COMPLETED,Chennai,Tamil Nadu,COD
108936,2026-08-12,107,Lakshmi,502,Mouse,Electronics,1,1000,200,COMPLETED,Chennai,Tamil Nadu,NET_BANKING
108937,2026-08-21,110,Vikram,509,Monitor,Electronics,3,20000,0,COMPLETED,Kolkata,West Bengal,COD
108938,2026-08-14,102,Anil,509,Monitor,Electronics,5,20000,200,RETURNED,Hyderabad,Telangana,UPI
108939,2026-08-09,105,Priya,504,Keyboard,Electronics,2,3000,100,COMPLETED,Mumbai,Maharashtra,COD
108940,2026-08-07,109,Sneha,506,Headphones,Electronics,2,5000,0,CANCELLED,Delhi,Delhi,UPI
108941,2026-08-08,102,Anil,504,Keyboard,Electronics,5,3000,200,COMPLETED,Hyderabad,Telangana,UPI
108942,2026-08-02,105,Priya,501,Laptop,Electronics,2,60000,5000,COMPLETED,Mumbai,Maharashtra,NET_BANKING
108943,2026-08-27,109,Sneha,505,Table,Furniture,5,10000,0,COMPLETED,Delhi,Delhi,NET_BANKING
108944,2026-08-14,101,Ravi,506,Headphones,Electronics,3,5000,0,COMPLETED,Hyderabad,Telangana,NET_BANKING
108945,2026-08-16,108,Arjun,509,Monitor,Electronics,1,20000,0,COMPLETED,Hyderabad,Telangana,NET_BANKING
108946,2026-08-05,110,Vikram,501,Laptop,Electronics,4,60000,0,COMPLETED,Kolkata,West Bengal,COD
108947,2026-08-20,104,Kumar,507,Desk,Furniture,1,15000,0,COMPLETED,Bangalore,Karnataka,CARD
108948,2026-08-29,109,Sneha,507,Desk,Furniture,3,15000,200,COMPLETED,Delhi,Delhi,CARD
108949,2026-08-30,107,Lakshmi,510,Bookshelf,Furniture,4,12000,0,COMPLETED,Chennai,Tamil Nadu,CARD
108950,2026-08-22,107,Lakshmi,508,Mobile,Electronics,4,25000,0,COMPLETED,Chennai,Tamil Nadu,COD
108951,2026-08-20,106,Ramesh,503,Chair,Furniture,4,8000,500,CANCELLED,Pune,Maharashtra,CARD
108952,2026-08-04,107,Lakshmi,510,Bookshelf,Furniture,3,12000,500,CANCELLED,Chennai,Tamil Nadu,COD
108953,2026-08-24,109,Sneha,509,Monitor,Electronics,1,20000,500,COMPLETED,Delhi,Delhi,CARD
108954,2026-08-27,105,Priya,506,Headphones,Electronics,2,5000,5000,RETURNED,Mumbai,Maharashtra,COD
108955,2026-08-02,101,Ravi,506,Headphones,Electronics,5,5000,5000,COMPLETED,Hyderabad,Telangana,NET_BANKING
108956,2026-08-14,101,Ravi,506,Headphones,Electronics,2,5000,500,COMPLETED,Hyderabad,Telangana,UPI
108957,2026-08-18,109,Sneha,509,Monitor,Electronics,4,20000,5000,COMPLETED,Delhi,Delhi,NET_BANKING
108958,2026-08-08,101,Ravi,502,Mouse,Electronics,5,1000,0,COMPLETED,Hyderabad,Telangana,CARD
108959,2026-08-02,109,Sneha,508,Mobile,Electronics,4,25000,500,CANCELLED,Delhi,Delhi,UPI
108960,2026-08-01,105,Priya,503,Chair,Furniture,1,8000,200,COMPLETED,Mumbai,Maharashtra,NET_BANKING
108961,2026-08-29,104,Kumar,509,Monitor,Electronics,2,20000,0,COMPLETED,Bangalore,Karnataka,UPI
108962,2026-08-06,105,Priya,507,Desk,Furniture,3,15000,5000,COMPLETED,Mumbai,Maharashtra,COD
108963,2026-08-27,104,Kumar,506,Headphones,Electronics,4,5000,100,COMPLETED,Bangalore,Karnataka,COD
108964,2026-08-30,103,Sita,508,Mobile,Electronics,2,25000,200,COMPLETED,Chennai,Tamil Nadu,UPI
108965,2026-08-11,104,Kumar,505,Table,Furniture,3,10000,500,COMPLETED,Bangalore,Karnataka,NET_BANKING
108966,2026-08-27,104,Kumar,503,Chair,Furniture,1,8000,0,COMPLETED,Bangalore,Karnataka,NET_BANKING
108967,2026-08-13,105,Priya,510,Bookshelf,Furniture,5,12000,2000,COMPLETED,Mumbai,Maharashtra,COD
108968,2026-08-02,108,Arjun,504,Keyboard,Electronics,4,3000,0,COMPLETED,Hyderabad,Telangana,UPI
108969,2026-08-21,110,Vikram,510,Bookshelf,Furniture,5,12000,500,COMPLETED,Kolkata,West Bengal,COD
108970,2026-08-15,107,Lakshmi,502,Mouse,Electronics,1,1000,1000,COMPLETED,Chennai,Tamil Nadu,UPI
108971,2026-08-23,101,Ravi,504,Keyboard,Electronics,3,3000,2000,CANCELLED,Hyderabad,Telangana,CARD
108972,2026-08-23,106,Ramesh,508,Mobile,Electronics,4,25000,100,COMPLETED,Pune,Maharashtra,UPI
108973,2026-08-05,110,Vikram,501,Laptop,Electronics,5,60000,0,COMPLETED,Kolkata,West Bengal,COD
108974,2026-08-12,110,Vikram,506,Headphones,Electronics,1,5000,0,COMPLETED,Kolkata,West Bengal,NET_BANKING
108975,2026-08-03,105,Priya,505,Table,Furniture,3,10000,2000,RETURNED,Mumbai,Maharashtra,COD
108976,2026-08-31,104,Kumar,501,Laptop,Electronics,3,60000,5000,COMPLETED,Bangalore,Karnataka,COD
108977,2026-08-05,106,Ramesh,507,Desk,Furniture,2,15000,0,COMPLETED,Pune,Maharashtra,UPI
108978,2026-08-18,108,Arjun,506,Headphones,Electronics,5,5000,100,COMPLETED,Hyderabad,Telangana,CARD
108979,2026-08-11,110,Vikram,501,Laptop,Electronics,2,60000,5000,COMPLETED,Kolkata,West Bengal,UPI
108980,2026-08-23,104,Kumar,508,Mobile,Electronics,4,25000,0,CANCELLED,Bangalore,Karnataka,COD
108981,2026-08-22,103,Sita,501,Laptop,Electronics,2,60000,100,CANCELLED,Chennai,Tamil Nadu,NET_BANKING
108982,2026-08-07,109,Sneha,510,Bookshelf,Furniture,2,12000,200,COMPLETED,Delhi,Delhi,COD
108983,2026-08-14,108,Arjun,506,Headphones,Electronics,4,5000,5000,COMPLETED,Hyderabad,Telangana,NET_BANKING
108984,2026-08-28,107,Lakshmi,507,Desk,Furniture,5,15000,1000,COMPLETED,Chennai,Tamil Nadu,CARD
108985,2026-08-31,105,Priya,502,Mouse,Electronics,3,1000,500,COMPLETED,Mumbai,Maharashtra,COD
108986,2026-08-17,109,Sneha,510,Bookshelf,Furniture,5,12000,0,COMPLETED,Delhi,Delhi,COD
108987,2026-08-28,106,Ramesh,508,Mobile,Electronics,3,25000,2000,COMPLETED,Pune,Maharashtra,NET_BANKING
108988,2026-08-12,108,Arjun,509,Monitor,Electronics,4,20000,500,COMPLETED,Hyderabad,Telangana,UPI
108989,2026-08-09,110,Vikram,503,Chair,Furniture,2,8000,5000,COMPLETED,Kolkata,West Bengal,CARD
108990,2026-08-18,105,Priya,507,Desk,Furniture,2,15000,1000,COMPLETED,Mumbai,Maharashtra,COD
108991,2026-08-06,106,Ramesh,503,Chair,Furniture,5,8000,5000,COMPLETED,Pune,Maharashtra,NET_BANKING
108992,2026-08-18,102,Anil,502,Mouse,Electronics,4,1000,5000,COMPLETED,Hyderabad,Telangana,COD
108993,2026-08-21,104,Kumar,505,Table,Furniture,1,10000,500,COMPLETED,Bangalore,Karnataka,COD
108994,2026-08-10,108,Arjun,508,Mobile,Electronics,4,25000,2000,RETURNED,Hyderabad,Telangana,CARD
108995,2026-08-22,110,Vikram,508,Mobile,Electronics,1,25000,0,COMPLETED,Kolkata,West Bengal,UPI
108996,2026-08-15,109,Sneha,509,Monitor,Electronics,2,20000,5000,COMPLETED,Delhi,Delhi,COD
108997,2026-08-22,101,Ravi,507,Desk,Furniture,5,15000,2000,COMPLETED,Hyderabad,Telangana,NET_BANKING
108998,2026-08-11,103,Sita,501,Laptop,Electronics,1,60000,1000,COMPLETED,Chennai,Tamil Nadu,NET_BANKING
108999,2026-08-05,107,Lakshmi,503,Chair,Furniture,1,8000,2000,COMPLETED,Chennai,Tamil Nadu,NET_BANKING
109000,2026-08-03,107,Lakshmi,506,Headphones,Electronics,5,5000,2000,COMPLETED,Chennai,Tamil Nadu,UPI
109001,2026-08-03,106,Ramesh,504,Keyboard,Electronics,2,3000,0,COMPLETED,Pune,Maharashtra,UPI
109002,2026-08-05,104,Kumar,509,Monitor,Electronics,5,20000,5000,COMPLETED,Bangalore,Karnataka,UPI
109003,2026-08-22,109,Sneha,507,Desk,Furniture,5,15000,2000,COMPLETED,Delhi,Delhi,UPI
109004,2026-08-27,105,Priya,507,Desk,Furniture,4,15000,0,COMPLETED,Mumbai,Maharashtra,COD
109005,2026-08-19,101,Ravi,506,Headphones,Electronics,2,5000,2000,COMPLETED,Hyderabad,Telangana,UPI
109006,2026-08-12,102,Anil,506,Headphones,Electronics,2,5000,100,COMPLETED,Hyderabad,Telangana,NET_BANKING
109007,2026-08-09,102,Anil,503,Chair,Furniture,4,8000,1000,COMPLETED,Hyderabad,Telangana,CARD
109008,2026-08-23,110,Vikram,506,Headphones,Electronics,4,5000,5000,COMPLETED,Kolkata,West Bengal,NET_BANKING
109009,2026-08-18,102,Anil,507,Desk,Furniture,2,15000,100,COMPLETED,Hyderabad,Telangana,CARD
109010,2026-08-23,103,Sita,508,Mobile,Electronics,1,25000,0,COMPLETED,Chennai,Tamil Nadu,UPI
109011,2026-08-02,109,Sneha,501,Laptop,Electronics,2,60000,0,RETURNED,Delhi,Delhi,NET_BANKING
109012,2026-08-02,110,Vikram,509,Monitor,Electronics,1,20000,500,COMPLETED,Kolkata,West Bengal,NET_BANKING
109013,2026-08-15,106,Ramesh,506,Headphones,Electronics,4,5000,200,COMPLETED,Pune,Maharashtra,CARD
109014,2026-08-06,103,Sita,509,Monitor,Electronics,2,20000,0,COMPLETED,Chennai,Tamil Nadu,CARD
109015,2026-08-26,102,Anil,509,Monitor,Electronics,2,20000,2000,COMPLETED,Hyderabad,Telangana,NET_BANKING
109016,2026-08-08,110,Vikram,509,Monitor,Electronics,3,20000,0,COMPLETED,Kolkata,West Bengal,NET_BANKING
109017,2026-08-17,107,Lakshmi,510,Bookshelf,Furniture,4,12000,200,COMPLETED,Chennai,Tamil Nadu,COD
109018,2026-08-09,106,Ramesh,509,Monitor,Electronics,3,20000,2000,COMPLETED,Pune,Maharashtra,COD
109019,2026-08-15,102,Anil,504,Keyboard,Electronics,1,3000,100,COMPLETED,Hyderabad,Telangana,NET_BANKING
109020,2026-08-17,107,Lakshmi,510,Bookshelf,Furniture,3,12000,1000,COMPLETED,Chennai,Tamil Nadu,UPI
109021,2026-08-13,110,Vikram,501,Laptop,Electronics,4,60000,0,COMPLETED,Kolkata,West Bengal,NET_BANKING
109022,2026-08-07,108,Arjun,509,Monitor,Electronics,1,20000,2000,COMPLETED,Hyderabad,Telangana,COD
109023,2026-08-24,105,Priya,507,Desk,Furniture,3,15000,5000,COMPLETED,Mumbai,Maharashtra,NET_BANKING
109024,2026-08-13,105,Priya,505,Table,Furniture,2,10000,0,COMPLETED,Mumbai,Maharashtra,NET_BANKING
109025,2026-08-19,103,Sita,501,Laptop,Electronics,2,60000,5000,COMPLETED,Chennai,Tamil Nadu,CARD
109026,2026-08-19,110,Vikram,501,Laptop,Electronics,5,60000,0,CANCELLED,Kolkata,West Bengal,UPI
109027,2026-08-02,103,Sita,503,Chair,Furniture,2,8000,0,COMPLETED,Chennai,Tamil Nadu,UPI
109028,2026-08-12,103,Sita,509,Monitor,Electronics,1,20000,200,COMPLETED,Chennai,Tamil Nadu,NET_BANKING
109029,2026-08-10,101,Ravi,506,Headphones,Electronics,1,5000,2000,CANCELLED,Hyderabad,Telangana,NET_BANKING
109030,2026-08-16,103,Sita,504,Keyboard,Electronics,1,3000,0,RETURNED,Chennai,Tamil Nadu,COD
109031,2026-08-12,108,Arjun,508,Mobile,Electronics,1,25000,0,RETURNED,Hyderabad,Telangana,UPI
109032,2026-08-06,104,Kumar,503,Chair,Furniture,4,8000,0,COMPLETED,Bangalore,Karnataka,CARD
109033,2026-08-17,105,Priya,508,Mobile,Electronics,3,25000,200,COMPLETED,Mumbai,Maharashtra,COD
109034,2026-08-29,108,Arjun,505,Table,Furniture,5,10000,500,COMPLETED,Hyderabad,Telangana,NET_BANKING
109035,2026-08-25,104,Kumar,502,Mouse,Electronics,1,1000,200,COMPLETED,Bangalore,Karnataka,CARD
109036,2026-08-30,104,Kumar,509,Monitor,Electronics,3,20000,500,COMPLETED,Bangalore,Karnataka,COD
109037,2026-08-08,107,Lakshmi,508,Mobile,Electronics,1,25000,1000,COMPLETED,Chennai,Tamil Nadu,NET_BANKING
109038,2026-08-03,109,Sneha,503,Chair,Furniture,5,8000,2000,RETURNED,Delhi,Delhi,NET_BANKING
109039,2026-08-31,106,Ramesh,510,Bookshelf,Furniture,5,12000,2000,COMPLETED,Pune,Maharashtra,CARD
109040,2026-08-07,103,Sita,505,Table,Furniture,1,10000,100,CANCELLED,Chennai,Tamil Nadu,UPI
109041,2026-08-31,103,Sita,506,Headphones,Electronics,3,5000,200,CANCELLED,Chennai,Tamil Nadu,CARD
109042,2026-08-16,104,Kumar,501,Laptop,Electronics,5,60000,0,COMPLETED,Bangalore,Karnataka,UPI
109043,2026-08-15,103,Sita,506,Headphones,Electronics,1,5000,2000,COMPLETED,Chennai,Tamil Nadu,UPI
109044,2026-08-27,108,Arjun,508,Mobile,Electronics,5,25000,100,COMPLETED,Hyderabad,Telangana,NET_BANKING
109045,2026-08-24,106,Ramesh,505,Table,Furniture,4,10000,1000,COMPLETED,Pune,Maharashtra,COD
109046,2026-08-08,102,Anil,502,Mouse,Electronics,1,1000,1000,RETURNED,Hyderabad,Telangana,COD
109047,2026-08-07,109,Sneha,508,Mobile,Electronics,1,25000,0,COMPLETED,Delhi,Delhi,NET_BANKING
109048,2026-08-26,103,Sita,507,Desk,Furniture,3,15000,1000,COMPLETED,Chennai,Tamil Nadu,COD
109049,2026-08-31,104,Kumar,510,Bookshelf,Furniture,3,12000,2000,COMPLETED,Bangalore,Karnataka,NET_BANKING
109050,2026-08-07,106,Ramesh,509,Monitor,Electronics,1,20000,0,COMPLETED,Pune,Maharashtra,UPI
109051,2026-08-18,104,Kumar,506,Headphones,Electronics,3,5000,5000,COMPLETED,Bangalore,Karnataka,COD
109052,2026-08-23,104,Kumar,503,Chair,Furniture,4,8000,1000,COMPLETED,Bangalore,Karnataka,CARD
109053,2026-08-20,108,Arjun,502,Mouse,Electronics,2,1000,2000,COMPLETED,Hyderabad,Telangana,CARD
109054,2026-08-06,102,Anil,501,Laptop,Electronics,2,60000,5000,COMPLETED,Hyderabad,Telangana,UPI
109055,2026-08-14,108,Arjun,504,Keyboard,Electronics,4,3000,500,COMPLETED,Hyderabad,Telangana,COD
109056,2026-08-21,101,Ravi,507,Desk,Furniture,5,15000,1000,COMPLETED,Hyderabad,Telangana,UPI
109057,2026-08-27,102,Anil,510,Bookshelf,Furniture,4,12000,500,COMPLETED,Hyderabad,Telangana,CARD
109058,2026-08-05,106,Ramesh,507,Desk,Furniture,2,15000,1000,COMPLETED,Pune,Maharashtra,CARD
109059,2026-08-28,102,Anil,502,Mouse,Electronics,1,1000,5000,COMPLETED,Hyderabad,Telangana,UPI
109060,2026-08-18,101,Ravi,501,Laptop,Electronics,2,60000,100,COMPLETED,Hyderabad,Telangana,UPI
109061,2026-08-05,106,Ramesh,504,Keyboard,Electronics,2,3000,0,COMPLETED,Pune,Maharashtra,CARD
109062,2026-08-13,110,Vikram,506,Headphones,Electronics,1,5000,0,COMPLETED,Kolkata,West Bengal,COD
109063,2026-08-28,107,Lakshmi,502,Mouse,Electronics,4,1000,0,COMPLETED,Chennai,Tamil Nadu,UPI
109064,2026-08-28,105,Priya,508,Mobile,Electronics,5,25000,100,COMPLETED,Mumbai,Maharashtra,COD
109065,2026-08-20,106,Ramesh,510,Bookshelf,Furniture,1,12000,0,COMPLETED,Pune,Maharashtra,CARD
109066,2026-08-26,110,Vikram,501,Laptop,Electronics,4,60000,2000,COMPLETED,Kolkata,West Bengal,UPI
109067,2026-08-17,107,Lakshmi,509,Monitor,Electronics,5,20000,1000,COMPLETED,Chennai,Tamil Nadu,COD
109068,2026-08-15,101,Ravi,503,Chair,Furniture,2,8000,0,COMPLETED,Hyderabad,Telangana,UPI
109069,2026-08-02,104,Kumar,506,Headphones,Electronics,2,5000,500,COMPLETED,Bangalore,Karnataka,UPI
109070,2026-08-05,107,Lakshmi,504,Keyboard,Electronics,4,3000,0,CANCELLED,Chennai,Tamil Nadu,NET_BANKING
109071,2026-08-30,103,Sita,505,Table,Furniture,1,10000,2000,COMPLETED,Chennai,Tamil Nadu,NET_BANKING
109072,2026-08-29,106,Ramesh,507,Desk,Furniture,3,15000,2000,COMPLETED,Pune,Maharashtra,COD
109073,2026-08-13,107,Lakshmi,508,Mobile,Electronics,3,25000,2000,COMPLETED,Chennai,Tamil Nadu,UPI
109074,2026-08-23,105,Priya,503,Chair,Furniture,5,8000,500,COMPLETED,Mumbai,Maharashtra,UPI
109075,2026-08-27,101,Ravi,501,Laptop,Electronics,1,60000,200,RETURNED,Hyderabad,Telangana,COD
109076,2026-08-15,105,Priya,504,Keyboard,Electronics,5,3000,500,COMPLETED,Mumbai,Maharashtra,UPI
109077,2026-08-08,101,Ravi,508,Mobile,Electronics,5,25000,100,COMPLETED,Hyderabad,Telangana,CARD
109078,2026-08-28,103,Sita,506,Headphones,Electronics,5,5000,200,COMPLETED,Chennai,Tamil Nadu,COD
109079,2026-08-21,107,Lakshmi,503,Chair,Furniture,2,8000,200,CANCELLED,Chennai,Tamil Nadu,CARD
109080,2026-08-02,105,Priya,506,Headphones,Electronics,1,5000,1000,COMPLETED,Mumbai,Maharashtra,UPI
109081,2026-08-13,108,Arjun,508,Mobile,Electronics,3,25000,5000,COMPLETED,Hyderabad,Telangana,COD
109082,2026-08-02,107,Lakshmi,502,Mouse,Electronics,1,1000,0,COMPLETED,Chennai,Tamil Nadu,NET_BANKING
109083,2026-08-28,110,Vikram,502,Mouse,Electronics,1,1000,2000,COMPLETED,Kolkata,West Bengal,NET_BANKING
109084,2026-08-25,108,Arjun,510,Bookshelf,Furniture,2,12000,200,COMPLETED,Hyderabad,Telangana,CARD
109085,2026-08-22,105,Priya,509,Monitor,Electronics,5,20000,0,COMPLETED,Mumbai,Maharashtra,UPI
109086,2026-08-19,103,Sita,507,Desk,Furniture,4,15000,200,COMPLETED,Chennai,Tamil Nadu,NET_BANKING
109087,2026-08-22,106,Ramesh,506,Headphones,Electronics,5,5000,0,COMPLETED,Pune,Maharashtra,UPI
109088,2026-08-12,109,Sneha,508,Mobile,Electronics,4,25000,1000,COMPLETED,Delhi,Delhi,NET_BANKING
109089,2026-08-04,102,Anil,504,Keyboard,Electronics,5,3000,200,CANCELLED,Hyderabad,Telangana,CARD
109090,2026-08-02,104,Kumar,508,Mobile,Electronics,5,25000,500,COMPLETED,Bangalore,Karnataka,NET_BANKING
109091,2026-08-30,107,Lakshmi,509,Monitor,Electronics,3,20000,0,COMPLETED,Chennai,Tamil Nadu,CARD
109092,2026-08-08,109,Sneha,502,Mouse,Electronics,5,1000,1000,CANCELLED,Delhi,Delhi,NET_BANKING
109093,2026-08-31,102,Anil,509,Monitor,Electronics,3,20000,100,COMPLETED,Hyderabad,Telangana,CARD
109094,2026-08-24,103,Sita,507,Desk,Furniture,3,15000,1000,COMPLETED,Chennai,Tamil Nadu,UPI
109095,2026-08-28,102,Anil,508,Mobile,Electronics,4,25000,200,COMPLETED,Hyderabad,Telangana,COD
109096,2026-08-02,101,Ravi,502,Mouse,Electronics,4,1000,1000,COMPLETED,Hyderabad,Telangana,COD
109097,2026-08-10,101,Ravi,506,Headphones,Electronics,5,5000,5000,COMPLETED,Hyderabad,Telangana,CARD
109098,2026-08-08,108,Arjun,510,Bookshelf,Furniture,1,12000,0,COMPLETED,Hyderabad,Telangana,CARD
109099,2026-08-21,107,Lakshmi,503,Chair,Furniture,4,8000,5000,COMPLETED,Chennai,Tamil Nadu,COD
109100,2026-08-23,110,Vikram,510,Bookshelf,Furniture,5,12000,0,COMPLETED,Kolkata,West Bengal,UPI
109101,2026-08-17,105,Priya,502,Mouse,Electronics,4,1000,2000,COMPLETED,Mumbai,Maharashtra,NET_BANKING
109102,2026-08-28,107,Lakshmi,507,Desk,Furniture,1,15000,0,CANCELLED,Chennai,Tamil Nadu,CARD
109103,2026-08-05,109,Sneha,510,Bookshelf,Furniture,1,12000,0,COMPLETED,Delhi,Delhi,NET_BANKING
109104,2026-08-10,109,Sneha,507,Desk,Furniture,2,15000,1000,COMPLETED,Delhi,Delhi,CARD
109105,2026-08-16,101,Ravi,510,Bookshelf,Furniture,3,12000,200,COMPLETED,Hyderabad,Telangana,COD
109106,2026-08-31,104,Kumar,502,Mouse,Electronics,3,1000,100,COMPLETED,Bangalore,Karnataka,COD
109107,2026-08-17,110,Vikram,502,Mouse,Electronics,4,1000,0,COMPLETED,Kolkata,West Bengal,COD
109108,2026-08-18,106,Ramesh,507,Desk,Furniture,4,15000,200,COMPLETED,Pune,Maharashtra,NET_BANKING
109109,2026-08-31,105,Priya,510,Bookshelf,Furniture,4,12000,500,CANCELLED,Mumbai,Maharashtra,CARD
109110,2026-08-14,103,Sita,501,Laptop,Electronics,5,60000,100,COMPLETED,Chennai,Tamil Nadu,NET_BANKING
109111,2026-08-02,109,Sneha,504,Keyboard,Electronics,1,3000,200,COMPLETED,Delhi,Delhi,UPI
109112,2026-08-12,109,Sneha,508,Mobile,Electronics,4,25000,200,COMPLETED,Delhi,Delhi,NET_BANKING
109113,2026-08-24,110,Vikram,502,Mouse,Electronics,1,1000,1000,COMPLETED,Kolkata,West Bengal,NET_BANKING
109114,2026-08-08,109,Sneha,509,Monitor,Electronics,1,20000,100,COMPLETED,Delhi,Delhi,CARD
109115,2026-08-17,108,Arjun,508,Mobile,Electronics,2,25000,500,COMPLETED,Hyderabad,Telangana,COD
109116,2026-08-05,110,Vikram,504,Keyboard,Electronics,5,3000,0,COMPLETED,Kolkata,West Bengal,UPI
109117,2026-08-03,107,Lakshmi,508,Mobile,Electronics,4,25000,5000,CANCELLED,Chennai,Tamil Nadu,UPI
109118,2026-08-08,102,Anil,501,Laptop,Electronics,3,60000,0,COMPLETED,Hyderabad,Telangana,UPI
109119,2026-08-14,108,Arjun,504,Keyboard,Electronics,1,3000,5000,COMPLETED,Hyderabad,Telangana,NET_BANKING
109120,2026-08-04,108,Arjun,505,Table,Furniture,4,10000,0,COMPLETED,Hyderabad,Telangana,NET_BANKING
109121,2026-08-01,109,Sneha,501,Laptop,Electronics,1,60000,0,RETURNED,Delhi,Delhi,UPI
109122,2026-08-08,102,Anil,504,Keyboard,Electronics,1,3000,100,CANCELLED,Hyderabad,Telangana,UPI
109123,2026-08-19,105,Priya,509,Monitor,Electronics,1,20000,500,COMPLETED,Mumbai,Maharashtra,UPI
109124,2026-08-27,102,Anil,504,Keyboard,Electronics,5,3000,100,COMPLETED,Hyderabad,Telangana,NET_BANKING
109125,2026-08-19,109,Sneha,502,Mouse,Electronics,2,1000,5000,RETURNED,Delhi,Delhi,COD
109126,2026-08-10,103,Sita,505,Table,Furniture,2,10000,5000,CANCELLED,Chennai,Tamil Nadu,COD
109127,2026-08-13,105,Priya,506,Headphones,Electronics,1,5000,500,COMPLETED,Mumbai,Maharashtra,UPI
109128,2026-08-24,106,Ramesh,509,Monitor,Electronics,2,20000,200,COMPLETED,Pune,Maharashtra,NET_BANKING
109129,2026-08-10,110,Vikram,508,Mobile,Electronics,4,25000,0,COMPLETED,Kolkata,West Bengal,UPI
109130,2026-08-15,105,Priya,509,Monitor,Electronics,1,20000,100,CANCELLED,Mumbai,Maharashtra,UPI
109131,2026-08-08,109,Sneha,504,Keyboard,Electronics,5,3000,100,RETURNED,Delhi,Delhi,COD
109132,2026-08-04,106,Ramesh,507,Desk,Furniture,5,15000,5000,COMPLETED,Pune,Maharashtra,COD
109133,2026-08-05,109,Sneha,502,Mouse,Electronics,4,1000,2000,COMPLETED,Delhi,Delhi,UPI
109134,2026-08-28,107,Lakshmi,510,Bookshelf,Furniture,5,12000,100,CANCELLED,Chennai,Tamil Nadu,COD
109135,2026-08-22,108,Arjun,501,Laptop,Electronics,5,60000,2000,CANCELLED,Hyderabad,Telangana,COD
109136,2026-08-30,106,Ramesh,508,Mobile,Electronics,3,25000,2000,COMPLETED,Pune,Maharashtra,COD
109137,2026-08-20,108,Arjun,506,Headphones,Electronics,4,5000,5000,COMPLETED,Hyderabad,Telangana,COD
109138,2026-08-01,104,Kumar,509,Monitor,Electronics,1,20000,5000,COMPLETED,Bangalore,Karnataka,UPI
109139,2026-08-05,107,Lakshmi,509,Monitor,Electronics,2,20000,200,RETURNED,Chennai,Tamil Nadu,COD
109140,2026-08-19,104,Kumar,504,Keyboard,Electronics,2,3000,500,COMPLETED,Bangalore,Karnataka,NET_BANKING
109141,2026-08-14,102,Anil,503,Chair,Furniture,4,8000,2000,COMPLETED,Hyderabad,Telangana,COD
109142,2026-08-08,101,Ravi,508,Mobile,Electronics,5,25000,1000,COMPLETED,Hyderabad,Telangana,COD
109143,2026-08-05,101,Ravi,506,Headphones,Electronics,1,5000,5000,COMPLETED,Hyderabad,Telangana,CARD
109144,2026-08-07,102,Anil,504,Keyboard,Electronics,1,3000,1000,COMPLETED,Hyderabad,Telangana,COD
109145,2026-08-06,109,Sneha,510,Bookshelf,Furniture,5,12000,0,COMPLETED,Delhi,Delhi,CARD
109146,2026-08-11,110,Vikram,506,Headphones,Electronics,4,5000,2000,COMPLETED,Kolkata,West Bengal,CARD
109147,2026-08-17,101,Ravi,509,Monitor,Electronics,5,20000,200,COMPLETED,Hyderabad,Telangana,UPI
109148,2026-08-24,108,Arjun,510,Bookshelf,Furniture,5,12000,0,CANCELLED,Hyderabad,Telangana,UPI
109149,2026-08-07,107,Lakshmi,503,Chair,Furniture,1,8000,1000,CANCELLED,Chennai,Tamil Nadu,NET_BANKING
109150,2026-08-10,104,Kumar,505,Table,Furniture,5,10000,0,COMPLETED,Bangalore,Karnataka,COD
109151,2026-08-01,105,Priya,508,Mobile,Electronics,5,25000,500,COMPLETED,Mumbai,Maharashtra,COD
109152,2026-08-04,108,Arjun,502,Mouse,Electronics,4,1000,100,COMPLETED,Hyderabad,Telangana,NET_BANKING
109153,2026-08-08,110,Vikram,507,Desk,Furniture,3,15000,200,COMPLETED,Kolkata,West Bengal,NET_BANKING
109154,2026-08-09,101,Ravi,510,Bookshelf,Furniture,1,12000,2000,COMPLETED,Hyderabad,Telangana,COD
109155,2026-08-09,108,Arjun,503,Chair,Furniture,1,8000,2000,COMPLETED,Hyderabad,Telangana,COD
109156,2026-08-29,101,Ravi,502,Mouse,Electronics,2,1000,100,COMPLETED,Hyderabad,Telangana,NET_BANKING
109157,2026-08-15,107,Lakshmi,507,Desk,Furniture,1,15000,0,CANCELLED,Chennai,Tamil Nadu,UPI
109158,2026-08-04,109,Sneha,508,Mobile,Electronics,4,25000,0,COMPLETED,Delhi,Delhi,NET_BANKING
109159,2026-08-19,106,Ramesh,510,Bookshelf,Furniture,5,12000,100,CANCELLED,Pune,Maharashtra,UPI
109160,2026-08-30,108,Arjun,502,Mouse,Electronics,5,1000,0,COMPLETED,Hyderabad,Telangana,CARD
109161,2026-08-04,102,Anil,504,Keyboard,Electronics,5,3000,2000,COMPLETED,Hyderabad,Telangana,NET_BANKING
109162,2026-08-30,101,Ravi,504,Keyboard,Electronics,3,3000,2000,COMPLETED,Hyderabad,Telangana,UPI
109163,2026-08-10,108,Arjun,504,Keyboard,Electronics,1,3000,5000,CANCELLED,Hyderabad,Telangana,NET_BANKING
109164,2026-08-14,102,Anil,505,Table,Furniture,3,10000,1000,COMPLETED,Hyderabad,Telangana,NET_BANKING
109165,2026-08-31,102,Anil,503,Chair,Furniture,2,8000,200,COMPLETED,Hyderabad,Telangana,NET_BANKING
109166,2026-08-14,110,Vikram,502,Mouse,Electronics,3,1000,0,COMPLETED,Kolkata,West Bengal,COD
109167,2026-08-01,107,Lakshmi,504,Keyboard,Electronics,2,3000,2000,COMPLETED,Chennai,Tamil Nadu,CARD
109168,2026-08-23,109,Sneha,507,Desk,Furniture,3,15000,2000,COMPLETED,Delhi,Delhi,UPI
109169,2026-08-30,101,Ravi,508,Mobile,Electronics,3,25000,500,COMPLETED,Hyderabad,Telangana,NET_BANKING
109170,2026-08-28,103,Sita,506,Headphones,Electronics,1,5000,0,COMPLETED,Chennai,Tamil Nadu,UPI
109171,2026-08-08,107,Lakshmi,506,Headphones,Electronics,4,5000,500,COMPLETED,Chennai,Tamil Nadu,UPI
109172,2026-08-20,107,Lakshmi,507,Desk,Furniture,4,15000,5000,COMPLETED,Chennai,Tamil Nadu,UPI
109173,2026-08-03,104,Kumar,505,Table,Furniture,3,10000,1000,COMPLETED,Bangalore,Karnataka,NET_BANKING
109174,2026-08-30,105,Priya,509,Monitor,Electronics,4,20000,500,RETURNED,Mumbai,Maharashtra,UPI
109175,2026-08-12,106,Ramesh,504,Keyboard,Electronics,1,3000,0,CANCELLED,Pune,Maharashtra,NET_BANKING
109176,2026-08-24,104,Kumar,506,Headphones,Electronics,1,5000,500,COMPLETED,Bangalore,Karnataka,COD
109177,2026-08-05,104,Kumar,510,Bookshelf,Furniture,5,12000,500,COMPLETED,Bangalore,Karnataka,COD
109178,2026-08-25,106,Ramesh,502,Mouse,Electronics,2,1000,100,COMPLETED,Pune,Maharashtra,UPI
109179,2026-08-10,101,Ravi,501,Laptop,Electronics,5,60000,0,COMPLETED,Hyderabad,Telangana,COD
109180,2026-08-31,105,Priya,504,Keyboard,Electronics,5,3000,500,RETURNED,Mumbai,Maharashtra,COD
109181,2026-08-18,101,Ravi,510,Bookshelf,Furniture,1,12000,100,COMPLETED,Hyderabad,Telangana,UPI
109182,2026-08-30,106,Ramesh,501,Laptop,Electronics,5,60000,0,COMPLETED,Pune,Maharashtra,CARD
109183,2026-08-22,104,Kumar,510,Bookshelf,Furniture,2,12000,200,COMPLETED,Bangalore,Karnataka,CARD
109184,2026-08-08,106,Ramesh,510,Bookshelf,Furniture,2,12000,2000,COMPLETED,Pune,Maharashtra,COD
109185,2026-08-23,102,Anil,502,Mouse,Electronics,5,1000,100,CANCELLED,Hyderabad,Telangana,NET_BANKING
109186,2026-08-05,110,Vikram,502,Mouse,Electronics,5,1000,200,COMPLETED,Kolkata,West Bengal,UPI
109187,2026-08-28,107,Lakshmi,503,Chair,Furniture,2,8000,0,COMPLETED,Chennai,Tamil Nadu,CARD
109188,2026-08-09,110,Vikram,503,Chair,Furniture,3,8000,0,COMPLETED,Kolkata,West Bengal,COD
109189,2026-08-16,110,Vikram,502,Mouse,Electronics,4,1000,2000,COMPLETED,Kolkata,West Bengal,COD
109190,2026-08-20,101,Ravi,508,Mobile,Electronics,1,25000,0,COMPLETED,Hyderabad,Telangana,CARD
109191,2026-08-08,110,Vikram,503,Chair,Furniture,2,8000,1000,COMPLETED,Kolkata,West Bengal,UPI
109192,2026-08-12,104,Kumar,504,Keyboard,Electronics,2,3000,0,COMPLETED,Bangalore,Karnataka,CARD
109193,2026-08-06,106,Ramesh,507,Desk,Furniture,5,15000,5000,CANCELLED,Pune,Maharashtra,CARD
109194,2026-08-23,105,Priya,506,Headphones,Electronics,1,5000,500,CANCELLED,Mumbai,Maharashtra,UPI
109195,2026-08-04,110,Vikram,505,Table,Furniture,3,10000,5000,CANCELLED,Kolkata,West Bengal,COD
109196,2026-08-18,102,Anil,507,Desk,Furniture,2,15000,100,COMPLETED,Hyderabad,Telangana,CARD
109197,2026-08-13,105,Priya,505,Table,Furniture,5,10000,100,COMPLETED,Mumbai,Maharashtra,COD
109198,2026-08-05,104,Kumar,507,Desk,Furniture,5,15000,5000,COMPLETED,Bangalore,Karnataka,CARD
109199,2026-08-28,109,Sneha,507,Desk,Furniture,3,15000,5000,COMPLETED,Delhi,Delhi,CARD
109200,2026-08-29,103,Sita,504,Keyboard,Electronics,2,3000,100,COMPLETED,Chennai,Tamil Nadu,CARD
109201,2026-08-15,107,Lakshmi,504,Keyboard,Electronics,5,3000,200,COMPLETED,Chennai,Tamil Nadu,UPI
109202,2026-08-09,103,Sita,506,Headphones,Electronics,1,5000,500,COMPLETED,Chennai,Tamil Nadu,CARD
109203,2026-08-31,109,Sneha,508,Mobile,Electronics,5,25000,500,COMPLETED,Delhi,Delhi,NET_BANKING
109204,2026-08-09,110,Vikram,501,Laptop,Electronics,3,60000,5000,COMPLETED,Kolkata,West Bengal,UPI
109205,2026-08-10,108,Arjun,507,Desk,Furniture,2,15000,500,COMPLETED,Hyderabad,Telangana,UPI
109206,2026-08-15,101,Ravi,506,Headphones,Electronics,5,5000,500,CANCELLED,Hyderabad,Telangana,UPI
109207,2026-08-06,107,Lakshmi,506,Headphones,Electronics,3,5000,200,COMPLETED,Chennai,Tamil Nadu,CARD
109208,2026-08-10,103,Sita,505,Table,Furniture,3,10000,200,COMPLETED,Chennai,Tamil Nadu,NET_BANKING
109209,2026-08-31,102,Anil,510,Bookshelf,Furniture,5,12000,1000,COMPLETED,Hyderabad,Telangana,UPI
109210,2026-08-15,109,Sneha,510,Bookshelf,Furniture,4,12000,1000,COMPLETED,Delhi,Delhi,COD
109211,2026-08-26,103,Sita,509,Monitor,Electronics,1,20000,1000,CANCELLED,Chennai,Tamil Nadu,COD
109212,2026-08-14,101,Ravi,507,Desk,Furniture,2,15000,1000,CANCELLED,Hyderabad,Telangana,UPI
109213,2026-08-31,102,Anil,507,Desk,Furniture,2,15000,100,COMPLETED,Hyderabad,Telangana,NET_BANKING
109214,2026-08-15,104,Kumar,508,Mobile,Electronics,1,25000,500,COMPLETED,Bangalore,Karnataka,NET_BANKING
109215,2026-08-06,109,Sneha,508,Mobile,Electronics,3,25000,500,COMPLETED,Delhi,Delhi,CARD
109216,2026-08-12,107,Lakshmi,502,Mouse,Electronics,2,1000,200,COMPLETED,Chennai,Tamil Nadu,NET_BANKING
109217,2026-08-05,107,Lakshmi,509,Monitor,Electronics,1,20000,0,COMPLETED,Chennai,Tamil Nadu,CARD
109218,2026-08-21,101,Ravi,508,Mobile,Electronics,5,25000,0,COMPLETED,Hyderabad,Telangana,CARD
109219,2026-08-19,103,Sita,501,Laptop,Electronics,2,60000,1000,COMPLETED,Chennai,Tamil Nadu,UPI
109220,2026-08-09,101,Ravi,510,Bookshelf,Furniture,2,12000,200,COMPLETED,Hyderabad,Telangana,NET_BANKING
109221,2026-08-19,105,Priya,508,Mobile,Electronics,1,25000,200,COMPLETED,Mumbai,Maharashtra,CARD
109222,2026-08-05,108,Arjun,510,Bookshelf,Furniture,5,12000,0,COMPLETED,Hyderabad,Telangana,NET_BANKING
109223,2026-08-01,102,Anil,501,Laptop,Electronics,2,60000,100,COMPLETED,Hyderabad,Telangana,CARD
109224,2026-08-19,106,Ramesh,508,Mobile,Electronics,5,25000,200,COMPLETED,Pune,Maharashtra,NET_BANKING
109225,2026-08-14,104,Kumar,503,Chair,Furniture,1,8000,200,COMPLETED,Bangalore,Karnataka,CARD
109226,2026-08-18,105,Priya,501,Laptop,Electronics,1,60000,5000,COMPLETED,Mumbai,Maharashtra,UPI
109227,2026-08-16,101,Ravi,504,Keyboard,Electronics,5,3000,0,COMPLETED,Hyderabad,Telangana,UPI
109228,2026-08-29,106,Ramesh,501,Laptop,Electronics,4,60000,1000,COMPLETED,Pune,Maharashtra,NET_BANKING
109229,2026-08-17,107,Lakshmi,501,Laptop,Electronics,5,60000,1000,COMPLETED,Chennai,Tamil Nadu,CARD
109230,2026-08-11,101,Ravi,509,Monitor,Electronics,1,20000,1000,COMPLETED,Hyderabad,Telangana,CARD
109231,2026-08-14,103,Sita,509,Monitor,Electronics,4,20000,0,COMPLETED,Chennai,Tamil Nadu,COD
109232,2026-08-09,105,Priya,510,Bookshelf,Furniture,1,12000,0,RETURNED,Mumbai,Maharashtra,COD
109233,2026-08-19,102,Anil,506,Headphones,Electronics,1,5000,200,COMPLETED,Hyderabad,Telangana,NET_BANKING
109234,2026-08-08,109,Sneha,508,Mobile,Electronics,4,25000,100,CANCELLED,Delhi,Delhi,NET_BANKING
109235,2026-08-25,110,Vikram,501,Laptop,Electronics,1,60000,100,COMPLETED,Kolkata,West Bengal,COD
109236,2026-08-17,109,Sneha,505,Table,Furniture,2,10000,500,RETURNED,Delhi,Delhi,CARD
109237,2026-08-30,103,Sita,510,Bookshelf,Furniture,4,12000,2000,COMPLETED,Chennai,Tamil Nadu,COD
109238,2026-08-10,102,Anil,506,Headphones,Electronics,2,5000,1000,CANCELLED,Hyderabad,Telangana,NET_BANKING
109239,2026-08-26,108,Arjun,502,Mouse,Electronics,5,1000,500,COMPLETED,Hyderabad,Telangana,COD
109240,2026-08-15,101,Ravi,501,Laptop,Electronics,1,60000,0,CANCELLED,Hyderabad,Telangana,UPI
109241,2026-08-07,104,Kumar,506,Headphones,Electronics,2,5000,2000,COMPLETED,Bangalore,Karnataka,NET_BANKING
109242,2026-08-04,110,Vikram,503,Chair,Furniture,4,8000,100,COMPLETED,Kolkata,West Bengal,NET_BANKING
109243,2026-08-25,101,Ravi,506,Headphones,Electronics,1,5000,1000,COMPLETED,Hyderabad,Telangana,COD
109244,2026-08-27,107,Lakshmi,504,Keyboard,Electronics,1,3000,500,CANCELLED,Chennai,Tamil Nadu,CARD
109245,2026-08-02,109,Sneha,508,Mobile,Electronics,4,25000,0,COMPLETED,Delhi,Delhi,NET_BANKING
109246,2026-08-28,105,Priya,503,Chair,Furniture,1,8000,0,CANCELLED,Mumbai,Maharashtra,NET_BANKING
109247,2026-08-20,110,Vikram,505,Table,Furniture,1,10000,100,CANCELLED,Kolkata,West Bengal,COD
109248,2026-08-11,106,Ramesh,510,Bookshelf,Furniture,1,12000,5000,COMPLETED,Pune,Maharashtra,CARD
109249,2026-08-14,107,Lakshmi,507,Desk,Furniture,3,15000,0,COMPLETED,Chennai,Tamil Nadu,CARD
109250,2026-08-26,102,Anil,504,Keyboard,Electronics,4,3000,500,COMPLETED,Hyderabad,Telangana,UPI
109251,2026-08-18,102,Anil,510,Bookshelf,Furniture,1,12000,0,COMPLETED,Hyderabad,Telangana,UPI
109252,2026-08-18,107,Lakshmi,504,Keyboard,Electronics,2,3000,100,COMPLETED,Chennai,Tamil Nadu,NET_BANKING
109253,2026-08-13,104,Kumar,503,Chair,Furniture,3,8000,500,COMPLETED,Bangalore,Karnataka,NET_BANKING
109254,2026-08-20,102,Anil,509,Monitor,Electronics,5,20000,0,COMPLETED,Hyderabad,Telangana,COD
109255,2026-08-28,109,Sneha,506,Headphones,Electronics,3,5000,0,COMPLETED,Delhi,Delhi,UPI
109256,2026-08-28,106,Ramesh,505,Table,Furniture,2,10000,2000,COMPLETED,Pune,Maharashtra,UPI
109257,2026-08-12,104,Kumar,505,Table,Furniture,5,10000,500,COMPLETED,Bangalore,Karnataka,CARD
109258,2026-08-20,101,Ravi,505,Table,Furniture,3,10000,0,COMPLETED,Hyderabad,Telangana,UPI
109259,2026-08-02,110,Vikram,502,Mouse,Electronics,1,1000,2000,COMPLETED,Kolkata,West Bengal,NET_BANKING
109260,2026-08-18,107,Lakshmi,510,Bookshelf,Furniture,1,12000,200,COMPLETED,Chennai,Tamil Nadu,CARD
109261,2026-08-16,102,Anil,507,Desk,Furniture,5,15000,100,COMPLETED,Hyderabad,Telangana,COD
109262,2026-08-25,105,Priya,501,Laptop,Electronics,2,60000,0,COMPLETED,Mumbai,Maharashtra,NET_BANKING
109263,2026-08-19,101,Ravi,506,Headphones,Electronics,5,5000,0,COMPLETED,Hyderabad,Telangana,COD
109264,2026-08-17,105,Priya,501,Laptop,Electronics,1,60000,0,COMPLETED,Mumbai,Maharashtra,COD
109265,2026-08-19,102,Anil,501,Laptop,Electronics,1,60000,5000,COMPLETED,Hyderabad,Telangana,COD
109266,2026-08-01,106,Ramesh,502,Mouse,Electronics,3,1000,100,COMPLETED,Pune,Maharashtra,COD
109267,2026-08-24,106,Ramesh,504,Keyboard,Electronics,4,3000,500,COMPLETED,Pune,Maharashtra,NET_BANKING
109268,2026-08-23,106,Ramesh,506,Headphones,Electronics,5,5000,200,COMPLETED,Pune,Maharashtra,CARD
109269,2026-08-12,102,Anil,509,Monitor,Electronics,4,20000,2000,CANCELLED,Hyderabad,Telangana,NET_BANKING
109270,2026-08-31,105,Priya,510,Bookshelf,Furniture,2,12000,500,COMPLETED,Mumbai,Maharashtra,UPI
109271,2026-08-17,103,Sita,507,Desk,Furniture,5,15000,0,COMPLETED,Chennai,Tamil Nadu,COD
109272,2026-08-23,109,Sneha,507,Desk,Furniture,2,15000,100,COMPLETED,Delhi,Delhi,UPI
109273,2026-08-02,110,Vikram,508,Mobile,Electronics,2,25000,0,COMPLETED,Kolkata,West Bengal,UPI
109274,2026-08-05,108,Arjun,507,Desk,Furniture,2,15000,100,COMPLETED,Hyderabad,Telangana,NET_BANKING
109275,2026-08-04,109,Sneha,509,Monitor,Electronics,1,20000,0,COMPLETED,Delhi,Delhi,COD
109276,2026-08-04,108,Arjun,507,Desk,Furniture,3,15000,0,COMPLETED,Hyderabad,Telangana,UPI
109277,2026-08-28,108,Arjun,509,Monitor,Electronics,3,20000,500,COMPLETED,Hyderabad,Telangana,NET_BANKING
109278,2026-08-14,107,Lakshmi,508,Mobile,Electronics,1,25000,0,COMPLETED,Chennai,Tamil Nadu,CARD
109279,2026-08-15,106,Ramesh,510,Bookshelf,Furniture,4,12000,1000,COMPLETED,Pune,Maharashtra,UPI
109280,2026-08-09,103,Sita,506,Headphones,Electronics,3,5000,1000,COMPLETED,Chennai,Tamil Nadu,NET_BANKING
109281,2026-08-22,108,Arjun,510,Bookshelf,Furniture,3,12000,0,COMPLETED,Hyderabad,Telangana,COD
109282,2026-08-19,102,Anil,505,Table,Furniture,5,10000,0,COMPLETED,Hyderabad,Telangana,NET_BANKING
109283,2026-08-31,101,Ravi,510,Bookshelf,Furniture,1,12000,1000,COMPLETED,Hyderabad,Telangana,NET_BANKING
109284,2026-08-14,105,Priya,510,Bookshelf,Furniture,2,12000,1000,COMPLETED,Mumbai,Maharashtra,UPI
109285,2026-08-08,107,Lakshmi,506,Headphones,Electronics,5,5000,5000,RETURNED,Chennai,Tamil Nadu,CARD
109286,2026-08-15,110,Vikram,501,Laptop,Electronics,4,60000,2000,RETURNED,Kolkata,West Bengal,COD
109287,2026-08-23,108,Arjun,506,Headphones,Electronics,2,5000,500,COMPLETED,Hyderabad,Telangana,NET_BANKING
109288,2026-08-31,103,Sita,501,Laptop,Electronics,2,60000,0,RETURNED,Chennai,Tamil Nadu,NET_BANKING
109289,2026-08-19,108,Arjun,510,Bookshelf,Furniture,4,12000,0,COMPLETED,Hyderabad,Telangana,NET_BANKING
109290,2026-08-04,109,Sneha,502,Mouse,Electronics,2,1000,500,COMPLETED,Delhi,Delhi,UPI
109291,2026-08-18,108,Arjun,508,Mobile,Electronics,2,25000,2000,COMPLETED,Hyderabad,Telangana,NET_BANKING
109292,2026-08-14,101,Ravi,510,Bookshelf,Furniture,5,12000,0,COMPLETED,Hyderabad,Telangana,CARD
109293,2026-08-04,103,Sita,508,Mobile,Electronics,4,25000,2000,COMPLETED,Chennai,Tamil Nadu,CARD
109294,2026-08-12,110,Vikram,504,Keyboard,Electronics,2,3000,2000,COMPLETED,Kolkata,West Bengal,UPI
109295,2026-08-06,108,Arjun,508,Mobile,Electronics,4,25000,1000,COMPLETED,Hyderabad,Telangana,UPI
109296,2026-08-26,104,Kumar,503,Chair,Furniture,4,8000,0,COMPLETED,Bangalore,Karnataka,NET_BANKING
109297,2026-08-27,105,Priya,503,Chair,Furniture,4,8000,0,COMPLETED,Mumbai,Maharashtra,CARD
109298,2026-08-21,104,Kumar,504,Keyboard,Electronics,2,3000,0,COMPLETED,Bangalore,Karnataka,CARD
109299,2026-08-02,106,Ramesh,504,Keyboard,Electronics,3,3000,2000,COMPLETED,Pune,Maharashtra,NET_BANKING
109300,2026-08-04,101,Ravi,508,Mobile,Electronics,5,25000,1000,COMPLETED,Hyderabad,Telangana,CARD
109301,2026-08-11,102,Anil,502,Mouse,Electronics,4,1000,500,CANCELLED,Hyderabad,Telangana,CARD
109302,2026-08-06,106,Ramesh,507,Desk,Furniture,5,15000,5000,COMPLETED,Pune,Maharashtra,CARD
109303,2026-08-09,102,Anil,509,Monitor,Electronics,5,20000,200,COMPLETED,Hyderabad,Telangana,COD
109304,2026-08-05,105,Priya,510,Bookshelf,Furniture,1,12000,1000,COMPLETED,Mumbai,Maharashtra,COD
109305,2026-08-31,105,Priya,506,Headphones,Electronics,5,5000,5000,RETURNED,Mumbai,Maharashtra,UPI
109306,2026-08-07,107,Lakshmi,507,Desk,Furniture,5,15000,200,CANCELLED,Chennai,Tamil Nadu,UPI
109307,2026-08-06,104,Kumar,503,Chair,Furniture,1,8000,2000,RETURNED,Bangalore,Karnataka,UPI
109308,2026-08-04,108,Arjun,501,Laptop,Electronics,5,60000,100,COMPLETED,Hyderabad,Telangana,NET_BANKING
109309,2026-08-09,106,Ramesh,508,Mobile,Electronics,1,25000,100,RETURNED,Pune,Maharashtra,NET_BANKING
109310,2026-08-04,102,Anil,503,Chair,Furniture,5,8000,200,CANCELLED,Hyderabad,Telangana,CARD
109311,2026-08-28,105,Priya,501,Laptop,Electronics,1,60000,5000,COMPLETED,Mumbai,Maharashtra,UPI
109312,2026-08-09,110,Vikram,505,Table,Furniture,3,10000,1000,COMPLETED,Kolkata,West Bengal,COD
109313,2026-08-25,107,Lakshmi,510,Bookshelf,Furniture,4,12000,100,COMPLETED,Chennai,Tamil Nadu,CARD
109314,2026-08-27,107,Lakshmi,508,Mobile,Electronics,1,25000,0,COMPLETED,Chennai,Tamil Nadu,UPI
109315,2026-08-08,103,Sita,501,Laptop,Electronics,3,60000,1000,CANCELLED,Chennai,Tamil Nadu,COD
109316,2026-08-21,105,Priya,502,Mouse,Electronics,4,1000,1000,COMPLETED,Mumbai,Maharashtra,NET_BANKING
109317,2026-08-07,110,Vikram,503,Chair,Furniture,1,8000,0,COMPLETED,Kolkata,West Bengal,CARD
109318,2026-08-05,105,Priya,503,Chair,Furniture,2,8000,5000,COMPLETED,Mumbai,Maharashtra,COD
109319,2026-08-08,107,Lakshmi,505,Table,Furniture,2,10000,200,CANCELLED,Chennai,Tamil Nadu,NET_BANKING
109320,2026-08-20,102,Anil,510,Bookshelf,Furniture,5,12000,5000,COMPLETED,Hyderabad,Telangana,CARD
109321,2026-08-03,102,Anil,502,Mouse,Electronics,3,1000,100,COMPLETED,Hyderabad,Telangana,CARD
109322,2026-08-27,108,Arjun,501,Laptop,Electronics,5,60000,200,CANCELLED,Hyderabad,Telangana,UPI
109323,2026-08-14,107,Lakshmi,508,Mobile,Electronics,3,25000,100,COMPLETED,Chennai,Tamil Nadu,UPI
109324,2026-08-30,102,Anil,508,Mobile,Electronics,2,25000,0,COMPLETED,Hyderabad,Telangana,UPI
109325,2026-08-28,101,Ravi,510,Bookshelf,Furniture,1,12000,0,CANCELLED,Hyderabad,Telangana,NET_BANKING
109326,2026-08-02,107,Lakshmi,501,Laptop,Electronics,3,60000,100,COMPLETED,Chennai,Tamil Nadu,UPI
109327,2026-08-11,105,Priya,510,Bookshelf,Furniture,4,12000,2000,COMPLETED,Mumbai,Maharashtra,COD
109328,2026-08-01,106,Ramesh,502,Mouse,Electronics,2,1000,1000,COMPLETED,Pune,Maharashtra,COD
109329,2026-08-15,103,Sita,503,Chair,Furniture,5,8000,200,COMPLETED,Chennai,Tamil Nadu,CARD
109330,2026-08-06,110,Vikram,501,Laptop,Electronics,3,60000,200,COMPLETED,Kolkata,West Bengal,NET_BANKING
109331,2026-08-18,105,Priya,509,Monitor,Electronics,5,20000,0,COMPLETED,Mumbai,Maharashtra,COD
109332,2026-08-12,110,Vikram,507,Desk,Furniture,4,15000,5000,COMPLETED,Kolkata,West Bengal,NET_BANKING
109333,2026-08-19,105,Priya,504,Keyboard,Electronics,3,3000,100,COMPLETED,Mumbai,Maharashtra,UPI
109334,2026-08-08,105,Priya,507,Desk,Furniture,1,15000,100,COMPLETED,Mumbai,Maharashtra,NET_BANKING
109335,2026-08-09,106,Ramesh,504,Keyboard,Electronics,4,3000,500,COMPLETED,Pune,Maharashtra,UPI
109336,2026-08-02,102,Anil,507,Desk,Furniture,5,15000,500,CANCELLED,Hyderabad,Telangana,COD
109337,2026-08-18,109,Sneha,502,Mouse,Electronics,2,1000,100,COMPLETED,Delhi,Delhi,CARD
109338,2026-08-21,105,Priya,505,Table,Furniture,5,10000,500,COMPLETED,Mumbai,Maharashtra,COD
109339,2026-08-10,105,Priya,509,Monitor,Electronics,5,20000,1000,CANCELLED,Mumbai,Maharashtra,COD
109340,2026-08-10,110,Vikram,505,Table,Furniture,3,10000,0,CANCELLED,Kolkata,West Bengal,NET_BANKING
109341,2026-08-21,103,Sita,502,Mouse,Electronics,3,1000,5000,COMPLETED,Chennai,Tamil Nadu,UPI
109342,2026-08-13,105,Priya,503,Chair,Furniture,1,8000,5000,COMPLETED,Mumbai,Maharashtra,CARD
109343,2026-08-03,104,Kumar,510,Bookshelf,Furniture,3,12000,200,COMPLETED,Bangalore,Karnataka,CARD
109344,2026-08-26,108,Arjun,507,Desk,Furniture,3,15000,2000,COMPLETED,Hyderabad,Telangana,CARD
109345,2026-08-12,104,Kumar,510,Bookshelf,Furniture,3,12000,500,COMPLETED,Bangalore,Karnataka,CARD
109346,2026-08-25,106,Ramesh,510,Bookshelf,Furniture,1,12000,200,COMPLETED,Pune,Maharashtra,CARD
109347,2026-08-26,101,Ravi,507,Desk,Furniture,4,15000,5000,COMPLETED,Hyderabad,Telangana,CARD
109348,2026-08-31,101,Ravi,510,Bookshelf,Furniture,4,12000,0,COMPLETED,Hyderabad,Telangana,CARD
109349,2026-08-18,105,Priya,507,Desk,Furniture,4,15000,100,COMPLETED,Mumbai,Maharashtra,COD
109350,2026-08-19,106,Ramesh,504,Keyboard,Electronics,1,3000,0,RETURNED,Pune,Maharashtra,CARD
109351,2026-08-17,109,Sneha,503,Chair,Furniture,5,8000,0,COMPLETED,Delhi,Delhi,CARD
109352,2026-08-15,106,Ramesh,501,Laptop,Electronics,2,60000,500,COMPLETED,Pune,Maharashtra,NET_BANKING
109353,2026-08-12,106,Ramesh,501,Laptop,Electronics,1,60000,2000,COMPLETED,Pune,Maharashtra,UPI
109354,2026-08-22,106,Ramesh,502,Mouse,Electronics,1,1000,500,COMPLETED,Pune,Maharashtra,CARD
109355,2026-08-11,108,Arjun,509,Monitor,Electronics,4,20000,2000,COMPLETED,Hyderabad,Telangana,UPI
109356,2026-08-30,108,Arjun,507,Desk,Furniture,2,15000,5000,CANCELLED,Hyderabad,Telangana,CARD
109357,2026-08-27,105,Priya,504,Keyboard,Electronics,5,3000,0,COMPLETED,Mumbai,Maharashtra,NET_BANKING
109358,2026-08-28,106,Ramesh,507,Desk,Furniture,3,15000,0,CANCELLED,Pune,Maharashtra,NET_BANKING
109359,2026-08-15,110,Vikram,510,Bookshelf,Furniture,3,12000,200,COMPLETED,Kolkata,West Bengal,UPI
109360,2026-08-09,102,Anil,505,Table,Furniture,4,10000,200,COMPLETED,Hyderabad,Telangana,NET_BANKING
109361,2026-08-10,106,Ramesh,506,Headphones,Electronics,3,5000,0,COMPLETED,Pune,Maharashtra,CARD
109362,2026-08-03,103,Sita,503,Chair,Furniture,5,8000,500,COMPLETED,Chennai,Tamil Nadu,UPI
109363,2026-08-05,104,Kumar,502,Mouse,Electronics,1,1000,1000,COMPLETED,Bangalore,Karnataka,CARD
109364,2026-08-19,101,Ravi,509,Monitor,Electronics,5,20000,200,COMPLETED,Hyderabad,Telangana,CARD
109365,2026-08-23,103,Sita,503,Chair,Furniture,1,8000,100,CANCELLED,Chennai,Tamil Nadu,NET_BANKING
109366,2026-08-14,102,Anil,508,Mobile,Electronics,4,25000,5000,COMPLETED,Hyderabad,Telangana,COD
109367,2026-08-23,109,Sneha,504,Keyboard,Electronics,5,3000,100,COMPLETED,Delhi,Delhi,CARD
109368,2026-08-15,107,Lakshmi,507,Desk,Furniture,3,15000,0,CANCELLED,Chennai,Tamil Nadu,UPI
109369,2026-08-31,101,Ravi,510,Bookshelf,Furniture,4,12000,5000,COMPLETED,Hyderabad,Telangana,NET_BANKING
109370,2026-08-22,105,Priya,510,Bookshelf,Furniture,4,12000,100,COMPLETED,Mumbai,Maharashtra,NET_BANKING
109371,2026-08-24,110,Vikram,501,Laptop,Electronics,1,60000,100,COMPLETED,Kolkata,West Bengal,CARD
109372,2026-08-30,106,Ramesh,506,Headphones,Electronics,2,5000,0,COMPLETED,Pune,Maharashtra,CARD
109373,2026-08-09,106,Ramesh,504,Keyboard,Electronics,2,3000,2000,CANCELLED,Pune,Maharashtra,NET_BANKING
109374,2026-08-19,107,Lakshmi,507,Desk,Furniture,2,15000,5000,COMPLETED,Chennai,Tamil Nadu,COD
109375,2026-08-30,108,Arjun,506,Headphones,Electronics,4,5000,500,COMPLETED,Hyderabad,Telangana,UPI
109376,2026-08-09,104,Kumar,502,Mouse,Electronics,5,1000,100,COMPLETED,Bangalore,Karnataka,UPI
109377,2026-08-24,102,Anil,510,Bookshelf,Furniture,3,12000,1000,RETURNED,Hyderabad,Telangana,COD
109378,2026-08-29,103,Sita,501,Laptop,Electronics,3,60000,1000,COMPLETED,Chennai,Tamil Nadu,CARD
109379,2026-08-13,103,Sita,502,Mouse,Electronics,5,1000,1000,COMPLETED,Chennai,Tamil Nadu,NET_BANKING
109380,2026-08-13,101,Ravi,503,Chair,Furniture,5,8000,500,COMPLETED,Hyderabad,Telangana,UPI
109381,2026-08-27,106,Ramesh,509,Monitor,Electronics,2,20000,2000,COMPLETED,Pune,Maharashtra,COD
109382,2026-08-18,103,Sita,503,Chair,Furniture,5,8000,500,COMPLETED,Chennai,Tamil Nadu,CARD
109383,2026-08-26,110,Vikram,503,Chair,Furniture,5,8000,2000,COMPLETED,Kolkata,West Bengal,UPI
109384,2026-08-13,102,Anil,501,Laptop,Electronics,3,60000,100,COMPLETED,Hyderabad,Telangana,NET_BANKING
109385,2026-08-24,105,Priya,505,Table,Furniture,2,10000,0,COMPLETED,Mumbai,Maharashtra,CARD
109386,2026-08-04,104,Kumar,507,Desk,Furniture,3,15000,0,COMPLETED,Bangalore,Karnataka,CARD
109387,2026-08-15,108,Arjun,501,Laptop,Electronics,2,60000,5000,COMPLETED,Hyderabad,Telangana,CARD
109388,2026-08-28,101,Ravi,501,Laptop,Electronics,3,60000,0,COMPLETED,Hyderabad,Telangana,NET_BANKING
109389,2026-08-19,101,Ravi,508,Mobile,Electronics,5,25000,200,COMPLETED,Hyderabad,Telangana,COD
109390,2026-08-17,108,Arjun,509,Monitor,Electronics,1,20000,0,COMPLETED,Hyderabad,Telangana,NET_BANKING
109391,2026-08-31,110,Vikram,502,Mouse,Electronics,3,1000,0,CANCELLED,Kolkata,West Bengal,NET_BANKING
109392,2026-08-29,105,Priya,503,Chair,Furniture,3,8000,5000,COMPLETED,Mumbai,Maharashtra,NET_BANKING
109393,2026-08-04,101,Ravi,505,Table,Furniture,3,10000,5000,COMPLETED,Hyderabad,Telangana,NET_BANKING
109394,2026-08-28,101,Ravi,509,Monitor,Electronics,5,20000,5000,COMPLETED,Hyderabad,Telangana,NET_BANKING
109395,2026-08-23,102,Anil,506,Headphones,Electronics,4,5000,100,COMPLETED,Hyderabad,Telangana,UPI
109396,2026-08-21,104,Kumar,508,Mobile,Electronics,5,25000,0,COMPLETED,Bangalore,Karnataka,UPI
109397,2026-08-17,107,Lakshmi,509,Monitor,Electronics,3,20000,0,COMPLETED,Chennai,Tamil Nadu,COD
109398,2026-08-08,107,Lakshmi,504,Keyboard,Electronics,1,3000,500,COMPLETED,Chennai,Tamil Nadu,UPI
109399,2026-08-29,105,Priya,502,Mouse,Electronics,3,1000,100,RETURNED,Mumbai,Maharashtra,NET_BANKING
109400,2026-08-29,103,Sita,508,Mobile,Electronics,4,25000,5000,COMPLETED,Chennai,Tamil Nadu,NET_BANKING
109401,2026-08-11,102,Anil,507,Desk,Furniture,2,15000,5000,COMPLETED,Hyderabad,Telangana,COD
109402,2026-08-18,107,Lakshmi,508,Mobile,Electronics,3,25000,2000,COMPLETED,Chennai,Tamil Nadu,COD
109403,2026-08-10,102,Anil,507,Desk,Furniture,2,15000,2000,COMPLETED,Hyderabad,Telangana,UPI
109404,2026-08-26,102,Anil,507,Desk,Furniture,5,15000,1000,COMPLETED,Hyderabad,Telangana,NET_BANKING
109405,2026-08-03,103,Sita,505,Table,Furniture,4,10000,0,COMPLETED,Chennai,Tamil Nadu,COD
109406,2026-08-18,105,Priya,508,Mobile,Electronics,2,25000,1000,COMPLETED,Mumbai,Maharashtra,CARD
109407,2026-08-06,105,Priya,504,Keyboard,Electronics,3,3000,0,COMPLETED,Mumbai,Maharashtra,UPI
109408,2026-08-06,102,Anil,501,Laptop,Electronics,5,60000,200,CANCELLED,Hyderabad,Telangana,UPI
109409,2026-08-22,105,Priya,510,Bookshelf,Furniture,1,12000,500,COMPLETED,Mumbai,Maharashtra,UPI
109410,2026-08-24,102,Anil,502,Mouse,Electronics,2,1000,0,COMPLETED,Hyderabad,Telangana,COD
109411,2026-08-09,105,Priya,508,Mobile,Electronics,5,25000,0,COMPLETED,Mumbai,Maharashtra,COD
109412,2026-08-04,110,Vikram,507,Desk,Furniture,5,15000,500,COMPLETED,Kolkata,West Bengal,CARD
109413,2026-08-06,109,Sneha,501,Laptop,Electronics,1,60000,100,COMPLETED,Delhi,Delhi,NET_BANKING
109414,2026-08-09,109,Sneha,503,Chair,Furniture,4,8000,0,COMPLETED,Delhi,Delhi,UPI
109415,2026-08-19,108,Arjun,501,Laptop,Electronics,2,60000,5000,COMPLETED,Hyderabad,Telangana,NET_BANKING
109416,2026-08-24,108,Arjun,505,Table,Furniture,2,10000,2000,CANCELLED,Hyderabad,Telangana,NET_BANKING
109417,2026-08-09,103,Sita,506,Headphones,Electronics,2,5000,500,CANCELLED,Chennai,Tamil Nadu,COD
109418,2026-08-13,101,Ravi,503,Chair,Furniture,5,8000,0,COMPLETED,Hyderabad,Telangana,NET_BANKING
109419,2026-08-13,105,Priya,507,Desk,Furniture,4,15000,100,COMPLETED,Mumbai,Maharashtra,COD
109420,2026-08-15,103,Sita,510,Bookshelf,Furniture,2,12000,100,RETURNED,Chennai,Tamil Nadu,CARD
109421,2026-08-21,102,Anil,509,Monitor,Electronics,4,20000,0,COMPLETED,Hyderabad,Telangana,COD
109422,2026-08-27,104,Kumar,504,Keyboard,Electronics,3,3000,500,COMPLETED,Bangalore,Karnataka,CARD
109423,2026-08-31,110,Vikram,508,Mobile,Electronics,3,25000,0,COMPLETED,Kolkata,West Bengal,CARD
109424,2026-08-23,110,Vikram,501,Laptop,Electronics,2,60000,1000,COMPLETED,Kolkata,West Bengal,UPI
109425,2026-08-10,103,Sita,509,Monitor,Electronics,3,20000,0,COMPLETED,Chennai,Tamil Nadu,COD
109426,2026-08-14,109,Sneha,504,Keyboard,Electronics,2,3000,2000,COMPLETED,Delhi,Delhi,NET_BANKING
109427,2026-08-04,110,Vikram,505,Table,Furniture,3,10000,5000,COMPLETED,Kolkata,West Bengal,UPI
109428,2026-08-15,105,Priya,505,Table,Furniture,3,10000,0,COMPLETED,Mumbai,Maharashtra,CARD
109429,2026-08-06,108,Arjun,510,Bookshelf,Furniture,4,12000,0,RETURNED,Hyderabad,Telangana,COD
109430,2026-08-25,101,Ravi,509,Monitor,Electronics,2,20000,200,CANCELLED,Hyderabad,Telangana,CARD
109431,2026-08-01,101,Ravi,501,Laptop,Electronics,2,60000,5000,COMPLETED,Hyderabad,Telangana,UPI
109432,2026-08-24,107,Lakshmi,508,Mobile,Electronics,5,25000,100,COMPLETED,Chennai,Tamil Nadu,NET_BANKING
109433,2026-08-21,107,Lakshmi,506,Headphones,Electronics,3,5000,200,COMPLETED,Chennai,Tamil Nadu,CARD
109434,2026-08-31,103,Sita,503,Chair,Furniture,2,8000,0,COMPLETED,Chennai,Tamil Nadu,UPI
109435,2026-08-01,107,Lakshmi,510,Bookshelf,Furniture,2,12000,1000,COMPLETED,Chennai,Tamil Nadu,CARD
109436,2026-08-08,103,Sita,503,Chair,Furniture,2,8000,5000,COMPLETED,Chennai,Tamil Nadu,CARD
109437,2026-08-05,105,Priya,505,Table,Furniture,3,10000,0,RETURNED,Mumbai,Maharashtra,COD
109438,2026-08-07,101,Ravi,509,Monitor,Electronics,5,20000,0,COMPLETED,Hyderabad,Telangana,NET_BANKING
109439,2026-08-22,109,Sneha,503,Chair,Furniture,2,8000,200,CANCELLED,Delhi,Delhi,CARD
109440,2026-08-17,103,Sita,503,Chair,Furniture,3,8000,2000,RETURNED,Chennai,Tamil Nadu,COD
109441,2026-08-19,102,Anil,510,Bookshelf,Furniture,5,12000,5000,COMPLETED,Hyderabad,Telangana,UPI
109442,2026-08-25,109,Sneha,502,Mouse,Electronics,5,1000,2000,COMPLETED,Delhi,Delhi,CARD
109443,2026-08-21,102,Anil,504,Keyboard,Electronics,2,3000,5000,RETURNED,Hyderabad,Telangana,NET_BANKING
109444,2026-08-25,103,Sita,502,Mouse,Electronics,3,1000,1000,COMPLETED,Chennai,Tamil Nadu,NET_BANKING
109445,2026-08-15,105,Priya,505,Table,Furniture,2,10000,100,COMPLETED,Mumbai,Maharashtra,UPI
109446,2026-08-17,101,Ravi,505,Table,Furniture,5,10000,5000,COMPLETED,Hyderabad,Telangana,NET_BANKING
109447,2026-08-22,103,Sita,503,Chair,Furniture,3,8000,5000,COMPLETED,Chennai,Tamil Nadu,UPI
109448,2026-08-09,104,Kumar,508,Mobile,Electronics,5,25000,1000,COMPLETED,Bangalore,Karnataka,UPI
109449,2026-08-26,109,Sneha,504,Keyboard,Electronics,4,3000,500,COMPLETED,Delhi,Delhi,CARD
109450,2026-08-13,101,Ravi,501,Laptop,Electronics,1,60000,200,COMPLETED,Hyderabad,Telangana,COD
109451,2026-08-31,108,Arjun,504,Keyboard,Electronics,4,3000,2000,COMPLETED,Hyderabad,Telangana,NET_BANKING
109452,2026-08-19,109,Sneha,506,Headphones,Electronics,5,5000,5000,COMPLETED,Delhi,Delhi,UPI
109453,2026-08-27,106,Ramesh,508,Mobile,Electronics,2,25000,200,COMPLETED,Pune,Maharashtra,NET_BANKING
109454,2026-08-07,104,Kumar,509,Monitor,Electronics,4,20000,0,COMPLETED,Bangalore,Karnataka,CARD
109455,2026-08-30,109,Sneha,510,Bookshelf,Furniture,3,12000,0,COMPLETED,Delhi,Delhi,COD
109456,2026-08-22,110,Vikram,505,Table,Furniture,4,10000,2000,RETURNED,Kolkata,West Bengal,UPI
109457,2026-08-15,110,Vikram,503,Chair,Furniture,5,8000,0,COMPLETED,Kolkata,West Bengal,UPI
109458,2026-08-21,108,Arjun,510,Bookshelf,Furniture,4,12000,100,COMPLETED,Hyderabad,Telangana,UPI
109459,2026-08-12,110,Vikram,510,Bookshelf,Furniture,2,12000,100,COMPLETED,Kolkata,West Bengal,CARD
109460,2026-08-14,108,Arjun,506,Headphones,Electronics,1,5000,5000,CANCELLED,Hyderabad,Telangana,CARD
109461,2026-08-02,108,Arjun,503,Chair,Furniture,1,8000,5000,CANCELLED,Hyderabad,Telangana,UPI
109462,2026-08-15,102,Anil,502,Mouse,Electronics,3,1000,1000,COMPLETED,Hyderabad,Telangana,COD
109463,2026-08-28,108,Arjun,508,Mobile,Electronics,3,25000,5000,COMPLETED,Hyderabad,Telangana,NET_BANKING
109464,2026-08-29,102,Anil,501,Laptop,Electronics,4,60000,5000,CANCELLED,Hyderabad,Telangana,NET_BANKING
109465,2026-08-23,105,Priya,505,Table,Furniture,5,10000,0,CANCELLED,Mumbai,Maharashtra,COD
109466,2026-08-16,102,Anil,507,Desk,Furniture,4,15000,0,COMPLETED,Hyderabad,Telangana,UPI
109467,2026-08-25,103,Sita,505,Table,Furniture,5,10000,100,COMPLETED,Chennai,Tamil Nadu,UPI
109468,2026-08-07,101,Ravi,509,Monitor,Electronics,2,20000,500,COMPLETED,Hyderabad,Telangana,COD
109469,2026-08-23,102,Anil,506,Headphones,Electronics,3,5000,0,COMPLETED,Hyderabad,Telangana,CARD
109470,2026-08-17,101,Ravi,504,Keyboard,Electronics,1,3000,200,RETURNED,Hyderabad,Telangana,NET_BANKING
109471,2026-08-04,105,Priya,504,Keyboard,Electronics,2,3000,5000,CANCELLED,Mumbai,Maharashtra,CARD
109472,2026-08-30,102,Anil,503,Chair,Furniture,5,8000,1000,CANCELLED,Hyderabad,Telangana,UPI
109473,2026-08-29,105,Priya,509,Monitor,Electronics,5,20000,0,RETURNED,Mumbai,Maharashtra,COD
109474,2026-08-28,106,Ramesh,510,Bookshelf,Furniture,5,12000,5000,COMPLETED,Pune,Maharashtra,CARD
109475,2026-08-05,103,Sita,510,Bookshelf,Furniture,4,12000,0,COMPLETED,Chennai,Tamil Nadu,CARD
109476,2026-08-29,109,Sneha,504,Keyboard,Electronics,5,3000,2000,COMPLETED,Delhi,Delhi,UPI
109477,2026-08-06,101,Ravi,507,Desk,Furniture,1,15000,500,COMPLETED,Hyderabad,Telangana,COD
109478,2026-08-30,109,Sneha,507,Desk,Furniture,2,15000,0,RETURNED,Delhi,Delhi,CARD
109479,2026-08-28,109,Sneha,502,Mouse,Electronics,4,1000,0,COMPLETED,Delhi,Delhi,NET_BANKING
109480,2026-08-16,109,Sneha,507,Desk,Furniture,1,15000,5000,COMPLETED,Delhi,Delhi,COD
109481,2026-08-24,110,Vikram,509,Monitor,Electronics,4,20000,500,COMPLETED,Kolkata,West Bengal,NET_BANKING
109482,2026-08-04,110,Vikram,502,Mouse,Electronics,5,1000,1000,COMPLETED,Kolkata,West Bengal,UPI
109483,2026-08-09,102,Anil,506,Headphones,Electronics,2,5000,5000,RETURNED,Hyderabad,Telangana,CARD
109484,2026-08-29,106,Ramesh,506,Headphones,Electronics,4,5000,200,COMPLETED,Pune,Maharashtra,UPI
109485,2026-08-17,109,Sneha,501,Laptop,Electronics,4,60000,100,COMPLETED,Delhi,Delhi,NET_BANKING
109486,2026-08-01,103,Sita,504,Keyboard,Electronics,2,3000,100,COMPLETED,Chennai,Tamil Nadu,COD
109487,2026-08-23,103,Sita,508,Mobile,Electronics,3,25000,100,COMPLETED,Chennai,Tamil Nadu,NET_BANKING
109488,2026-08-25,103,Sita,508,Mobile,Electronics,2,25000,200,COMPLETED,Chennai,Tamil Nadu,UPI
109489,2026-08-10,105,Priya,504,Keyboard,Electronics,1,3000,2000,COMPLETED,Mumbai,Maharashtra,CARD
109490,2026-08-14,109,Sneha,503,Chair,Furniture,4,8000,5000,RETURNED,Delhi,Delhi,NET_BANKING
109491,2026-08-05,110,Vikram,508,Mobile,Electronics,4,25000,5000,COMPLETED,Kolkata,West Bengal,UPI
109492,2026-08-23,110,Vikram,509,Monitor,Electronics,3,20000,2000,COMPLETED,Kolkata,West Bengal,NET_BANKING
109493,2026-08-31,104,Kumar,505,Table,Furniture,4,10000,1000,COMPLETED,Bangalore,Karnataka,COD
109494,2026-08-20,105,Priya,501,Laptop,Electronics,4,60000,200,COMPLETED,Mumbai,Maharashtra,COD
109495,2026-08-16,110,Vikram,509,Monitor,Electronics,1,20000,2000,CANCELLED,Kolkata,West Bengal,NET_BANKING
109496,2026-08-20,107,Lakshmi,503,Chair,Furniture,2,8000,0,RETURNED,Chennai,Tamil Nadu,COD
109497,2026-08-13,108,Arjun,504,Keyboard,Electronics,1,3000,1000,COMPLETED,Hyderabad,Telangana,UPI
109498,2026-08-03,109,Sneha,502,Mouse,Electronics,1,1000,0,COMPLETED,Delhi,Delhi,COD
109499,2026-08-08,108,Arjun,509,Monitor,Electronics,1,20000,100,CANCELLED,Hyderabad,Telangana,COD
109500,2026-08-21,104,Kumar,508,Mobile,Electronics,3,25000,0,COMPLETED,Bangalore,Karnataka,COD
109501,2026-08-30,101,Ravi,504,Keyboard,Electronics,2,3000,100,COMPLETED,Hyderabad,Telangana,UPI
109502,2026-08-20,109,Sneha,502,Mouse,Electronics,2,1000,200,COMPLETED,Delhi,Delhi,CARD
109503,2026-08-28,103,Sita,508,Mobile,Electronics,3,25000,500,COMPLETED,Chennai,Tamil Nadu,NET_BANKING
109504,2026-08-25,106,Ramesh,505,Table,Furniture,3,10000,5000,COMPLETED,Pune,Maharashtra,COD
109505,2026-08-23,109,Sneha,508,Mobile,Electronics,5,25000,100,COMPLETED,Delhi,Delhi,NET_BANKING
109506,2026-08-30,108,Arjun,508,Mobile,Electronics,1,25000,5000,COMPLETED,Hyderabad,Telangana,UPI
109507,2026-08-18,107,Lakshmi,507,Desk,Furniture,4,15000,5000,COMPLETED,Chennai,Tamil Nadu,NET_BANKING
109508,2026-08-22,103,Sita,501,Laptop,Electronics,4,60000,0,COMPLETED,Chennai,Tamil Nadu,COD
109509,2026-08-18,107,Lakshmi,510,Bookshelf,Furniture,2,12000,200,COMPLETED,Chennai,Tamil Nadu,COD
109510,2026-08-05,102,Anil,509,Monitor,Electronics,3,20000,200,COMPLETED,Hyderabad,Telangana,COD
109511,2026-08-19,109,Sneha,508,Mobile,Electronics,1,25000,0,COMPLETED,Delhi,Delhi,UPI
109512,2026-08-31,103,Sita,502,Mouse,Electronics,2,1000,2000,COMPLETED,Chennai,Tamil Nadu,NET_BANKING
109513,2026-08-12,109,Sneha,502,Mouse,Electronics,4,1000,5000,COMPLETED,Delhi,Delhi,UPI
109514,2026-08-06,103,Sita,507,Desk,Furniture,2,15000,1000,RETURNED,Chennai,Tamil Nadu,UPI
109515,2026-08-07,110,Vikram,504,Keyboard,Electronics,3,3000,2000,COMPLETED,Kolkata,West Bengal,NET_BANKING
109516,2026-08-16,105,Priya,504,Keyboard,Electronics,2,3000,100,COMPLETED,Mumbai,Maharashtra,NET_BANKING
109517,2026-08-28,101,Ravi,502,Mouse,Electronics,2,1000,1000,CANCELLED,Hyderabad,Telangana,CARD
109518,2026-08-09,101,Ravi,501,Laptop,Electronics,2,60000,100,COMPLETED,Hyderabad,Telangana,UPI
109519,2026-08-17,109,Sneha,503,Chair,Furniture,1,8000,100,COMPLETED,Delhi,Delhi,COD
109520,2026-08-22,110,Vikram,507,Desk,Furniture,4,15000,2000,COMPLETED,Kolkata,West Bengal,COD
109521,2026-08-01,109,Sneha,504,Keyboard,Electronics,2,3000,0,COMPLETED,Delhi,Delhi,CARD
109522,2026-08-02,110,Vikram,505,Table,Furniture,5,10000,200,COMPLETED,Kolkata,West Bengal,NET_BANKING
109523,2026-08-16,102,Anil,504,Keyboard,Electronics,4,3000,500,COMPLETED,Hyderabad,Telangana,UPI
109524,2026-08-23,105,Priya,502,Mouse,Electronics,5,1000,2000,COMPLETED,Mumbai,Maharashtra,UPI
109525,2026-08-27,109,Sneha,505,Table,Furniture,3,10000,0,COMPLETED,Delhi,Delhi,CARD
109526,2026-08-24,101,Ravi,509,Monitor,Electronics,3,20000,2000,COMPLETED,Hyderabad,Telangana,CARD
109527,2026-08-03,109,Sneha,506,Headphones,Electronics,5,5000,500,COMPLETED,Delhi,Delhi,NET_BANKING
109528,2026-08-10,107,Lakshmi,509,Monitor,Electronics,3,20000,200,CANCELLED,Chennai,Tamil Nadu,NET_BANKING
109529,2026-08-02,101,Ravi,502,Mouse,Electronics,4,1000,1000,COMPLETED,Hyderabad,Telangana,COD
109530,2026-08-16,110,Vikram,510,Bookshelf,Furniture,2,12000,100,COMPLETED,Kolkata,West Bengal,COD
109531,2026-08-05,106,Ramesh,501,Laptop,Electronics,2,60000,1000,COMPLETED,Pune,Maharashtra,CARD
109532,2026-08-29,102,Anil,503,Chair,Furniture,2,8000,5000,COMPLETED,Hyderabad,Telangana,NET_BANKING
109533,2026-08-22,105,Priya,505,Table,Furniture,5,10000,1000,COMPLETED,Mumbai,Maharashtra,UPI
109534,2026-08-15,104,Kumar,501,Laptop,Electronics,5,60000,1000,COMPLETED,Bangalore,Karnataka,CARD
109535,2026-08-26,106,Ramesh,505,Table,Furniture,4,10000,5000,COMPLETED,Pune,Maharashtra,CARD
109536,2026-08-13,104,Kumar,510,Bookshelf,Furniture,4,12000,5000,COMPLETED,Bangalore,Karnataka,CARD
109537,2026-08-31,110,Vikram,501,Laptop,Electronics,4,60000,1000,COMPLETED,Kolkata,West Bengal,COD
109538,2026-08-01,104,Kumar,509,Monitor,Electronics,4,20000,2000,COMPLETED,Bangalore,Karnataka,COD
109539,2026-08-30,108,Arjun,510,Bookshelf,Furniture,3,12000,0,COMPLETED,Hyderabad,Telangana,UPI
109540,2026-08-15,108,Arjun,504,Keyboard,Electronics,2,3000,100,COMPLETED,Hyderabad,Telangana,UPI
109541,2026-08-09,108,Arjun,507,Desk,Furniture,5,15000,0,COMPLETED,Hyderabad,Telangana,COD
109542,2026-08-21,102,Anil,505,Table,Furniture,3,10000,500,COMPLETED,Hyderabad,Telangana,UPI
109543,2026-08-03,103,Sita,510,Bookshelf,Furniture,5,12000,1000,COMPLETED,Chennai,Tamil Nadu,NET_BANKING
109544,2026-08-24,101,Ravi,506,Headphones,Electronics,5,5000,500,COMPLETED,Hyderabad,Telangana,NET_BANKING
109545,2026-08-19,102,Anil,505,Table,Furniture,2,10000,100,COMPLETED,Hyderabad,Telangana,CARD
109546,2026-08-02,106,Ramesh,507,Desk,Furniture,2,15000,100,COMPLETED,Pune,Maharashtra,CARD
109547,2026-08-03,106,Ramesh,502,Mouse,Electronics,4,1000,500,COMPLETED,Pune,Maharashtra,COD
109548,2026-08-20,104,Kumar,507,Desk,Furniture,2,15000,0,COMPLETED,Bangalore,Karnataka,NET_BANKING
109549,2026-08-16,107,Lakshmi,501,Laptop,Electronics,1,60000,500,COMPLETED,Chennai,Tamil Nadu,NET_BANKING
109550,2026-08-12,102,Anil,508,Mobile,Electronics,5,25000,200,COMPLETED,Hyderabad,Telangana,COD
109551,2026-08-30,103,Sita,507,Desk,Furniture,1,15000,0,COMPLETED,Chennai,Tamil Nadu,NET_BANKING
109552,2026-08-07,106,Ramesh,507,Desk,Furniture,1,15000,500,COMPLETED,Pune,Maharashtra,COD
109553,2026-08-14,102,Anil,503,Chair,Furniture,3,8000,0,COMPLETED,Hyderabad,Telangana,COD
109554,2026-08-17,106,Ramesh,506,Headphones,Electronics,3,5000,200,COMPLETED,Pune,Maharashtra,COD
109555,2026-08-27,109,Sneha,509,Monitor,Electronics,1,20000,2000,CANCELLED,Delhi,Delhi,COD
109556,2026-08-20,109,Sneha,501,Laptop,Electronics,4,60000,1000,COMPLETED,Delhi,Delhi,UPI
109557,2026-08-31,110,Vikram,509,Monitor,Electronics,5,20000,5000,COMPLETED,Kolkata,West Bengal,NET_BANKING
109558,2026-08-26,108,Arjun,504,Keyboard,Electronics,2,3000,0,COMPLETED,Hyderabad,Telangana,COD
109559,2026-08-10,109,Sneha,506,Headphones,Electronics,3,5000,5000,COMPLETED,Delhi,Delhi,COD
109560,2026-08-13,108,Arjun,501,Laptop,Electronics,1,60000,1000,CANCELLED,Hyderabad,Telangana,NET_BANKING
109561,2026-08-22,109,Sneha,509,Monitor,Electronics,2,20000,500,COMPLETED,Delhi,Delhi,NET_BANKING
109562,2026-08-25,107,Lakshmi,505,Table,Furniture,2,10000,100,COMPLETED,Chennai,Tamil Nadu,NET_BANKING
109563,2026-08-31,105,Priya,502,Mouse,Electronics,1,1000,1000,COMPLETED,Mumbai,Maharashtra,NET_BANKING
109564,2026-08-15,103,Sita,508,Mobile,Electronics,1,25000,0,COMPLETED,Chennai,Tamil Nadu,NET_BANKING
109565,2026-08-13,107,Lakshmi,503,Chair,Furniture,4,8000,0,COMPLETED,Chennai,Tamil Nadu,UPI
109566,2026-08-15,106,Ramesh,503,Chair,Furniture,5,8000,100,COMPLETED,Pune,Maharashtra,UPI
109567,2026-08-09,109,Sneha,506,Headphones,Electronics,4,5000,200,COMPLETED,Delhi,Delhi,COD
109568,2026-08-02,105,Priya,507,Desk,Furniture,4,15000,2000,COMPLETED,Mumbai,Maharashtra,NET_BANKING
109569,2026-08-28,110,Vikram,504,Keyboard,Electronics,2,3000,200,COMPLETED,Kolkata,West Bengal,NET_BANKING
109570,2026-08-07,106,Ramesh,509,Monitor,Electronics,5,20000,200,CANCELLED,Pune,Maharashtra,CARD
109571,2026-08-09,104,Kumar,502,Mouse,Electronics,5,1000,200,COMPLETED,Bangalore,Karnataka,CARD
109572,2026-08-17,106,Ramesh,505,Table,Furniture,3,10000,100,COMPLETED,Pune,Maharashtra,CARD
109573,2026-08-14,101,Ravi,507,Desk,Furniture,4,15000,1000,COMPLETED,Hyderabad,Telangana,NET_BANKING
109574,2026-08-15,108,Arjun,510,Bookshelf,Furniture,1,12000,0,COMPLETED,Hyderabad,Telangana,UPI
109575,2026-08-28,101,Ravi,503,Chair,Furniture,5,8000,0,COMPLETED,Hyderabad,Telangana,UPI
109576,2026-08-29,101,Ravi,504,Keyboard,Electronics,2,3000,2000,COMPLETED,Hyderabad,Telangana,COD
109577,2026-08-18,102,Anil,508,Mobile,Electronics,1,25000,2000,COMPLETED,Hyderabad,Telangana,NET_BANKING
109578,2026-08-29,110,Vikram,510,Bookshelf,Furniture,1,12000,2000,COMPLETED,Kolkata,West Bengal,COD
109579,2026-08-12,108,Arjun,507,Desk,Furniture,1,15000,100,CANCELLED,Hyderabad,Telangana,NET_BANKING
109580,2026-08-02,103,Sita,506,Headphones,Electronics,1,5000,100,COMPLETED,Chennai,Tamil Nadu,UPI
109581,2026-08-12,106,Ramesh,504,Keyboard,Electronics,2,3000,5000,COMPLETED,Pune,Maharashtra,CARD
109582,2026-08-31,108,Arjun,502,Mouse,Electronics,5,1000,5000,COMPLETED,Hyderabad,Telangana,COD
109583,2026-08-06,102,Anil,507,Desk,Furniture,3,15000,100,COMPLETED,Hyderabad,Telangana,CARD
109584,2026-08-01,104,Kumar,509,Monitor,Electronics,1,20000,0,RETURNED,Bangalore,Karnataka,COD
109585,2026-08-15,101,Ravi,502,Mouse,Electronics,4,1000,500,COMPLETED,Hyderabad,Telangana,COD
109586,2026-08-08,101,Ravi,509,Monitor,Electronics,3,20000,2000,COMPLETED,Hyderabad,Telangana,UPI
109587,2026-08-01,108,Arjun,506,Headphones,Electronics,4,5000,200,COMPLETED,Hyderabad,Telangana,CARD
109588,2026-08-04,104,Kumar,504,Keyboard,Electronics,3,3000,200,COMPLETED,Bangalore,Karnataka,COD
109589,2026-08-04,107,Lakshmi,503,Chair,Furniture,4,8000,500,COMPLETED,Chennai,Tamil Nadu,UPI
109590,2026-08-12,104,Kumar,508,Mobile,Electronics,1,25000,500,COMPLETED,Bangalore,Karnataka,COD
109591,2026-08-24,105,Priya,509,Monitor,Electronics,4,20000,2000,COMPLETED,Mumbai,Maharashtra,CARD
109592,2026-08-23,104,Kumar,510,Bookshelf,Furniture,4,12000,200,COMPLETED,Bangalore,Karnataka,CARD
109593,2026-08-13,108,Arjun,509,Monitor,Electronics,1,20000,100,COMPLETED,Hyderabad,Telangana,NET_BANKING
109594,2026-08-07,110,Vikram,507,Desk,Furniture,3,15000,1000,COMPLETED,Kolkata,West Bengal,UPI
109595,2026-08-03,102,Anil,503,Chair,Furniture,5,8000,0,COMPLETED,Hyderabad,Telangana,NET_BANKING
109596,2026-08-07,103,Sita,506,Headphones,Electronics,3,5000,1000,COMPLETED,Chennai,Tamil Nadu,UPI
109597,2026-08-13,102,Anil,510,Bookshelf,Furniture,3,12000,500,COMPLETED,Hyderabad,Telangana,COD
109598,2026-08-26,101,Ravi,506,Headphones,Electronics,5,5000,500,COMPLETED,Hyderabad,Telangana,NET_BANKING
109599,2026-08-04,110,Vikram,510,Bookshelf,Furniture,3,12000,1000,COMPLETED,Kolkata,West Bengal,UPI
109600,2026-08-02,101,Ravi,503,Chair,Furniture,2,8000,5000,COMPLETED,Hyderabad,Telangana,COD
109601,2026-08-27,102,Anil,504,Keyboard,Electronics,4,3000,0,COMPLETED,Hyderabad,Telangana,CARD
109602,2026-08-31,102,Anil,503,Chair,Furniture,1,8000,0,COMPLETED,Hyderabad,Telangana,NET_BANKING
109603,2026-08-16,107,Lakshmi,509,Monitor,Electronics,5,20000,5000,COMPLETED,Chennai,Tamil Nadu,CARD
109604,2026-08-29,102,Anil,501,Laptop,Electronics,1,60000,500,COMPLETED,Hyderabad,Telangana,COD
109605,2026-08-06,106,Ramesh,505,Table,Furniture,3,10000,1000,CANCELLED,Pune,Maharashtra,COD
109606,2026-08-27,109,Sneha,507,Desk,Furniture,2,15000,100,COMPLETED,Delhi,Delhi,UPI
109607,2026-08-10,106,Ramesh,505,Table,Furniture,1,10000,5000,COMPLETED,Pune,Maharashtra,UPI
109608,2026-08-16,106,Ramesh,507,Desk,Furniture,2,15000,100,COMPLETED,Pune,Maharashtra,CARD
109609,2026-08-27,107,Lakshmi,510,Bookshelf,Furniture,1,12000,5000,COMPLETED,Chennai,Tamil Nadu,COD
109610,2026-08-21,105,Priya,509,Monitor,Electronics,4,20000,100,CANCELLED,Mumbai,Maharashtra,CARD
109611,2026-08-31,106,Ramesh,509,Monitor,Electronics,2,20000,1000,COMPLETED,Pune,Maharashtra,COD
109612,2026-08-02,106,Ramesh,503,Chair,Furniture,3,8000,5000,COMPLETED,Pune,Maharashtra,UPI
109613,2026-08-17,101,Ravi,505,Table,Furniture,2,10000,0,CANCELLED,Hyderabad,Telangana,COD
109614,2026-08-15,107,Lakshmi,503,Chair,Furniture,2,8000,100,COMPLETED,Chennai,Tamil Nadu,NET_BANKING
109615,2026-08-06,104,Kumar,509,Monitor,Electronics,4,20000,500,COMPLETED,Bangalore,Karnataka,CARD
109616,2026-08-25,103,Sita,507,Desk,Furniture,2,15000,100,COMPLETED,Chennai,Tamil Nadu,UPI
109617,2026-08-10,107,Lakshmi,504,Keyboard,Electronics,5,3000,200,COMPLETED,Chennai,Tamil Nadu,CARD
109618,2026-08-28,103,Sita,504,Keyboard,Electronics,1,3000,0,COMPLETED,Chennai,Tamil Nadu,COD
109619,2026-08-16,105,Priya,507,Desk,Furniture,3,15000,0,COMPLETED,Mumbai,Maharashtra,UPI
109620,2026-08-24,110,Vikram,506,Headphones,Electronics,3,5000,0,COMPLETED,Kolkata,West Bengal,NET_BANKING
109621,2026-08-07,103,Sita,501,Laptop,Electronics,5,60000,5000,COMPLETED,Chennai,Tamil Nadu,UPI
109622,2026-08-09,102,Anil,501,Laptop,Electronics,3,60000,200,COMPLETED,Hyderabad,Telangana,UPI
109623,2026-08-19,106,Ramesh,501,Laptop,Electronics,5,60000,0,COMPLETED,Pune,Maharashtra,CARD
109624,2026-08-22,105,Priya,501,Laptop,Electronics,5,60000,2000,CANCELLED,Mumbai,Maharashtra,UPI
109625,2026-08-30,101,Ravi,509,Monitor,Electronics,4,20000,2000,COMPLETED,Hyderabad,Telangana,NET_BANKING
109626,2026-08-12,109,Sneha,507,Desk,Furniture,3,15000,500,COMPLETED,Delhi,Delhi,CARD
109627,2026-08-28,106,Ramesh,503,Chair,Furniture,4,8000,5000,COMPLETED,Pune,Maharashtra,NET_BANKING
109628,2026-08-12,108,Arjun,506,Headphones,Electronics,4,5000,500,COMPLETED,Hyderabad,Telangana,CARD
109629,2026-08-16,110,Vikram,503,Chair,Furniture,4,8000,1000,COMPLETED,Kolkata,West Bengal,UPI
109630,2026-08-05,110,Vikram,504,Keyboard,Electronics,3,3000,100,CANCELLED,Kolkata,West Bengal,COD
109631,2026-08-20,108,Arjun,505,Table,Furniture,3,10000,100,COMPLETED,Hyderabad,Telangana,CARD
109632,2026-08-13,102,Anil,507,Desk,Furniture,1,15000,1000,COMPLETED,Hyderabad,Telangana,CARD
109633,2026-08-09,109,Sneha,502,Mouse,Electronics,5,1000,5000,COMPLETED,Delhi,Delhi,NET_BANKING
109634,2026-08-24,103,Sita,501,Laptop,Electronics,2,60000,1000,COMPLETED,Chennai,Tamil Nadu,COD
109635,2026-08-08,108,Arjun,510,Bookshelf,Furniture,1,12000,100,COMPLETED,Hyderabad,Telangana,UPI
109636,2026-08-08,105,Priya,510,Bookshelf,Furniture,5,12000,2000,CANCELLED,Mumbai,Maharashtra,CARD
109637,2026-08-25,107,Lakshmi,503,Chair,Furniture,2,8000,0,COMPLETED,Chennai,Tamil Nadu,NET_BANKING
109638,2026-08-07,106,Ramesh,504,Keyboard,Electronics,4,3000,200,COMPLETED,Pune,Maharashtra,NET_BANKING
109639,2026-08-21,108,Arjun,508,Mobile,Electronics,4,25000,200,COMPLETED,Hyderabad,Telangana,COD
109640,2026-08-12,106,Ramesh,509,Monitor,Electronics,5,20000,100,COMPLETED,Pune,Maharashtra,COD
109641,2026-08-30,106,Ramesh,505,Table,Furniture,4,10000,0,COMPLETED,Pune,Maharashtra,COD
109642,2026-08-21,104,Kumar,501,Laptop,Electronics,2,60000,5000,RETURNED,Bangalore,Karnataka,NET_BANKING
109643,2026-08-30,109,Sneha,502,Mouse,Electronics,3,1000,500,COMPLETED,Delhi,Delhi,CARD
109644,2026-08-28,110,Vikram,509,Monitor,Electronics,2,20000,2000,COMPLETED,Kolkata,West Bengal,COD
109645,2026-08-20,107,Lakshmi,502,Mouse,Electronics,1,1000,5000,COMPLETED,Chennai,Tamil Nadu,UPI
109646,2026-08-03,106,Ramesh,507,Desk,Furniture,1,15000,1000,RETURNED,Pune,Maharashtra,NET_BANKING
109647,2026-08-02,106,Ramesh,502,Mouse,Electronics,4,1000,500,COMPLETED,Pune,Maharashtra,UPI
109648,2026-08-13,109,Sneha,509,Monitor,Electronics,5,20000,2000,COMPLETED,Delhi,Delhi,UPI
109649,2026-08-17,106,Ramesh,509,Monitor,Electronics,5,20000,0,COMPLETED,Pune,Maharashtra,COD
109650,2026-08-15,102,Anil,509,Monitor,Electronics,2,20000,5000,COMPLETED,Hyderabad,Telangana,UPI
109651,2026-08-17,103,Sita,507,Desk,Furniture,2,15000,0,COMPLETED,Chennai,Tamil Nadu,COD
109652,2026-08-06,103,Sita,505,Table,Furniture,1,10000,2000,COMPLETED,Chennai,Tamil Nadu,NET_BANKING
109653,2026-08-13,102,Anil,502,Mouse,Electronics,5,1000,5000,COMPLETED,Hyderabad,Telangana,UPI
109654,2026-08-08,106,Ramesh,505,Table,Furniture,3,10000,100,COMPLETED,Pune,Maharashtra,CARD
109655,2026-08-27,102,Anil,510,Bookshelf,Furniture,3,12000,5000,COMPLETED,Hyderabad,Telangana,UPI
109656,2026-08-06,103,Sita,504,Keyboard,Electronics,4,3000,0,COMPLETED,Chennai,Tamil Nadu,COD
109657,2026-08-11,104,Kumar,503,Chair,Furniture,4,8000,1000,COMPLETED,Bangalore,Karnataka,CARD
109658,2026-08-08,102,Anil,503,Chair,Furniture,1,8000,200,COMPLETED,Hyderabad,Telangana,UPI
109659,2026-08-23,106,Ramesh,507,Desk,Furniture,3,15000,200,COMPLETED,Pune,Maharashtra,COD
109660,2026-08-24,103,Sita,502,Mouse,Electronics,1,1000,500,COMPLETED,Chennai,Tamil Nadu,CARD
109661,2026-08-17,102,Anil,502,Mouse,Electronics,4,1000,5000,COMPLETED,Hyderabad,Telangana,UPI
109662,2026-08-16,110,Vikram,509,Monitor,Electronics,5,20000,200,COMPLETED,Kolkata,West Bengal,UPI
109663,2026-08-30,106,Ramesh,505,Table,Furniture,3,10000,1000,COMPLETED,Pune,Maharashtra,CARD
109664,2026-08-04,102,Anil,509,Monitor,Electronics,2,20000,0,COMPLETED,Hyderabad,Telangana,NET_BANKING
109665,2026-08-01,105,Priya,508,Mobile,Electronics,5,25000,5000,COMPLETED,Mumbai,Maharashtra,NET_BANKING
109666,2026-08-12,102,Anil,504,Keyboard,Electronics,1,3000,1000,COMPLETED,Hyderabad,Telangana,UPI
109667,2026-08-09,108,Arjun,507,Desk,Furniture,4,15000,0,COMPLETED,Hyderabad,Telangana,COD
109668,2026-08-09,103,Sita,510,Bookshelf,Furniture,2,12000,2000,COMPLETED,Chennai,Tamil Nadu,UPI
109669,2026-08-10,104,Kumar,502,Mouse,Electronics,3,1000,200,RETURNED,Bangalore,Karnataka,NET_BANKING
109670,2026-08-25,109,Sneha,501,Laptop,Electronics,4,60000,100,RETURNED,Delhi,Delhi,UPI
109671,2026-08-28,108,Arjun,509,Monitor,Electronics,3,20000,1000,CANCELLED,Hyderabad,Telangana,NET_BANKING
109672,2026-08-10,106,Ramesh,509,Monitor,Electronics,1,20000,100,COMPLETED,Pune,Maharashtra,CARD
109673,2026-08-13,108,Arjun,508,Mobile,Electronics,1,25000,100,COMPLETED,Hyderabad,Telangana,UPI
109674,2026-08-28,107,Lakshmi,507,Desk,Furniture,4,15000,100,COMPLETED,Chennai,Tamil Nadu,CARD
109675,2026-08-07,108,Arjun,510,Bookshelf,Furniture,3,12000,500,COMPLETED,Hyderabad,Telangana,NET_BANKING
109676,2026-08-02,102,Anil,510,Bookshelf,Furniture,4,12000,5000,COMPLETED,Hyderabad,Telangana,NET_BANKING
109677,2026-08-24,103,Sita,502,Mouse,Electronics,1,1000,200,COMPLETED,Chennai,Tamil Nadu,COD
109678,2026-08-10,104,Kumar,505,Table,Furniture,2,10000,5000,COMPLETED,Bangalore,Karnataka,UPI
109679,2026-08-06,109,Sneha,505,Table,Furniture,3,10000,5000,CANCELLED,Delhi,Delhi,NET_BANKING
109680,2026-08-26,105,Priya,503,Chair,Furniture,2,8000,5000,COMPLETED,Mumbai,Maharashtra,NET_BANKING
109681,2026-08-19,104,Kumar,505,Table,Furniture,4,10000,100,COMPLETED,Bangalore,Karnataka,COD
109682,2026-08-31,109,Sneha,510,Bookshelf,Furniture,5,12000,200,COMPLETED,Delhi,Delhi,CARD
109683,2026-08-11,106,Ramesh,504,Keyboard,Electronics,1,3000,100,COMPLETED,Pune,Maharashtra,COD
109684,2026-08-21,108,Arjun,505,Table,Furniture,4,10000,0,COMPLETED,Hyderabad,Telangana,CARD
109685,2026-08-16,109,Sneha,505,Table,Furniture,1,10000,200,COMPLETED,Delhi,Delhi,UPI
109686,2026-08-29,106,Ramesh,509,Monitor,Electronics,4,20000,5000,CANCELLED,Pune,Maharashtra,NET_BANKING
109687,2026-08-06,103,Sita,503,Chair,Furniture,1,8000,100,CANCELLED,Chennai,Tamil Nadu,UPI
109688,2026-08-01,101,Ravi,505,Table,Furniture,2,10000,200,COMPLETED,Hyderabad,Telangana,NET_BANKING
109689,2026-08-07,103,Sita,501,Laptop,Electronics,2,60000,5000,COMPLETED,Chennai,Tamil Nadu,CARD
109690,2026-08-12,109,Sneha,505,Table,Furniture,2,10000,1000,COMPLETED,Delhi,Delhi,UPI
109691,2026-08-11,103,Sita,502,Mouse,Electronics,4,1000,200,COMPLETED,Chennai,Tamil Nadu,CARD
109692,2026-08-14,107,Lakshmi,507,Desk,Furniture,5,15000,500,COMPLETED,Chennai,Tamil Nadu,CARD
109693,2026-08-17,107,Lakshmi,506,Headphones,Electronics,4,5000,500,COMPLETED,Chennai,Tamil Nadu,UPI
109694,2026-08-16,110,Vikram,510,Bookshelf,Furniture,5,12000,1000,CANCELLED,Kolkata,West Bengal,UPI
109695,2026-08-10,104,Kumar,505,Table,Furniture,3,10000,1000,COMPLETED,Bangalore,Karnataka,CARD
109696,2026-08-16,110,Vikram,507,Desk,Furniture,4,15000,200,COMPLETED,Kolkata,West Bengal,NET_BANKING
109697,2026-08-28,110,Vikram,505,Table,Furniture,2,10000,200,COMPLETED,Kolkata,West Bengal,COD
109698,2026-08-31,102,Anil,507,Desk,Furniture,4,15000,2000,COMPLETED,Hyderabad,Telangana,CARD
109699,2026-08-26,105,Priya,503,Chair,Furniture,5,8000,0,COMPLETED,Mumbai,Maharashtra,UPI
109700,2026-08-09,102,Anil,506,Headphones,Electronics,1,5000,2000,COMPLETED,Hyderabad,Telangana,CARD
109701,2026-08-26,105,Priya,510,Bookshelf,Furniture,4,12000,5000,COMPLETED,Mumbai,Maharashtra,NET_BANKING
109702,2026-08-04,105,Priya,510,Bookshelf,Furniture,1,12000,500,COMPLETED,Mumbai,Maharashtra,COD
109703,2026-08-16,106,Ramesh,505,Table,Furniture,4,10000,1000,COMPLETED,Pune,Maharashtra,CARD
109704,2026-08-22,107,Lakshmi,508,Mobile,Electronics,3,25000,0,COMPLETED,Chennai,Tamil Nadu,NET_BANKING
109705,2026-08-04,104,Kumar,506,Headphones,Electronics,2,5000,200,COMPLETED,Bangalore,Karnataka,NET_BANKING
109706,2026-08-27,107,Lakshmi,503,Chair,Furniture,5,8000,200,COMPLETED,Chennai,Tamil Nadu,NET_BANKING
109707,2026-08-14,110,Vikram,506,Headphones,Electronics,3,5000,0,COMPLETED,Kolkata,West Bengal,CARD
109708,2026-08-28,103,Sita,504,Keyboard,Electronics,1,3000,500,COMPLETED,Chennai,Tamil Nadu,COD
109709,2026-08-19,101,Ravi,506,Headphones,Electronics,4,5000,5000,COMPLETED,Hyderabad,Telangana,NET_BANKING
109710,2026-08-06,107,Lakshmi,502,Mouse,Electronics,3,1000,200,COMPLETED,Chennai,Tamil Nadu,NET_BANKING
109711,2026-08-10,105,Priya,502,Mouse,Electronics,4,1000,5000,COMPLETED,Mumbai,Maharashtra,COD
109712,2026-08-17,110,Vikram,504,Keyboard,Electronics,5,3000,100,COMPLETED,Kolkata,West Bengal,CARD
109713,2026-08-26,110,Vikram,502,Mouse,Electronics,3,1000,200,COMPLETED,Kolkata,West Bengal,CARD
109714,2026-08-20,106,Ramesh,503,Chair,Furniture,1,8000,200,COMPLETED,Pune,Maharashtra,UPI
109715,2026-08-14,107,Lakshmi,509,Monitor,Electronics,4,20000,500,COMPLETED,Chennai,Tamil Nadu,COD
109716,2026-08-27,109,Sneha,507,Desk,Furniture,5,15000,5000,COMPLETED,Delhi,Delhi,CARD
109717,2026-08-03,101,Ravi,508,Mobile,Electronics,5,25000,0,COMPLETED,Hyderabad,Telangana,COD
109718,2026-08-09,110,Vikram,505,Table,Furniture,1,10000,100,COMPLETED,Kolkata,West Bengal,COD
109719,2026-08-23,102,Anil,509,Monitor,Electronics,4,20000,0,CANCELLED,Hyderabad,Telangana,UPI
109720,2026-08-24,106,Ramesh,504,Keyboard,Electronics,5,3000,5000,COMPLETED,Pune,Maharashtra,UPI
109721,2026-08-03,106,Ramesh,505,Table,Furniture,5,10000,0,COMPLETED,Pune,Maharashtra,NET_BANKING
109722,2026-08-21,110,Vikram,509,Monitor,Electronics,3,20000,0,COMPLETED,Kolkata,West Bengal,COD
109723,2026-08-13,105,Priya,503,Chair,Furniture,1,8000,500,COMPLETED,Mumbai,Maharashtra,CARD
109724,2026-08-01,108,Arjun,505,Table,Furniture,3,10000,1000,COMPLETED,Hyderabad,Telangana,CARD
109725,2026-08-22,103,Sita,509,Monitor,Electronics,3,20000,200,COMPLETED,Chennai,Tamil Nadu,COD
109726,2026-08-04,101,Ravi,509,Monitor,Electronics,1,20000,200,COMPLETED,Hyderabad,Telangana,COD
109727,2026-08-30,105,Priya,504,Keyboard,Electronics,1,3000,0,COMPLETED,Mumbai,Maharashtra,UPI
109728,2026-08-30,105,Priya,510,Bookshelf,Furniture,2,12000,500,COMPLETED,Mumbai,Maharashtra,UPI
109729,2026-08-18,102,Anil,503,Chair,Furniture,3,8000,500,CANCELLED,Hyderabad,Telangana,COD
109730,2026-08-25,103,Sita,507,Desk,Furniture,2,15000,0,COMPLETED,Chennai,Tamil Nadu,NET_BANKING
109731,2026-08-03,101,Ravi,509,Monitor,Electronics,1,20000,2000,COMPLETED,Hyderabad,Telangana,COD
109732,2026-08-30,101,Ravi,505,Table,Furniture,2,10000,1000,CANCELLED,Hyderabad,Telangana,COD
109733,2026-08-07,110,Vikram,501,Laptop,Electronics,3,60000,500,CANCELLED,Kolkata,West Bengal,UPI
109734,2026-08-05,107,Lakshmi,505,Table,Furniture,5,10000,100,COMPLETED,Chennai,Tamil Nadu,NET_BANKING
109735,2026-08-09,110,Vikram,509,Monitor,Electronics,5,20000,5000,COMPLETED,Kolkata,West Bengal,UPI
109736,2026-08-10,109,Sneha,507,Desk,Furniture,5,15000,500,COMPLETED,Delhi,Delhi,CARD
109737,2026-08-08,102,Anil,503,Chair,Furniture,3,8000,2000,COMPLETED,Hyderabad,Telangana,NET_BANKING
109738,2026-08-25,110,Vikram,504,Keyboard,Electronics,4,3000,0,CANCELLED,Kolkata,West Bengal,COD
109739,2026-08-05,103,Sita,508,Mobile,Electronics,2,25000,1000,COMPLETED,Chennai,Tamil Nadu,COD
109740,2026-08-13,105,Priya,504,Keyboard,Electronics,1,3000,0,COMPLETED,Mumbai,Maharashtra,COD
109741,2026-08-16,101,Ravi,506,Headphones,Electronics,1,5000,2000,COMPLETED,Hyderabad,Telangana,NET_BANKING
109742,2026-08-30,108,Arjun,506,Headphones,Electronics,3,5000,5000,COMPLETED,Hyderabad,Telangana,UPI
109743,2026-08-09,110,Vikram,507,Desk,Furniture,4,15000,0,COMPLETED,Kolkata,West Bengal,COD
109744,2026-08-09,110,Vikram,510,Bookshelf,Furniture,5,12000,200,COMPLETED,Kolkata,West Bengal,NET_BANKING
109745,2026-08-04,107,Lakshmi,501,Laptop,Electronics,4,60000,2000,COMPLETED,Chennai,Tamil Nadu,NET_BANKING
109746,2026-08-15,109,Sneha,507,Desk,Furniture,4,15000,1000,COMPLETED,Delhi,Delhi,CARD
109747,2026-08-15,105,Priya,510,Bookshelf,Furniture,3,12000,200,COMPLETED,Mumbai,Maharashtra,CARD
109748,2026-08-21,101,Ravi,504,Keyboard,Electronics,4,3000,0,COMPLETED,Hyderabad,Telangana,CARD
109749,2026-08-24,103,Sita,507,Desk,Furniture,1,15000,200,COMPLETED,Chennai,Tamil Nadu,COD
109750,2026-08-24,102,Anil,506,Headphones,Electronics,4,5000,500,COMPLETED,Hyderabad,Telangana,CARD
109751,2026-08-07,107,Lakshmi,509,Monitor,Electronics,4,20000,0,CANCELLED,Chennai,Tamil Nadu,CARD
109752,2026-08-15,108,Arjun,502,Mouse,Electronics,1,1000,2000,COMPLETED,Hyderabad,Telangana,UPI
109753,2026-08-31,108,Arjun,505,Table,Furniture,4,10000,0,CANCELLED,Hyderabad,Telangana,CARD
109754,2026-08-27,101,Ravi,505,Table,Furniture,4,10000,1000,COMPLETED,Hyderabad,Telangana,NET_BANKING
109755,2026-08-14,107,Lakshmi,506,Headphones,Electronics,4,5000,200,CANCELLED,Chennai,Tamil Nadu,COD
109756,2026-08-07,104,Kumar,507,Desk,Furniture,5,15000,0,COMPLETED,Bangalore,Karnataka,CARD
109757,2026-08-07,103,Sita,503,Chair,Furniture,1,8000,500,RETURNED,Chennai,Tamil Nadu,CARD
109758,2026-08-08,102,Anil,501,Laptop,Electronics,4,60000,100,COMPLETED,Hyderabad,Telangana,NET_BANKING
109759,2026-08-19,109,Sneha,508,Mobile,Electronics,2,25000,5000,CANCELLED,Delhi,Delhi,UPI
109760,2026-08-08,102,Anil,503,Chair,Furniture,2,8000,1000,RETURNED,Hyderabad,Telangana,COD
109761,2026-08-24,110,Vikram,504,Keyboard,Electronics,4,3000,5000,CANCELLED,Kolkata,West Bengal,NET_BANKING
109762,2026-08-03,110,Vikram,501,Laptop,Electronics,2,60000,100,COMPLETED,Kolkata,West Bengal,CARD
109763,2026-08-29,110,Vikram,503,Chair,Furniture,1,8000,0,COMPLETED,Kolkata,West Bengal,CARD
109764,2026-08-24,108,Arjun,501,Laptop,Electronics,3,60000,1000,COMPLETED,Hyderabad,Telangana,NET_BANKING
109765,2026-08-29,101,Ravi,509,Monitor,Electronics,3,20000,0,CANCELLED,Hyderabad,Telangana,COD
109766,2026-08-21,105,Priya,510,Bookshelf,Furniture,1,12000,0,COMPLETED,Mumbai,Maharashtra,CARD
109767,2026-08-07,109,Sneha,503,Chair,Furniture,4,8000,2000,RETURNED,Delhi,Delhi,NET_BANKING
109768,2026-08-18,110,Vikram,504,Keyboard,Electronics,2,3000,2000,COMPLETED,Kolkata,West Bengal,CARD
109769,2026-08-18,102,Anil,504,Keyboard,Electronics,1,3000,0,CANCELLED,Hyderabad,Telangana,CARD
109770,2026-08-07,104,Kumar,509,Monitor,Electronics,2,20000,2000,RETURNED,Bangalore,Karnataka,COD
109771,2026-08-03,104,Kumar,507,Desk,Furniture,3,15000,0,COMPLETED,Bangalore,Karnataka,COD
109772,2026-08-20,107,Lakshmi,502,Mouse,Electronics,3,1000,1000,COMPLETED,Chennai,Tamil Nadu,UPI
109773,2026-08-04,106,Ramesh,509,Monitor,Electronics,5,20000,0,COMPLETED,Pune,Maharashtra,UPI
109774,2026-08-23,101,Ravi,507,Desk,Furniture,5,15000,500,COMPLETED,Hyderabad,Telangana,CARD
109775,2026-08-06,110,Vikram,503,Chair,Furniture,2,8000,0,RETURNED,Kolkata,West Bengal,COD
109776,2026-08-23,109,Sneha,510,Bookshelf,Furniture,3,12000,200,COMPLETED,Delhi,Delhi,CARD
109777,2026-08-30,101,Ravi,502,Mouse,Electronics,1,1000,0,COMPLETED,Hyderabad,Telangana,COD
109778,2026-08-05,103,Sita,504,Keyboard,Electronics,2,3000,5000,COMPLETED,Chennai,Tamil Nadu,COD
109779,2026-08-26,109,Sneha,504,Keyboard,Electronics,1,3000,0,COMPLETED,Delhi,Delhi,NET_BANKING
109780,2026-08-01,105,Priya,502,Mouse,Electronics,5,1000,200,COMPLETED,Mumbai,Maharashtra,NET_BANKING
109781,2026-08-11,105,Priya,503,Chair,Furniture,2,8000,5000,COMPLETED,Mumbai,Maharashtra,CARD
109782,2026-08-25,105,Priya,510,Bookshelf,Furniture,3,12000,0,COMPLETED,Mumbai,Maharashtra,NET_BANKING
109783,2026-08-16,109,Sneha,505,Table,Furniture,4,10000,0,COMPLETED,Delhi,Delhi,CARD
109784,2026-08-17,110,Vikram,503,Chair,Furniture,2,8000,0,COMPLETED,Kolkata,West Bengal,UPI
109785,2026-08-30,106,Ramesh,508,Mobile,Electronics,1,25000,0,COMPLETED,Pune,Maharashtra,NET_BANKING
109786,2026-08-15,104,Kumar,510,Bookshelf,Furniture,5,12000,100,COMPLETED,Bangalore,Karnataka,NET_BANKING
109787,2026-08-22,102,Anil,501,Laptop,Electronics,2,60000,500,COMPLETED,Hyderabad,Telangana,NET_BANKING
109788,2026-08-20,101,Ravi,506,Headphones,Electronics,4,5000,200,COMPLETED,Hyderabad,Telangana,UPI
109789,2026-08-14,107,Lakshmi,503,Chair,Furniture,5,8000,500,COMPLETED,Chennai,Tamil Nadu,UPI
109790,2026-08-26,109,Sneha,508,Mobile,Electronics,4,25000,2000,CANCELLED,Delhi,Delhi,COD
109791,2026-08-30,102,Anil,508,Mobile,Electronics,4,25000,5000,CANCELLED,Hyderabad,Telangana,CARD
109792,2026-08-05,110,Vikram,507,Desk,Furniture,1,15000,500,COMPLETED,Kolkata,West Bengal,COD
109793,2026-08-21,106,Ramesh,509,Monitor,Electronics,1,20000,0,COMPLETED,Pune,Maharashtra,NET_BANKING
109794,2026-08-24,102,Anil,501,Laptop,Electronics,1,60000,100,COMPLETED,Hyderabad,Telangana,CARD
109795,2026-08-13,104,Kumar,501,Laptop,Electronics,3,60000,0,COMPLETED,Bangalore,Karnataka,COD
109796,2026-08-06,107,Lakshmi,509,Monitor,Electronics,3,20000,0,COMPLETED,Chennai,Tamil Nadu,CARD
109797,2026-08-01,109,Sneha,509,Monitor,Electronics,1,20000,500,COMPLETED,Delhi,Delhi,COD
109798,2026-08-09,101,Ravi,506,Headphones,Electronics,4,5000,0,COMPLETED,Hyderabad,Telangana,UPI
109799,2026-08-21,109,Sneha,505,Table,Furniture,5,10000,1000,COMPLETED,Delhi,Delhi,UPI
109800,2026-08-30,108,Arjun,501,Laptop,Electronics,3,60000,100,COMPLETED,Hyderabad,Telangana,NET_BANKING
109801,2026-08-27,108,Arjun,504,Keyboard,Electronics,1,3000,5000,COMPLETED,Hyderabad,Telangana,COD
109802,2026-08-13,106,Ramesh,503,Chair,Furniture,2,8000,100,COMPLETED,Pune,Maharashtra,NET_BANKING
109803,2026-08-08,105,Priya,502,Mouse,Electronics,2,1000,200,COMPLETED,Mumbai,Maharashtra,UPI
109804,2026-08-02,103,Sita,502,Mouse,Electronics,2,1000,5000,RETURNED,Chennai,Tamil Nadu,COD
109805,2026-08-05,101,Ravi,501,Laptop,Electronics,2,60000,200,COMPLETED,Hyderabad,Telangana,CARD
109806,2026-08-26,104,Kumar,506,Headphones,Electronics,1,5000,2000,COMPLETED,Bangalore,Karnataka,COD
109807,2026-08-24,105,Priya,502,Mouse,Electronics,3,1000,5000,COMPLETED,Mumbai,Maharashtra,CARD
109808,2026-08-13,103,Sita,509,Monitor,Electronics,1,20000,500,COMPLETED,Chennai,Tamil Nadu,COD
109809,2026-08-08,102,Anil,505,Table,Furniture,3,10000,500,COMPLETED,Hyderabad,Telangana,NET_BANKING
109810,2026-08-23,110,Vikram,502,Mouse,Electronics,5,1000,100,COMPLETED,Kolkata,West Bengal,NET_BANKING
109811,2026-08-24,106,Ramesh,508,Mobile,Electronics,3,25000,2000,COMPLETED,Pune,Maharashtra,NET_BANKING
109812,2026-08-08,104,Kumar,504,Keyboard,Electronics,1,3000,500,COMPLETED,Bangalore,Karnataka,CARD
109813,2026-08-18,101,Ravi,506,Headphones,Electronics,1,5000,0,COMPLETED,Hyderabad,Telangana,NET_BANKING
109814,2026-08-01,104,Kumar,506,Headphones,Electronics,4,5000,100,COMPLETED,Bangalore,Karnataka,CARD
109815,2026-08-22,106,Ramesh,509,Monitor,Electronics,1,20000,500,COMPLETED,Pune,Maharashtra,UPI
109816,2026-08-25,110,Vikram,505,Table,Furniture,2,10000,5000,COMPLETED,Kolkata,West Bengal,CARD
109817,2026-08-06,104,Kumar,502,Mouse,Electronics,5,1000,200,CANCELLED,Bangalore,Karnataka,COD
109818,2026-08-13,106,Ramesh,506,Headphones,Electronics,5,5000,1000,COMPLETED,Pune,Maharashtra,UPI
109819,2026-08-01,103,Sita,503,Chair,Furniture,5,8000,0,COMPLETED,Chennai,Tamil Nadu,CARD
109820,2026-08-25,109,Sneha,505,Table,Furniture,4,10000,100,COMPLETED,Delhi,Delhi,NET_BANKING
109821,2026-08-28,102,Anil,504,Keyboard,Electronics,2,3000,500,COMPLETED,Hyderabad,Telangana,NET_BANKING
109822,2026-08-07,102,Anil,509,Monitor,Electronics,3,20000,0,COMPLETED,Hyderabad,Telangana,COD
109823,2026-08-02,102,Anil,503,Chair,Furniture,1,8000,500,COMPLETED,Hyderabad,Telangana,COD
109824,2026-08-30,110,Vikram,509,Monitor,Electronics,2,20000,500,COMPLETED,Kolkata,West Bengal,UPI
109825,2026-08-26,108,Arjun,508,Mobile,Electronics,1,25000,2000,COMPLETED,Hyderabad,Telangana,UPI
109826,2026-08-18,102,Anil,501,Laptop,Electronics,2,60000,0,COMPLETED,Hyderabad,Telangana,CARD
109827,2026-08-24,105,Priya,510,Bookshelf,Furniture,5,12000,2000,COMPLETED,Mumbai,Maharashtra,CARD
109828,2026-08-12,102,Anil,506,Headphones,Electronics,2,5000,200,COMPLETED,Hyderabad,Telangana,COD
109829,2026-08-04,106,Ramesh,504,Keyboard,Electronics,4,3000,1000,COMPLETED,Pune,Maharashtra,COD
109830,2026-08-30,102,Anil,503,Chair,Furniture,2,8000,500,COMPLETED,Hyderabad,Telangana,UPI
109831,2026-08-11,101,Ravi,503,Chair,Furniture,5,8000,200,COMPLETED,Hyderabad,Telangana,NET_BANKING
109832,2026-08-18,109,Sneha,502,Mouse,Electronics,2,1000,1000,COMPLETED,Delhi,Delhi,UPI
109833,2026-08-18,103,Sita,503,Chair,Furniture,4,8000,500,COMPLETED,Chennai,Tamil Nadu,COD
109834,2026-08-23,106,Ramesh,508,Mobile,Electronics,5,25000,500,COMPLETED,Pune,Maharashtra,CARD
109835,2026-08-21,106,Ramesh,502,Mouse,Electronics,5,1000,0,CANCELLED,Pune,Maharashtra,CARD
109836,2026-08-06,107,Lakshmi,505,Table,Furniture,1,10000,500,COMPLETED,Chennai,Tamil Nadu,CARD
109837,2026-08-10,109,Sneha,509,Monitor,Electronics,1,20000,2000,CANCELLED,Delhi,Delhi,CARD
109838,2026-08-16,105,Priya,505,Table,Furniture,4,10000,100,COMPLETED,Mumbai,Maharashtra,COD
109839,2026-08-20,110,Vikram,504,Keyboard,Electronics,2,3000,0,COMPLETED,Kolkata,West Bengal,NET_BANKING
109840,2026-08-24,102,Anil,506,Headphones,Electronics,4,5000,0,COMPLETED,Hyderabad,Telangana,NET_BANKING
109841,2026-08-01,104,Kumar,504,Keyboard,Electronics,3,3000,200,COMPLETED,Bangalore,Karnataka,NET_BANKING
109842,2026-08-12,109,Sneha,502,Mouse,Electronics,5,1000,100,CANCELLED,Delhi,Delhi,COD
109843,2026-08-10,109,Sneha,508,Mobile,Electronics,3,25000,200,COMPLETED,Delhi,Delhi,COD
109844,2026-08-09,104,Kumar,502,Mouse,Electronics,1,1000,100,COMPLETED,Bangalore,Karnataka,UPI
109845,2026-08-02,104,Kumar,501,Laptop,Electronics,5,60000,0,CANCELLED,Bangalore,Karnataka,UPI
109846,2026-08-03,104,Kumar,510,Bookshelf,Furniture,1,12000,0,COMPLETED,Bangalore,Karnataka,NET_BANKING
109847,2026-08-12,101,Ravi,508,Mobile,Electronics,3,25000,5000,COMPLETED,Hyderabad,Telangana,COD
109848,2026-08-28,103,Sita,502,Mouse,Electronics,4,1000,200,COMPLETED,Chennai,Tamil Nadu,NET_BANKING
109849,2026-08-31,105,Priya,504,Keyboard,Electronics,1,3000,1000,COMPLETED,Mumbai,Maharashtra,NET_BANKING
109850,2026-08-11,105,Priya,508,Mobile,Electronics,3,25000,0,COMPLETED,Mumbai,Maharashtra,CARD
109851,2026-08-05,104,Kumar,509,Monitor,Electronics,5,20000,0,COMPLETED,Bangalore,Karnataka,UPI
109852,2026-08-21,104,Kumar,508,Mobile,Electronics,1,25000,1000,CANCELLED,Bangalore,Karnataka,UPI
109853,2026-08-26,108,Arjun,504,Keyboard,Electronics,2,3000,5000,COMPLETED,Hyderabad,Telangana,NET_BANKING
109854,2026-08-12,107,Lakshmi,504,Keyboard,Electronics,3,3000,500,COMPLETED,Chennai,Tamil Nadu,NET_BANKING
109855,2026-08-27,107,Lakshmi,509,Monitor,Electronics,4,20000,200,RETURNED,Chennai,Tamil Nadu,COD
109856,2026-08-07,103,Sita,501,Laptop,Electronics,2,60000,200,COMPLETED,Chennai,Tamil Nadu,CARD
109857,2026-08-16,103,Sita,503,Chair,Furniture,1,8000,500,COMPLETED,Chennai,Tamil Nadu,NET_BANKING
109858,2026-08-16,104,Kumar,503,Chair,Furniture,3,8000,0,COMPLETED,Bangalore,Karnataka,COD
109859,2026-08-18,106,Ramesh,506,Headphones,Electronics,3,5000,100,COMPLETED,Pune,Maharashtra,NET_BANKING
109860,2026-08-06,109,Sneha,501,Laptop,Electronics,2,60000,200,COMPLETED,Delhi,Delhi,UPI
109861,2026-08-17,109,Sneha,502,Mouse,Electronics,3,1000,500,CANCELLED,Delhi,Delhi,UPI
109862,2026-08-09,106,Ramesh,502,Mouse,Electronics,2,1000,100,COMPLETED,Pune,Maharashtra,CARD
109863,2026-08-29,108,Arjun,505,Table,Furniture,5,10000,0,COMPLETED,Hyderabad,Telangana,NET_BANKING
109864,2026-08-03,105,Priya,508,Mobile,Electronics,5,25000,0,CANCELLED,Mumbai,Maharashtra,CARD
109865,2026-08-25,103,Sita,505,Table,Furniture,1,10000,2000,COMPLETED,Chennai,Tamil Nadu,UPI
109866,2026-08-04,105,Priya,507,Desk,Furniture,2,15000,200,COMPLETED,Mumbai,Maharashtra,NET_BANKING
109867,2026-08-26,108,Arjun,504,Keyboard,Electronics,2,3000,5000,COMPLETED,Hyderabad,Telangana,CARD
109868,2026-08-12,106,Ramesh,506,Headphones,Electronics,4,5000,200,COMPLETED,Pune,Maharashtra,UPI
109869,2026-08-28,105,Priya,502,Mouse,Electronics,3,1000,5000,COMPLETED,Mumbai,Maharashtra,UPI
109870,2026-08-24,109,Sneha,501,Laptop,Electronics,4,60000,500,COMPLETED,Delhi,Delhi,CARD
109871,2026-08-20,103,Sita,504,Keyboard,Electronics,4,3000,2000,COMPLETED,Chennai,Tamil Nadu,CARD
109872,2026-08-23,109,Sneha,506,Headphones,Electronics,1,5000,500,COMPLETED,Delhi,Delhi,UPI
109873,2026-08-25,109,Sneha,503,Chair,Furniture,4,8000,500,COMPLETED,Delhi,Delhi,COD
109874,2026-08-14,105,Priya,506,Headphones,Electronics,3,5000,100,COMPLETED,Mumbai,Maharashtra,UPI
109875,2026-08-28,108,Arjun,507,Desk,Furniture,2,15000,200,COMPLETED,Hyderabad,Telangana,CARD
109876,2026-08-28,107,Lakshmi,505,Table,Furniture,2,10000,1000,RETURNED,Chennai,Tamil Nadu,CARD
109877,2026-08-06,108,Arjun,502,Mouse,Electronics,1,1000,500,COMPLETED,Hyderabad,Telangana,CARD
109878,2026-08-02,101,Ravi,508,Mobile,Electronics,1,25000,1000,COMPLETED,Hyderabad,Telangana,CARD
109879,2026-08-06,101,Ravi,505,Table,Furniture,5,10000,2000,COMPLETED,Hyderabad,Telangana,CARD
109880,2026-08-02,104,Kumar,502,Mouse,Electronics,2,1000,2000,COMPLETED,Bangalore,Karnataka,NET_BANKING
109881,2026-08-16,108,Arjun,505,Table,Furniture,3,10000,500,COMPLETED,Hyderabad,Telangana,CARD
109882,2026-08-16,107,Lakshmi,507,Desk,Furniture,2,15000,1000,COMPLETED,Chennai,Tamil Nadu,UPI
109883,2026-08-17,107,Lakshmi,501,Laptop,Electronics,2,60000,500,COMPLETED,Chennai,Tamil Nadu,CARD
109884,2026-08-15,109,Sneha,510,Bookshelf,Furniture,3,12000,0,COMPLETED,Delhi,Delhi,CARD
109885,2026-08-09,110,Vikram,504,Keyboard,Electronics,5,3000,2000,COMPLETED,Kolkata,West Bengal,COD
109886,2026-08-12,110,Vikram,504,Keyboard,Electronics,2,3000,1000,COMPLETED,Kolkata,West Bengal,CARD
109887,2026-08-10,102,Anil,506,Headphones,Electronics,2,5000,2000,COMPLETED,Hyderabad,Telangana,COD
109888,2026-08-31,108,Arjun,502,Mouse,Electronics,5,1000,100,COMPLETED,Hyderabad,Telangana,COD
109889,2026-08-07,101,Ravi,502,Mouse,Electronics,4,1000,0,COMPLETED,Hyderabad,Telangana,UPI
109890,2026-08-15,107,Lakshmi,507,Desk,Furniture,2,15000,100,COMPLETED,Chennai,Tamil Nadu,UPI
109891,2026-08-12,108,Arjun,508,Mobile,Electronics,5,25000,500,COMPLETED,Hyderabad,Telangana,NET_BANKING
109892,2026-08-16,105,Priya,508,Mobile,Electronics,2,25000,0,RETURNED,Mumbai,Maharashtra,NET_BANKING
109893,2026-08-29,106,Ramesh,504,Keyboard,Electronics,2,3000,5000,CANCELLED,Pune,Maharashtra,COD
109894,2026-08-20,110,Vikram,508,Mobile,Electronics,1,25000,2000,COMPLETED,Kolkata,West Bengal,COD
109895,2026-08-26,107,Lakshmi,503,Chair,Furniture,3,8000,200,COMPLETED,Chennai,Tamil Nadu,COD
109896,2026-08-08,101,Ravi,507,Desk,Furniture,1,15000,0,COMPLETED,Hyderabad,Telangana,CARD
109897,2026-08-21,104,Kumar,504,Keyboard,Electronics,5,3000,0,COMPLETED,Bangalore,Karnataka,COD
109898,2026-08-28,104,Kumar,506,Headphones,Electronics,4,5000,200,COMPLETED,Bangalore,Karnataka,CARD
109899,2026-08-17,102,Anil,502,Mouse,Electronics,4,1000,0,CANCELLED,Hyderabad,Telangana,COD
109900,2026-08-21,103,Sita,507,Desk,Furniture,5,15000,5000,COMPLETED,Chennai,Tamil Nadu,CARD
109901,2026-08-30,106,Ramesh,502,Mouse,Electronics,1,1000,1000,CANCELLED,Pune,Maharashtra,COD
109902,2026-08-10,104,Kumar,505,Table,Furniture,4,10000,1000,COMPLETED,Bangalore,Karnataka,UPI
109903,2026-08-15,110,Vikram,505,Table,Furniture,5,10000,500,COMPLETED,Kolkata,West Bengal,CARD
109904,2026-08-28,110,Vikram,504,Keyboard,Electronics,4,3000,0,COMPLETED,Kolkata,West Bengal,COD
109905,2026-08-31,103,Sita,510,Bookshelf,Furniture,1,12000,5000,COMPLETED,Chennai,Tamil Nadu,CARD
109906,2026-08-18,110,Vikram,507,Desk,Furniture,4,15000,200,COMPLETED,Kolkata,West Bengal,COD
109907,2026-08-27,108,Arjun,508,Mobile,Electronics,4,25000,200,COMPLETED,Hyderabad,Telangana,COD
109908,2026-08-28,107,Lakshmi,504,Keyboard,Electronics,3,3000,100,COMPLETED,Chennai,Tamil Nadu,CARD
109909,2026-08-01,107,Lakshmi,501,Laptop,Electronics,4,60000,1000,COMPLETED,Chennai,Tamil Nadu,UPI
109910,2026-08-21,105,Priya,501,Laptop,Electronics,5,60000,500,COMPLETED,Mumbai,Maharashtra,CARD
109911,2026-08-25,109,Sneha,504,Keyboard,Electronics,5,3000,0,COMPLETED,Delhi,Delhi,UPI
109912,2026-08-30,108,Arjun,506,Headphones,Electronics,2,5000,100,COMPLETED,Hyderabad,Telangana,COD
109913,2026-08-16,110,Vikram,501,Laptop,Electronics,4,60000,2000,COMPLETED,Kolkata,West Bengal,CARD
109914,2026-08-23,106,Ramesh,507,Desk,Furniture,1,15000,2000,COMPLETED,Pune,Maharashtra,NET_BANKING
109915,2026-08-18,101,Ravi,503,Chair,Furniture,1,8000,100,COMPLETED,Hyderabad,Telangana,UPI
109916,2026-08-29,103,Sita,503,Chair,Furniture,2,8000,500,COMPLETED,Chennai,Tamil Nadu,COD
109917,2026-08-23,107,Lakshmi,502,Mouse,Electronics,4,1000,1000,COMPLETED,Chennai,Tamil Nadu,COD
109918,2026-08-14,106,Ramesh,509,Monitor,Electronics,4,20000,2000,COMPLETED,Pune,Maharashtra,COD
109919,2026-08-27,106,Ramesh,508,Mobile,Electronics,1,25000,500,COMPLETED,Pune,Maharashtra,CARD
109920,2026-08-06,104,Kumar,510,Bookshelf,Furniture,2,12000,500,COMPLETED,Bangalore,Karnataka,UPI
109921,2026-08-29,103,Sita,507,Desk,Furniture,5,15000,0,COMPLETED,Chennai,Tamil Nadu,COD
109922,2026-08-18,105,Priya,510,Bookshelf,Furniture,3,12000,5000,COMPLETED,Mumbai,Maharashtra,NET_BANKING
109923,2026-08-07,103,Sita,508,Mobile,Electronics,3,25000,500,COMPLETED,Chennai,Tamil Nadu,COD
109924,2026-08-10,101,Ravi,506,Headphones,Electronics,4,5000,100,COMPLETED,Hyderabad,Telangana,CARD
109925,2026-08-28,107,Lakshmi,505,Table,Furniture,4,10000,1000,COMPLETED,Chennai,Tamil Nadu,COD
109926,2026-08-27,108,Arjun,510,Bookshelf,Furniture,3,12000,5000,COMPLETED,Hyderabad,Telangana,UPI
109927,2026-08-18,107,Lakshmi,507,Desk,Furniture,1,15000,5000,COMPLETED,Chennai,Tamil Nadu,UPI
109928,2026-08-30,101,Ravi,501,Laptop,Electronics,1,60000,5000,COMPLETED,Hyderabad,Telangana,COD
109929,2026-08-13,108,Arjun,507,Desk,Furniture,1,15000,0,COMPLETED,Hyderabad,Telangana,CARD
109930,2026-08-21,101,Ravi,501,Laptop,Electronics,2,60000,2000,COMPLETED,Hyderabad,Telangana,CARD
109931,2026-08-06,104,Kumar,509,Monitor,Electronics,2,20000,200,COMPLETED,Bangalore,Karnataka,NET_BANKING
109932,2026-08-01,103,Sita,503,Chair,Furniture,5,8000,500,COMPLETED,Chennai,Tamil Nadu,CARD
109933,2026-08-21,105,Priya,506,Headphones,Electronics,4,5000,100,COMPLETED,Mumbai,Maharashtra,UPI
109934,2026-08-06,103,Sita,501,Laptop,Electronics,3,60000,500,COMPLETED,Chennai,Tamil Nadu,UPI
109935,2026-08-04,110,Vikram,505,Table,Furniture,1,10000,200,COMPLETED,Kolkata,West Bengal,COD
109936,2026-08-12,106,Ramesh,505,Table,Furniture,2,10000,1000,CANCELLED,Pune,Maharashtra,NET_BANKING
109937,2026-08-25,102,Anil,508,Mobile,Electronics,4,25000,1000,COMPLETED,Hyderabad,Telangana,CARD
109938,2026-08-28,107,Lakshmi,505,Table,Furniture,5,10000,1000,COMPLETED,Chennai,Tamil Nadu,CARD
109939,2026-08-17,107,Lakshmi,503,Chair,Furniture,5,8000,5000,COMPLETED,Chennai,Tamil Nadu,COD
109940,2026-08-31,103,Sita,501,Laptop,Electronics,2,60000,0,COMPLETED,Chennai,Tamil Nadu,CARD
109941,2026-08-04,101,Ravi,507,Desk,Furniture,3,15000,200,COMPLETED,Hyderabad,Telangana,NET_BANKING
109942,2026-08-20,109,Sneha,510,Bookshelf,Furniture,3,12000,5000,COMPLETED,Delhi,Delhi,UPI
109943,2026-08-19,107,Lakshmi,510,Bookshelf,Furniture,5,12000,0,COMPLETED,Chennai,Tamil Nadu,CARD
109944,2026-08-03,104,Kumar,508,Mobile,Electronics,1,25000,500,COMPLETED,Bangalore,Karnataka,UPI
109945,2026-08-22,108,Arjun,502,Mouse,Electronics,1,1000,200,COMPLETED,Hyderabad,Telangana,COD
109946,2026-08-18,105,Priya,507,Desk,Furniture,5,15000,0,COMPLETED,Mumbai,Maharashtra,COD
109947,2026-08-18,109,Sneha,506,Headphones,Electronics,1,5000,200,COMPLETED,Delhi,Delhi,UPI
109948,2026-08-26,103,Sita,508,Mobile,Electronics,4,25000,0,COMPLETED,Chennai,Tamil Nadu,CARD
109949,2026-08-11,109,Sneha,508,Mobile,Electronics,1,25000,1000,COMPLETED,Delhi,Delhi,NET_BANKING
109950,2026-08-15,103,Sita,510,Bookshelf,Furniture,1,12000,200,COMPLETED,Chennai,Tamil Nadu,COD
109951,2026-08-08,108,Arjun,504,Keyboard,Electronics,5,3000,0,COMPLETED,Hyderabad,Telangana,NET_BANKING
109952,2026-08-22,102,Anil,505,Table,Furniture,2,10000,100,COMPLETED,Hyderabad,Telangana,COD
109953,2026-08-21,110,Vikram,505,Table,Furniture,3,10000,0,COMPLETED,Kolkata,West Bengal,NET_BANKING
109954,2026-08-27,103,Sita,504,Keyboard,Electronics,2,3000,0,COMPLETED,Chennai,Tamil Nadu,COD
109955,2026-08-13,106,Ramesh,509,Monitor,Electronics,2,20000,200,COMPLETED,Pune,Maharashtra,NET_BANKING
109956,2026-08-17,109,Sneha,508,Mobile,Electronics,1,25000,200,COMPLETED,Delhi,Delhi,CARD
109957,2026-08-29,102,Anil,502,Mouse,Electronics,3,1000,5000,COMPLETED,Hyderabad,Telangana,NET_BANKING
109958,2026-08-11,107,Lakshmi,508,Mobile,Electronics,4,25000,200,COMPLETED,Chennai,Tamil Nadu,NET_BANKING
109959,2026-08-04,102,Anil,505,Table,Furniture,3,10000,2000,COMPLETED,Hyderabad,Telangana,COD
109960,2026-08-06,104,Kumar,502,Mouse,Electronics,3,1000,200,COMPLETED,Bangalore,Karnataka,UPI
109961,2026-08-19,110,Vikram,508,Mobile,Electronics,2,25000,500,COMPLETED,Kolkata,West Bengal,COD
109962,2026-08-09,102,Anil,508,Mobile,Electronics,1,25000,200,COMPLETED,Hyderabad,Telangana,CARD
109963,2026-08-25,101,Ravi,501,Laptop,Electronics,3,60000,2000,COMPLETED,Hyderabad,Telangana,NET_BANKING
109964,2026-08-05,102,Anil,508,Mobile,Electronics,4,25000,200,COMPLETED,Hyderabad,Telangana,UPI
109965,2026-08-27,107,Lakshmi,510,Bookshelf,Furniture,4,12000,1000,COMPLETED,Chennai,Tamil Nadu,UPI
109966,2026-08-13,104,Kumar,503,Chair,Furniture,2,8000,0,CANCELLED,Bangalore,Karnataka,UPI
109967,2026-08-30,106,Ramesh,501,Laptop,Electronics,5,60000,100,COMPLETED,Pune,Maharashtra,CARD
109968,2026-08-05,101,Ravi,510,Bookshelf,Furniture,2,12000,0,RETURNED,Hyderabad,Telangana,CARD
109969,2026-08-01,104,Kumar,508,Mobile,Electronics,3,25000,1000,CANCELLED,Bangalore,Karnataka,UPI
109970,2026-08-14,104,Kumar,509,Monitor,Electronics,1,20000,5000,COMPLETED,Bangalore,Karnataka,NET_BANKING
109971,2026-08-14,104,Kumar,501,Laptop,Electronics,2,60000,5000,COMPLETED,Bangalore,Karnataka,NET_BANKING
109972,2026-08-05,106,Ramesh,502,Mouse,Electronics,5,1000,1000,COMPLETED,Pune,Maharashtra,COD
109973,2026-08-24,103,Sita,509,Monitor,Electronics,3,20000,1000,COMPLETED,Chennai,Tamil Nadu,COD
109974,2026-08-24,108,Arjun,510,Bookshelf,Furniture,2,12000,0,COMPLETED,Hyderabad,Telangana,UPI
109975,2026-08-17,103,Sita,508,Mobile,Electronics,4,25000,200,CANCELLED,Chennai,Tamil Nadu,NET_BANKING
109976,2026-08-27,109,Sneha,508,Mobile,Electronics,4,25000,1000,CANCELLED,Delhi,Delhi,COD
109977,2026-08-17,102,Anil,503,Chair,Furniture,1,8000,2000,COMPLETED,Hyderabad,Telangana,NET_BANKING
109978,2026-08-29,106,Ramesh,503,Chair,Furniture,1,8000,0,COMPLETED,Pune,Maharashtra,NET_BANKING
109979,2026-08-13,104,Kumar,502,Mouse,Electronics,1,1000,1000,COMPLETED,Bangalore,Karnataka,COD
109980,2026-08-22,108,Arjun,509,Monitor,Electronics,3,20000,5000,RETURNED,Hyderabad,Telangana,UPI
109981,2026-08-03,104,Kumar,505,Table,Furniture,1,10000,100,COMPLETED,Bangalore,Karnataka,CARD
109982,2026-08-03,109,Sneha,509,Monitor,Electronics,1,20000,500,COMPLETED,Delhi,Delhi,CARD
109983,2026-08-21,109,Sneha,506,Headphones,Electronics,2,5000,500,COMPLETED,Delhi,Delhi,COD
109984,2026-08-10,106,Ramesh,506,Headphones,Electronics,3,5000,0,COMPLETED,Pune,Maharashtra,NET_BANKING
109985,2026-08-18,106,Ramesh,505,Table,Furniture,5,10000,1000,COMPLETED,Pune,Maharashtra,UPI
109986,2026-08-02,107,Lakshmi,510,Bookshelf,Furniture,3,12000,200,COMPLETED,Chennai,Tamil Nadu,COD
109987,2026-08-18,109,Sneha,509,Monitor,Electronics,5,20000,500,COMPLETED,Delhi,Delhi,NET_BANKING
109988,2026-08-13,105,Priya,501,Laptop,Electronics,1,60000,100,COMPLETED,Mumbai,Maharashtra,UPI
109989,2026-08-20,110,Vikram,506,Headphones,Electronics,3,5000,0,COMPLETED,Kolkata,West Bengal,CARD
109990,2026-08-17,102,Anil,510,Bookshelf,Furniture,5,12000,0,COMPLETED,Hyderabad,Telangana,UPI
109991,2026-08-16,108,Arjun,508,Mobile,Electronics,2,25000,0,COMPLETED,Hyderabad,Telangana,UPI
109992,2026-08-01,106,Ramesh,504,Keyboard,Electronics,2,3000,200,COMPLETED,Pune,Maharashtra,CARD
109993,2026-08-15,107,Lakshmi,508,Mobile,Electronics,1,25000,1000,COMPLETED,Chennai,Tamil Nadu,COD
109994,2026-08-12,110,Vikram,503,Chair,Furniture,2,8000,500,COMPLETED,Kolkata,West Bengal,CARD
109995,2026-08-21,108,Arjun,510,Bookshelf,Furniture,1,12000,200,COMPLETED,Hyderabad,Telangana,NET_BANKING
109996,2026-08-05,104,Kumar,504,Keyboard,Electronics,3,3000,500,RETURNED,Bangalore,Karnataka,UPI
109997,2026-08-14,105,Priya,502,Mouse,Electronics,2,1000,5000,COMPLETED,Mumbai,Maharashtra,CARD
109998,2026-08-05,103,Sita,502,Mouse,Electronics,1,1000,0,RETURNED,Chennai,Tamil Nadu,NET_BANKING
109999,2026-08-10,105,Priya,505,Table,Furniture,5,10000,1000,COMPLETED,Mumbai,Maharashtra,CARD
110000,2026-08-23,105,Priya,507,Desk,Furniture,1,15000,0,CANCELLED,Mumbai,Maharashtra,UPI
